ID_ESTABLECIMIENTO,FECHA_PERIODO,PERIODO,COD_ESTAB,DESC_ESTAB,RIS,CAT_ESTAB,DESC_DIST,TOTAL_ATENCIONES,N_REGISTRADORES,N_UPS,ATENCIONES_TARDIAS,ATENCIONES_ULTIMOS_3_DIAS,ATENCIONES_DIA_CIERRE,FECHA_CIERRE,ATENCIONES_APP_1,ATENCIONES_APP_3,PCT_ATENCIONES_TARDIAS,PCT_ULTIMOS_3_DIAS,PCT_DIA_CIERRE,ATENCIONES_POR_REGISTRADOR,PCT_APP_1,PCT_APP_3,ANIO,MES,DIAS_HASTA_CIERRE,RIESGO_TARDANZA,TOTAL_ATENCIONES_LAG1,N_REGISTRADORES_LAG1,N_UPS_LAG1,ATENCIONES_POR_REGISTRADOR_LAG1,PCT_ATENCIONES_TARDIAS_LAG1,PCT_ULTIMOS_3_DIAS_LAG1,PCT_DIA_CIERRE_LAG1,PCT_APP_1_LAG1,PCT_ATENCIONES_TARDIAS_MA3,PCT_ULTIMOS_3_DIAS_MA3,TOTAL_ATENCIONES_MA3,RIESGO_TARDANZA_LAG1,MES_CAT
5611,2025-02-01,202502,5614,C.S. BAYOVAR,RIS 6,I-3,SAN JUAN DE LURIGANCHO,7617.0,3.0,14.0,249.0,1903.0,785.0,2025-03-04,6700.0,917.0,3.2690035447026387,24.983589339635028,10.305894709203098,2539.0,87.96113955625574,12.038860443744257,2025,2,4.0,0.0,7606.0,3.0,14.0,2535.3333333333335,0.7625558769392585,3.2342887194320276,0.5259006047856956,87.23376281882724,0.7625558769392585,3.2342887194320276,7606.0,0.0,02
5611,2025-03-01,202503,5614,C.S. BAYOVAR,RIS 6,I-3,SAN JUAN DE LURIGANCHO,7936.0,4.0,13.0,40.0,149.0,0.0,2025-04-05,7102.0,834.0,0.5040322580645161,1.8775201612903225,0.0,1984.0,89.49092741935483,10.509072580645162,2025,3,5.0,0.0,7617.0,3.0,14.0,2539.0,3.2690035447026387,24.983589339635028,10.305894709203098,87.96113955625574,2.0157797108209485,14.108939029533527,7611.5,0.0,03
5611,2025-04-01,202504,5614,C.S. BAYOVAR,RIS 6,I-3,SAN JUAN DE LURIGANCHO,8540.0,3.0,13.0,497.0,1502.0,1424.0,2025-05-05,7397.0,1143.0,5.819672131147541,17.587822014051522,16.67447306791569,2846.6666666666665,86.61592505854802,13.38407494145199,2025,4,5.0,0.0,7936.0,4.0,13.0,1984.0,0.5040322580645161,1.8775201612903225,0.0,89.49092741935483,1.511863893235471,10.031799406785792,7719.666666666667,0.0,04
5611,2025-05-01,202505,5614,C.S. BAYOVAR,RIS 6,I-3,SAN JUAN DE LURIGANCHO,9532.0,3.0,14.0,1337.0,1450.0,627.0,2025-06-04,7964.0,1568.0,14.026437263953001,15.211917750734369,6.577843054972724,3177.3333333333335,83.55014687368863,16.44985312631137,2025,5,4.0,1.0,8540.0,3.0,13.0,2846.6666666666665,5.819672131147541,17.587822014051522,16.67447306791569,86.61592505854802,3.1975693113048984,14.816310504992293,8031.0,0.0,05
5611,2025-06-01,202506,5614,C.S. BAYOVAR,RIS 6,I-3,SAN JUAN DE LURIGANCHO,8704.0,5.0,11.0,327.0,201.0,0.0,2025-07-05,7342.0,1362.0,3.756893382352941,2.309283088235294,0.0,1740.8,84.35202205882354,15.647977941176471,2025,6,5.0,0.0,9532.0,3.0,14.0,3177.3333333333335,14.026437263953001,15.211917750734369,6.577843054972724,83.55014687368863,6.783380551055019,11.559086642025406,8669.333333333334,1.0,06
5611,2025-07-01,202507,5614,C.S. BAYOVAR,RIS 6,I-3,SAN JUAN DE LURIGANCHO,6962.0,6.0,11.0,470.0,404.0,163.0,2025-08-04,5627.0,1335.0,6.75093363975869,5.802930192473427,2.3412812410226946,1160.3333333333333,80.82447572536627,19.175524274633727,2025,7,4.0,0.0,8704.0,5.0,11.0,1740.8,3.756893382352941,2.309283088235294,0.0,84.35202205882354,7.867667592484494,11.703007617673729,8925.333333333334,0.0,07
5611,2025-08-01,202508,5614,C.S. BAYOVAR,RIS 6,I-3,SAN JUAN DE LURIGANCHO,7694.0,5.0,14.0,259.0,808.0,52.0,2025-09-04,6617.0,1077.0,3.366259422926956,10.501689628281778,0.6758513127112036,1538.8,86.00207954250065,13.997920457499351,2025,8,4.0,0.0,6962.0,6.0,11.0,1160.3333333333333,6.75093363975869,5.802930192473427,2.3412812410226946,80.82447572536627,8.178088095354877,7.7747103438143625,8399.333333333334,0.0,08
5611,2025-09-01,202509,5614,C.S. BAYOVAR,RIS 6,I-3,SAN JUAN DE LURIGANCHO,10036.0,4.0,13.0,339.0,982.0,73.0,2025-10-04,8901.0,1135.0,3.3778397768035076,9.784774810681547,0.7273814268632921,2509.0,88.69071343164607,11.309286568353926,2025,9,4.0,0.0,7694.0,5.0,14.0,1538.8,3.366259422926956,10.501689628281778,0.6758513127112036,86.00207954250065,4.624695481679528,6.2046343029968325,7786.666666666667,0.0,09
5611,2025-10-01,202510,5614,C.S. BAYOVAR,RIS 6,I-3,SAN JUAN DE LURIGANCHO,7985.0,4.0,11.0,269.0,676.0,11.0,2025-11-04,7187.0,798.0,3.3688165309956166,8.465873512836568,0.13775829680651222,1996.25,90.00626174076393,9.993738259236068,2025,10,4.0,0.0,10036.0,4.0,13.0,2509.0,3.3778397768035076,9.784774810681547,0.7273814268632921,88.69071343164607,4.498344279829717,8.696464877145585,8230.666666666666,0.0,10
5611,2025-11-01,202511,5614,C.S. BAYOVAR,RIS 6,I-3,SAN JUAN DE LURIGANCHO,7892.0,2.0,12.0,32.0,306.0,1.0,2025-12-04,7136.0,756.0,0.40547389761784086,3.877344145970603,0.012671059300557527,3946.0,90.4206791687785,9.57932083122149,2025,11,4.0,0.0,7985.0,4.0,11.0,1996.25,3.3688165309956166,8.465873512836568,0.13775829680651222,90.00626174076393,3.370971910242026,9.584112650599964,8571.666666666666,0.0,11
5611,2025-12-01,202512,5614,C.S. BAYOVAR,RIS 6,I-3,SAN JUAN DE LURIGANCHO,7104.0,3.0,11.0,89.0,36.0,0.0,2026-01-05,6472.0,632.0,1.2528153153153154,0.5067567567567568,0.0,2368.0,91.1036036036036,8.896396396396396,2025,12,5.0,0.0,7892.0,2.0,12.0,3946.0,0.40547389761784086,3.877344145970603,0.012671059300557527,90.4206791687785,2.384043401805654,7.375997489829572,8637.666666666666,0.0,12
5611,2026-01-01,202601,5614,C.S. BAYOVAR,RIS 6,I-3,SAN JUAN DE LURIGANCHO,6137.0,3.0,11.0,34.0,38.0,0.0,2026-02-06,5489.0,648.0,0.554016620498615,0.6191950464396285,0.0,2045.6666666666667,89.44109499755581,10.558905002444192,2026,1,6.0,0.0,7104.0,3.0,11.0,2368.0,1.2528153153153154,0.5067567567567568,0.0,91.1036036036036,1.675701914642924,4.283324805187976,7660.333333333333,0.0,01
5611,2026-02-01,202602,5614,C.S. BAYOVAR,RIS 6,I-3,SAN JUAN DE LURIGANCHO,6451.0,3.0,11.0,112.0,546.0,37.0,2026-03-04,5573.0,878.0,1.7361649356688886,8.463804061385831,0.5735544876763292,2150.3333333333335,86.3897070221671,13.610292977832895,2026,2,4.0,0.0,6137.0,3.0,11.0,2045.6666666666667,0.554016620498615,0.6191950464396285,0.0,89.44109499755581,0.7374352778105898,1.667765316388996,7044.333333333333,0.0,02
5611,2026-03-01,202603,5614,C.S. BAYOVAR,RIS 6,I-3,SAN JUAN DE LURIGANCHO,8470.0,3.0,13.0,160.0,35.0,0.0,2026-04-05,7154.0,1316.0,1.8890200708382527,0.4132231404958678,0.0,2823.3333333333335,84.46280991735537,15.537190082644628,2026,3,5.0,0.0,6451.0,3.0,11.0,2150.3333333333335,1.7361649356688886,8.463804061385831,0.5735544876763292,86.3897070221671,1.180998957160939,3.196585288194072,6564.0,0.0,03
5611,2026-04-01,202604,5614,C.S. BAYOVAR,RIS 6,I-3,SAN JUAN DE LURIGANCHO,8917.0,2.0,13.0,227.0,28.0,0.0,2026-05-05,7763.0,1154.0,2.5456992261971516,0.3140069530111024,0.0,4458.5,87.05842772232813,12.941572277671863,2026,4,5.0,0.0,8470.0,3.0,13.0,2823.3333333333335,1.8890200708382527,0.4132231404958678,0.0,84.46280991735537,1.3930672090019183,3.1654074161071093,7019.333333333333,0.0,04
5611,2026-05-01,202605,5614,C.S. BAYOVAR,RIS 6,I-3,SAN JUAN DE LURIGANCHO,7972.0,4.0,13.0,30.0,225.0,3.0,2026-06-04,6373.0,1599.0,0.3763171098845961,2.8223783241344704,0.03763171098845961,1993.0,79.94229804315103,20.057701956848973,2026,5,4.0,0.0,8917.0,2.0,13.0,4458.5,2.5456992261971516,0.3140069530111024,0.0,87.05842772232813,2.0569614109014305,3.0636780516309337,7946.0,0.0,05
5611,2026-06-01,202606,5614,C.S. BAYOVAR,RIS 6,I-3,SAN JUAN DE LURIGANCHO,8406.0,5.0,12.0,35.0,30.0,0.0,2026-07-05,6698.0,1708.0,0.41636926005234354,0.35688793718772305,0.0,1681.2,79.68118010944563,20.318819890554366,2026,6,5.0,0.0,7972.0,4.0,13.0,1993.0,0.3763171098845961,2.8223783241344704,0.03763171098845961,79.94229804315103,1.6036788023066662,1.1832028058804802,8453.0,0.0,06
5611,2026-07-01,202607,5614,C.S. BAYOVAR,RIS 6,I-3,SAN JUAN DE LURIGANCHO,7963.0,3.0,12.0,130.0,41.0,18.0,2026-08-04,6709.0,1254.0,1.6325505462765288,0.5148813261333668,0.22604546025367322,2654.3333333333335,84.2521662689941,15.747833731005903,2026,7,4.0,0.0,8406.0,5.0,12.0,1681.2,0.41636926005234354,0.35688793718772305,0.0,79.68118010944563,1.1127951987113631,1.1644244047777652,8431.666666666666,0.0,07
5611,2026-08-01,202608,5614,C.S. BAYOVAR,RIS 6,I-3,SAN JUAN DE LURIGANCHO,7966.0,3.0,13.0,6.0,276.0,1.0,2026-09-04,6865.0,1101.0,0.07532011046949535,3.4647250815967863,0.012553351744915892,2655.3333333333335,86.17875972884761,13.821240271152398,2026,8,4.0,0.0,7963.0,3.0,12.0,2654.3333333333335,1.6325505462765288,0.5148813261333668,0.22604546025367322,84.2521662689941,0.8084123054044889,1.2313825291518534,8113.666666666667,0.0,08
5612,2025-02-01,202502,5615,C.S. SU SANTIDAD JUAN PABLO II,RIS 7,I-3,SAN JUAN DE LURIGANCHO,7393.0,4.0,12.0,381.0,1501.0,884.0,2025-03-04,6362.0,1031.0,5.15352360340863,20.302989314216152,11.95725686460165,1848.25,86.05437576085487,13.945624239145138,2025,2,4.0,0.0,6016.0,3.0,11.0,2005.3333333333333,9.857047872340425,28.29122340425532,10.605053191489361,89.12898936170212,9.857047872340425,28.29122340425532,6016.0,0.0,02
5612,2025-03-01,202503,5615,C.S. SU SANTIDAD JUAN PABLO II,RIS 7,I-3,SAN JUAN DE LURIGANCHO,7053.0,3.0,12.0,256.0,388.0,34.0,2025-04-05,5834.0,1219.0,3.6296611371047782,5.501205160924429,0.48206436977172834,2351.0,82.71657450730186,17.283425492698143,2025,3,5.0,0.0,7393.0,4.0,12.0,1848.25,5.15352360340863,20.302989314216152,11.95725686460165,86.05437576085487,7.5052857378745275,24.297106359235734,6704.5,0.0,03
5612,2025-04-01,202504,5615,C.S. SU SANTIDAD JUAN PABLO II,RIS 7,I-3,SAN JUAN DE LURIGANCHO,9078.0,5.0,12.0,293.0,1599.0,308.0,2025-05-05,7389.0,1689.0,3.2275831680987,17.61401189689359,3.3928178012778143,1815.6,81.39458030403172,18.605419695968276,2025,4,5.0,0.0,7053.0,3.0,12.0,2351.0,3.6296611371047782,5.501205160924429,0.48206436977172834,82.71657450730186,6.213410870951278,18.031805959798636,6820.666666666667,0.0,04
5612,2025-05-01,202505,5615,C.S. SU SANTIDAD JUAN PABLO II,RIS 7,I-3,SAN JUAN DE LURIGANCHO,11072.0,4.0,12.0,312.0,1223.0,145.0,2025-06-04,9070.0,2002.0,2.8179190751445087,11.045881502890174,1.3096098265895955,2768.0,81.91835260115607,18.08164739884393,2025,5,4.0,0.0,9078.0,5.0,12.0,1815.6,3.2275831680987,17.61401189689359,3.3928178012778143,81.39458030403172,4.003589302870703,14.472735457344724,7841.333333333333,0.0,05
5612,2025-06-01,202506,5615,C.S. SU SANTIDAD JUAN PABLO II,RIS 7,I-3,SAN JUAN DE LURIGANCHO,10585.0,4.0,14.0,185.0,1584.0,493.0,2025-07-05,8747.0,1838.0,1.747756258856873,14.964572508266414,4.657534246575342,2646.25,82.63580538497874,17.364194615021255,2025,6,5.0,0.0,11072.0,4.0,12.0,2768.0,2.8179190751445087,11.045881502890174,1.3096098265895955,81.91835260115607,3.2250544601159956,11.387032853569396,9067.666666666666,0.0,06
5612,2025-07-01,202507,5615,C.S. SU SANTIDAD JUAN PABLO II,RIS 7,I-3,SAN JUAN DE LURIGANCHO,10764.0,4.0,12.0,253.0,1327.0,330.0,2025-08-04,8817.0,1947.0,2.3504273504273505,12.328130806391677,3.0657748049052396,2691.0,81.91192865105909,18.088071348940915,2025,7,4.0,0.0,10585.0,4.0,14.0,2646.25,1.747756258856873,14.964572508266414,4.657534246575342,82.63580538497874,2.597752834033361,14.541488636016725,10245.0,0.0,07
5612,2025-08-01,202508,5615,C.S. SU SANTIDAD JUAN PABLO II,RIS 7,I-3,SAN JUAN DE LURIGANCHO,9859.0,4.0,12.0,96.0,1513.0,139.0,2025-09-04,8544.0,1315.0,0.9737295871792271,15.346384014605944,1.409879298103256,2464.75,86.66193325895121,13.338066741048788,2025,8,4.0,0.0,10764.0,4.0,12.0,2691.0,2.3504273504273505,12.328130806391677,3.0657748049052396,81.91192865105909,2.305367561476244,12.779528272516089,10807.0,0.0,08
5612,2025-09-01,202509,5615,C.S. SU SANTIDAD JUAN PABLO II,RIS 7,I-3,SAN JUAN DE LURIGANCHO,12295.0,3.0,14.0,201.0,1261.0,214.0,2025-10-04,10516.0,1779.0,1.6348108987393248,10.256201708011387,1.7405449369662465,4098.333333333333,85.53070353802359,14.469296461976413,2025,9,4.0,0.0,9859.0,4.0,12.0,2464.75,0.9737295871792271,15.346384014605944,1.409879298103256,86.66193325895121,1.6906377321544834,14.213029109754677,10402.666666666666,0.0,09
5612,2025-10-01,202510,5615,C.S. SU SANTIDAD JUAN PABLO II,RIS 7,I-3,SAN JUAN DE LURIGANCHO,11115.0,4.0,15.0,1412.0,2039.0,736.0,2025-11-04,9651.0,1464.0,12.703553756185336,18.344579397210975,6.621682411156096,2778.75,86.82860998650472,13.171390013495277,2025,10,4.0,1.0,12295.0,3.0,14.0,4098.333333333333,1.6348108987393248,10.256201708011387,1.7405449369662465,85.53070353802359,1.6529892787819673,12.643572176336335,10972.666666666666,0.0,10
5612,2025-11-01,202511,5615,C.S. SU SANTIDAD JUAN PABLO II,RIS 7,I-3,SAN JUAN DE LURIGANCHO,11179.0,3.0,12.0,641.0,959.0,17.0,2025-12-04,10333.0,846.0,5.733965470972359,8.57858484658735,0.15207084712407193,3726.3333333333335,92.4322390195903,7.567760980409696,2025,11,4.0,0.0,11115.0,4.0,15.0,2778.75,12.703553756185336,18.344579397210975,6.621682411156096,86.82860998650472,5.10403141403463,14.649055039942768,11089.666666666666,1.0,11
5612,2025-12-01,202512,5615,C.S. SU SANTIDAD JUAN PABLO II,RIS 7,I-3,SAN JUAN DE LURIGANCHO,8626.0,3.0,12.0,51.0,46.0,13.0,2026-01-05,7917.0,709.0,0.5912357987479713,0.5332715047530721,0.15070716438673776,2875.3333333333335,91.7806631115233,8.219336888476699,2025,12,5.0,0.0,11179.0,3.0,12.0,3726.3333333333335,5.733965470972359,8.57858484658735,0.15207084712407193,92.4322390195903,6.690776708632341,12.393121983936572,11529.666666666666,0.0,12
5612,2026-01-01,202601,5615,C.S. SU SANTIDAD JUAN PABLO II,RIS 7,I-3,SAN JUAN DE LURIGANCHO,8043.0,5.0,12.0,288.0,168.0,8.0,2026-02-06,8041.0,2.0,3.5807534502051475,2.088772845953003,0.09946537361680965,1608.6,99.9751336565958,0.024866343404202414,2026,1,6.0,0.0,8626.0,3.0,12.0,2875.3333333333335,0.5912357987479713,0.5332715047530721,0.15070716438673776,91.7806631115233,6.342918341968556,9.152145249517131,10306.666666666666,0.0,01
5612,2026-02-01,202602,5615,C.S. SU SANTIDAD JUAN PABLO II,RIS 7,I-3,SAN JUAN DE LURIGANCHO,6012.0,5.0,11.0,167.0,1001.0,160.0,2026-03-04,5984.0,28.0,2.7777777777777777,16.650033266799735,2.6613439787092483,1202.4,99.53426480372588,0.4657351962741184,2026,2,4.0,0.0,8043.0,5.0,12.0,1608.6,3.5807534502051475,2.088772845953003,0.09946537361680965,99.9751336565958,3.301984906641826,3.733543065764476,9282.666666666666,0.0,02
5612,2026-03-01,202603,5615,C.S. SU SANTIDAD JUAN PABLO II,RIS 7,I-3,SAN JUAN DE LURIGANCHO,6103.0,3.0,13.0,282.0,345.0,141.0,2026-04-05,6085.0,18.0,4.620678354907422,5.652957561854826,2.310339177453711,2034.3333333333333,99.70506308372931,0.2949369162706865,2026,3,5.0,0.0,6012.0,5.0,11.0,1202.4,2.7777777777777777,16.650033266799735,2.6613439787092483,99.53426480372588,2.316589008910299,6.424025872501939,7560.333333333333,0.0,03
5612,2026-04-01,202604,5615,C.S. SU SANTIDAD JUAN PABLO II,RIS 7,I-3,SAN JUAN DE LURIGANCHO,9555.0,3.0,12.0,355.0,1151.0,348.0,2026-05-05,9016.0,539.0,3.7153322867608582,12.046049188906332,3.642072213500785,3185.0,94.35897435897436,5.641025641025641,2026,4,5.0,0.0,6103.0,3.0,13.0,2034.3333333333333,4.620678354907422,5.652957561854826,2.310339177453711,99.70506308372931,3.659736527630116,8.130587891535855,6719.333333333333,0.0,04
5612,2026-05-01,202605,5615,C.S. SU SANTIDAD JUAN PABLO II,RIS 7,I-3,SAN JUAN DE LURIGANCHO,10605.0,5.0,13.0,191.0,1355.0,140.0,2026-06-04,8267.0,2338.0,1.801037246581801,12.776991984912778,1.3201320132013201,2121.0,77.95379537953795,22.046204620462046,2026,5,4.0,0.0,9555.0,3.0,12.0,3185.0,3.7153322867608582,12.046049188906332,3.642072213500785,94.35897435897436,3.704596139815353,11.449680005853631,7223.333333333333,0.0,05
5612,2026-06-01,202606,5615,C.S. SU SANTIDAD JUAN PABLO II,RIS 7,I-3,SAN JUAN DE LURIGANCHO,10501.0,6.0,13.0,250.0,1031.0,150.0,2026-07-05,8781.0,1720.0,2.38072564517665,9.818112560708505,1.4284353871059898,1750.1666666666667,83.62060756118466,16.37939243881535,2026,6,5.0,0.0,10605.0,5.0,13.0,2121.0,1.801037246581801,12.776991984912778,1.3201320132013201,77.95379537953795,3.3790159627500276,10.158666245224644,8754.333333333334,0.0,06
5612,2026-07-01,202607,5615,C.S. SU SANTIDAD JUAN PABLO II,RIS 7,I-3,SAN JUAN DE LURIGANCHO,10897.0,5.0,13.0,1294.0,1063.0,608.0,2026-08-04,9535.0,1362.0,11.874827934293842,9.754978434431495,5.579517298338993,2179.4,87.50114710470771,12.498852895292282,2026,7,4.0,1.0,10501.0,6.0,13.0,1750.1666666666667,2.38072564517665,9.818112560708505,1.4284353871059898,83.62060756118466,2.6323650595064367,11.547051244842537,10220.333333333334,0.0,07
5612,2026-08-01,202608,5615,C.S. SU SANTIDAD JUAN PABLO II,RIS 7,I-3,SAN JUAN DE LURIGANCHO,9872.0,3.0,13.0,451.0,1373.0,469.0,2026-09-04,8735.0,1137.0,4.568476499189627,13.908022690437601,4.7508103727714746,3290.6666666666665,88.48257698541329,11.51742301458671,2026,8,4.0,0.0,10897.0,5.0,13.0,2179.4,11.874827934293842,9.754978434431495,5.579517298338993,87.50114710470771,5.352196942017431,10.783360993350925,10667.666666666666,1.0,08
5613,2025-02-01,202502,5616,C.S. 10 DE OCTUBRE,RIS 7,I-3,SAN JUAN DE LURIGANCHO,6795.0,1.0,13.0,1413.0,879.0,423.0,2025-03-04,6357.0,438.0,20.794701986754966,12.93598233995585,6.225165562913907,6795.0,93.5540838852097,6.445916114790287,2025,2,4.0,1.0,6856.0,1.0,13.0,6856.0,5.1050175029171525,19.69078179696616,13.696032672112018,91.52567094515753,5.1050175029171525,19.69078179696616,6856.0,0.0,02
5613,2025-03-01,202503,5616,C.S. 10 DE OCTUBRE,RIS 7,I-3,SAN JUAN DE LURIGANCHO,7012.0,1.0,13.0,103.0,982.0,0.0,2025-04-05,6630.0,382.0,1.4689104392470052,14.004563605248146,0.0,7012.0,94.55219623502568,5.44780376497433,2025,3,5.0,0.0,6795.0,1.0,13.0,6795.0,20.794701986754966,12.93598233995585,6.225165562913907,93.5540838852097,12.94985974483606,16.313382068461003,6825.5,1.0,03
5613,2025-04-01,202504,5616,C.S. 10 DE OCTUBRE,RIS 7,I-3,SAN JUAN DE LURIGANCHO,7785.0,1.0,13.0,182.0,2044.0,806.0,2025-05-05,7001.0,784.0,2.337829158638407,26.255619781631342,10.353243416827231,7785.0,89.92935131663455,10.070648683365446,2025,4,5.0,0.0,7012.0,1.0,13.0,7012.0,1.4689104392470052,14.004563605248146,0.0,94.55219623502568,9.122876642973042,15.543775914056718,6887.666666666667,0.0,04
5613,2025-05-01,202505,5616,C.S. 10 DE OCTUBRE,RIS 7,I-3,SAN JUAN DE LURIGANCHO,8848.0,3.0,13.0,335.0,1830.0,1058.0,2025-06-04,7884.0,964.0,3.7861663652802893,20.682640144665463,11.95750452079566,2949.3333333333335,89.10488245931283,10.895117540687162,2025,5,4.0,0.0,7785.0,1.0,13.0,7785.0,2.337829158638407,26.255619781631342,10.353243416827231,89.92935131663455,8.20048052821346,17.732055242278445,7197.333333333333,0.0,05
5613,2025-06-01,202506,5616,C.S. 10 DE OCTUBRE,RIS 7,I-3,SAN JUAN DE LURIGANCHO,8723.0,3.0,13.0,163.0,1246.0,282.0,2025-07-05,7355.0,1368.0,1.86862318009859,14.284076579158546,3.2328327410294624,2907.6666666666665,84.31732202224005,15.682677977759944,2025,6,5.0,0.0,8848.0,3.0,13.0,2949.3333333333335,3.7861663652802893,20.682640144665463,11.95750452079566,89.10488245931283,2.5309686543885674,20.31427451051498,7881.666666666667,0.0,06
5613,2025-07-01,202507,5616,C.S. 10 DE OCTUBRE,RIS 7,I-3,SAN JUAN DE LURIGANCHO,7590.0,1.0,12.0,218.0,1603.0,622.0,2025-08-04,6749.0,841.0,2.8722002635046113,21.11989459815547,8.194993412384717,7590.0,88.91963109354414,11.080368906455863,2025,7,4.0,0.0,8723.0,3.0,13.0,2907.6666666666665,1.86862318009859,14.284076579158546,3.2328327410294624,84.31732202224005,2.6642062346724287,20.40744550181845,8452.0,0.0,07
5613,2025-08-01,202508,5616,C.S. 10 DE OCTUBRE,RIS 7,I-3,SAN JUAN DE LURIGANCHO,8554.0,2.0,13.0,1152.0,1510.0,284.0,2025-09-04,7518.0,1036.0,13.467383680149638,17.652560205751694,3.320084171148001,4277.0,87.88870703764321,12.111292962356792,2025,8,4.0,1.0,7590.0,1.0,12.0,7590.0,2.8722002635046113,21.11989459815547,8.194993412384717,88.91963109354414,2.842329936294497,18.69553710732649,8387.0,0.0,08
5613,2025-09-01,202509,5616,C.S. 10 DE OCTUBRE,RIS 7,I-3,SAN JUAN DE LURIGANCHO,10125.0,1.0,15.0,1323.0,1889.0,1141.0,2025-10-04,9392.0,733.0,13.066666666666666,18.65679012345679,11.269135802469135,10125.0,92.76049382716049,7.239506172839506,2025,9,4.0,1.0,8554.0,2.0,13.0,4277.0,13.467383680149638,17.652560205751694,3.320084171148001,87.88870703764321,6.069402374584279,17.685510461021902,8289.0,1.0,09
5613,2025-10-01,202510,5616,C.S. 10 DE OCTUBRE,RIS 7,I-3,SAN JUAN DE LURIGANCHO,7608.0,1.0,13.0,1326.0,1166.0,638.0,2025-11-04,7204.0,404.0,17.42902208201893,15.325972660357518,8.385909568874869,7608.0,94.68980021030494,5.310199789695058,2025,10,4.0,1.0,10125.0,1.0,15.0,10125.0,13.066666666666666,18.65679012345679,11.269135802469135,92.76049382716049,9.802083536773639,19.14308164245465,8756.333333333334,1.0,10
5613,2025-11-01,202511,5616,C.S. 10 DE OCTUBRE,RIS 7,I-3,SAN JUAN DE LURIGANCHO,7620.0,1.0,13.0,1253.0,567.0,89.0,2025-12-04,7194.0,426.0,16.443569553805773,7.440944881889764,1.167979002624672,7620.0,94.40944881889764,5.590551181102362,2025,11,4.0,1.0,7608.0,1.0,13.0,7608.0,17.42902208201893,15.325972660357518,8.385909568874869,94.68980021030494,14.654357476278411,17.211774329855334,8762.333333333334,1.0,11
5613,2025-12-01,202512,5616,C.S. 10 DE OCTUBRE,RIS 7,I-3,SAN JUAN DE LURIGANCHO,6412.0,1.0,12.0,1075.0,1012.0,859.0,2026-01-05,5965.0,447.0,16.7654398003743,15.782907049282596,13.396756082345602,6412.0,93.02869619463506,6.971303805364941,2025,12,5.0,1.0,7620.0,1.0,13.0,7620.0,16.443569553805773,7.440944881889764,1.167979002624672,94.40944881889764,15.64641943416379,13.80790255523469,8451.0,1.0,12
5613,2026-01-01,202601,5616,C.S. 10 DE OCTUBRE,RIS 7,I-3,SAN JUAN DE LURIGANCHO,8893.0,3.0,13.0,355.0,1353.0,445.0,2026-02-06,8394.0,499.0,3.99190374451816,15.21421342629034,5.003935679748117,2964.3333333333335,94.38884515911391,5.6111548408860905,2026,1,6.0,0.0,6412.0,1.0,12.0,6412.0,16.7654398003743,15.782907049282596,13.396756082345602,93.02869619463506,16.879343812066335,12.849941530509959,7213.333333333333,1.0,01
5613,2026-02-01,202602,5616,C.S. 10 DE OCTUBRE,RIS 7,I-3,SAN JUAN DE LURIGANCHO,9118.0,3.0,12.0,2225.0,1736.0,674.0,2026-03-04,8412.0,706.0,24.402281202017985,19.039262996271113,7.391971923667471,3039.3333333333335,92.25707391971923,7.742926080280763,2026,2,4.0,1.0,8893.0,3.0,13.0,2964.3333333333335,3.99190374451816,15.21421342629034,5.003935679748117,94.38884515911391,12.400304366232744,12.812688452487565,7641.666666666667,0.0,02
5613,2026-03-01,202603,5616,C.S. 10 DE OCTUBRE,RIS 7,I-3,SAN JUAN DE LURIGANCHO,9994.0,2.0,12.0,2688.0,614.0,151.0,2026-04-05,9052.0,942.0,26.896137682609567,6.1436862117270366,1.5109065439263558,4997.0,90.57434460676406,9.425655393235942,2026,3,5.0,1.0,9118.0,3.0,12.0,3039.3333333333335,24.402281202017985,19.039262996271113,7.391971923667471,92.25707391971923,15.053208248970149,16.67879449061468,8141.0,1.0,03
5613,2026-04-01,202604,5616,C.S. 10 DE OCTUBRE,RIS 7,I-3,SAN JUAN DE LURIGANCHO,9147.0,2.0,12.0,3577.0,804.0,645.0,2026-05-05,8103.0,1044.0,39.10571772165737,8.789767136766153,7.051492292554936,4573.5,88.58642177763201,11.41357822236799,2026,4,5.0,1.0,9994.0,2.0,12.0,4997.0,26.896137682609567,6.1436862117270366,1.5109065439263558,90.57434460676406,18.43010754304857,13.465720878096162,9335.0,1.0,04
5613,2026-05-01,202605,5616,C.S. 10 DE OCTUBRE,RIS 7,I-3,SAN JUAN DE LURIGANCHO,8180.0,3.0,12.0,1725.0,1911.0,809.0,2026-06-04,6898.0,1282.0,21.0880195599022,23.361858190709047,9.88997555012225,2726.6666666666665,84.32762836185819,15.67237163814181,2026,5,4.0,1.0,9147.0,2.0,12.0,4573.5,39.10571772165737,8.789767136766153,7.051492292554936,88.58642177763201,30.134712202094974,11.3242387815881,9419.666666666666,1.0,05
5613,2026-06-01,202606,5616,C.S. 10 DE OCTUBRE,RIS 7,I-3,SAN JUAN DE LURIGANCHO,7667.0,2.0,12.0,830.0,1575.0,0.0,2026-07-05,6795.0,872.0,10.82561627755315,20.542585104995435,0.0,3833.5,88.6265814529803,11.373418547019694,2026,6,5.0,1.0,8180.0,3.0,12.0,2726.6666666666665,21.0880195599022,23.361858190709047,9.88997555012225,84.32762836185819,29.02995832138971,12.765103846400747,9107.0,1.0,06
5613,2026-07-01,202607,5616,C.S. 10 DE OCTUBRE,RIS 7,I-3,SAN JUAN DE LURIGANCHO,7155.0,3.0,11.0,3143.0,552.0,92.0,2026-08-04,6289.0,866.0,43.92732354996506,7.714884696016772,1.2858141160027952,2385.0,87.89657582110412,12.103424178895876,2026,7,4.0,1.0,7667.0,2.0,12.0,3833.5,10.82561627755315,20.542585104995435,0.0,88.6265814529803,23.67311785303757,17.564736810823547,8331.333333333334,1.0,07
5613,2026-08-01,202608,5616,C.S. 10 DE OCTUBRE,RIS 7,I-3,SAN JUAN DE LURIGANCHO,6783.0,2.0,13.0,449.0,2100.0,454.0,2026-09-04,6125.0,658.0,6.619489901223647,30.959752321981423,6.693203597228365,3391.5,90.29927760577915,9.700722394220847,2026,8,4.0,0.0,7155.0,3.0,11.0,2385.0,43.92732354996506,7.714884696016772,1.2858141160027952,87.89657582110412,25.280319795806804,17.206442663907087,7667.333333333333,1.0,08
5615,2025-02-01,202502,5618,C.S. GANIMEDES,RIS 6,I-3,SAN JUAN DE LURIGANCHO,6085.0,4.0,14.0,793.0,574.0,354.0,2025-03-04,6079.0,6.0,13.032046014790469,9.433032046014791,5.817584223500411,1521.25,99.90139687756779,0.09860312243221035,2025,2,4.0,1.0,6000.0,4.0,13.0,1500.0,17.666666666666668,9.483333333333333,6.15,99.8,17.666666666666668,9.483333333333333,6000.0,1.0,02
5615,2025-03-01,202503,5618,C.S. GANIMEDES,RIS 6,I-3,SAN JUAN DE LURIGANCHO,7673.0,7.0,14.0,565.0,1225.0,165.0,2025-04-05,7624.0,49.0,7.363482340675095,15.965072331552197,2.1503974977192755,1096.142857142857,99.36139710673791,0.6386028932620879,2025,3,5.0,0.0,6085.0,4.0,14.0,1521.25,13.032046014790469,9.433032046014791,5.817584223500411,99.90139687756779,15.34935634072857,9.45818268967406,6042.5,1.0,03
5615,2025-04-01,202504,5618,C.S. GANIMEDES,RIS 6,I-3,SAN JUAN DE LURIGANCHO,8377.0,7.0,13.0,2230.0,1273.0,524.0,2025-05-05,7117.0,1260.0,26.620508535275157,15.196371015876805,6.255222633400979,1196.7142857142858,84.95881580518085,15.041184194819147,2025,4,5.0,1.0,7673.0,7.0,14.0,1096.142857142857,7.363482340675095,15.965072331552197,2.1503974977192755,99.36139710673791,12.687398340710743,11.62714590363344,6586.0,0.0,04
5615,2025-05-01,202505,5618,C.S. GANIMEDES,RIS 6,I-3,SAN JUAN DE LURIGANCHO,8481.0,7.0,13.0,1188.0,639.0,183.0,2025-06-04,7168.0,1313.0,14.007782101167315,7.534488857446056,2.157764414573753,1211.5714285714287,84.51833510199269,15.48166489800731,2025,5,4.0,1.0,8377.0,7.0,13.0,1196.7142857142858,26.620508535275157,15.196371015876805,6.255222633400979,84.95881580518085,15.672012296913573,13.531491797814596,7378.333333333333,1.0,05
5615,2025-06-01,202506,5618,C.S. GANIMEDES,RIS 6,I-3,SAN JUAN DE LURIGANCHO,8760.0,7.0,13.0,705.0,1064.0,234.0,2025-07-05,7567.0,1193.0,8.047945205479452,12.146118721461187,2.671232876712329,1251.4285714285713,86.38127853881278,13.618721461187215,2025,6,5.0,0.0,8481.0,7.0,13.0,1211.5714285714287,14.007782101167315,7.534488857446056,2.157764414573753,84.51833510199269,15.997257659039187,12.898644068291686,8177.0,1.0,06
5615,2025-07-01,202507,5618,C.S. GANIMEDES,RIS 6,I-3,SAN JUAN DE LURIGANCHO,6010.0,6.0,13.0,536.0,747.0,90.0,2025-08-04,5873.0,137.0,8.918469217970049,12.429284525790349,1.497504159733777,1001.6666666666666,97.72046589018302,2.279534109816972,2025,7,4.0,0.0,8760.0,7.0,13.0,1251.4285714285713,8.047945205479452,12.146118721461187,2.671232876712329,86.38127853881278,16.225411947307308,11.625659531594684,8539.333333333334,0.0,07
5615,2025-08-01,202508,5618,C.S. GANIMEDES,RIS 6,I-3,SAN JUAN DE LURIGANCHO,6007.0,6.0,13.0,932.0,792.0,258.0,2025-09-04,5795.0,212.0,15.51523222906609,13.18461794572998,4.294989179290828,1001.1666666666666,96.47078408523389,3.529215914766106,2025,8,4.0,1.0,6010.0,6.0,13.0,1001.6666666666666,8.918469217970049,12.429284525790349,1.497504159733777,97.72046589018302,10.324732174872272,10.703297368232532,7750.333333333333,0.0,08
5615,2025-09-01,202509,5618,C.S. GANIMEDES,RIS 6,I-3,SAN JUAN DE LURIGANCHO,8619.0,6.0,12.0,1673.0,854.0,222.0,2025-10-04,8445.0,174.0,19.410604478477783,9.908342035038867,2.575704838148277,1436.5,97.98120431604595,2.018795683954055,2025,9,4.0,1.0,6007.0,6.0,13.0,1001.1666666666666,15.51523222906609,13.18461794572998,4.294989179290828,96.47078408523389,10.82721555083853,12.586673730993837,6925.666666666667,1.0,09
5615,2025-10-01,202510,5618,C.S. GANIMEDES,RIS 6,I-3,SAN JUAN DE LURIGANCHO,6670.0,6.0,14.0,1714.0,826.0,570.0,2025-11-04,6667.0,3.0,25.697151424287856,12.383808095952023,8.545727136431784,1111.6666666666667,99.95502248875562,0.044977511244377814,2025,10,4.0,1.0,8619.0,6.0,12.0,1436.5,19.410604478477783,9.908342035038867,2.575704838148277,97.98120431604595,14.614768641837975,11.840748168853066,6878.666666666667,1.0,10
5615,2025-11-01,202511,5618,C.S. GANIMEDES,RIS 6,I-3,SAN JUAN DE LURIGANCHO,5812.0,8.0,12.0,1042.0,914.0,269.0,2025-12-04,5658.0,154.0,17.92842395044735,15.726083964211975,4.628355127322781,726.5,97.35030970406056,2.6496902959394357,2025,11,4.0,1.0,6670.0,6.0,14.0,1111.6666666666667,25.697151424287856,12.383808095952023,8.545727136431784,99.95502248875562,20.207662710610578,11.825589358906958,7098.666666666667,1.0,11
5615,2025-12-01,202512,5618,C.S. GANIMEDES,RIS 6,I-3,SAN JUAN DE LURIGANCHO,5366.0,4.0,12.0,1580.0,850.0,466.0,2026-01-05,5363.0,3.0,29.444651509504286,15.840477077897875,8.684308609765187,1341.5,99.94409243384271,0.05590756615728662,2025,12,5.0,1.0,5812.0,8.0,12.0,726.5,17.92842395044735,15.726083964211975,4.628355127322781,97.35030970406056,21.012059951070995,12.672744698400955,7033.666666666667,1.0,12
5615,2026-01-01,202601,5618,C.S. GANIMEDES,RIS 6,I-3,SAN JUAN DE LURIGANCHO,5649.0,4.0,14.0,37.0,606.0,192.0,2026-02-06,5643.0,6.0,0.6549831828642237,10.727562400424853,3.398831651619756,1412.25,99.89378651088688,0.10621348911311737,2026,1,6.0,0.0,5366.0,4.0,12.0,1341.5,29.444651509504286,15.840477077897875,8.684308609765187,99.94409243384271,24.356742294746496,14.650123046020624,5949.333333333333,1.0,01
5615,2026-02-01,202602,5618,C.S. GANIMEDES,RIS 6,I-3,SAN JUAN DE LURIGANCHO,5981.0,4.0,16.0,144.0,1451.0,178.0,2026-03-04,5949.0,32.0,2.4076241431198797,24.260157164353785,2.9760909546898513,1495.25,99.46497241264002,0.5350275873599732,2026,2,4.0,0.0,5649.0,4.0,14.0,1412.25,0.6549831828642237,10.727562400424853,3.398831651619756,99.89378651088688,16.00935288093862,14.098041147511568,5609.0,0.0,02
5615,2026-03-01,202603,5618,C.S. GANIMEDES,RIS 6,I-3,SAN JUAN DE LURIGANCHO,6748.0,3.0,14.0,594.0,563.0,0.0,2026-04-05,6747.0,1.0,8.802608180201542,8.343212803793717,0.0,2249.3333333333335,99.98518079430943,0.014819205690574985,2026,3,5.0,0.0,5981.0,4.0,16.0,1495.25,2.4076241431198797,24.260157164353785,2.9760909546898513,99.46497241264002,10.835752945162795,16.942732214225504,5665.333333333333,0.0,03
5615,2026-04-01,202604,5618,C.S. GANIMEDES,RIS 6,I-3,SAN JUAN DE LURIGANCHO,6605.0,4.0,14.0,166.0,1080.0,679.0,2026-05-05,5939.0,666.0,2.5132475397426193,16.35124905374716,10.280090840272521,1651.25,89.91672975018925,10.083270249810749,2026,4,5.0,0.0,6748.0,3.0,14.0,2249.3333333333335,8.802608180201542,8.343212803793717,0.0,99.98518079430943,3.955071835395215,14.443644122857455,6126.0,0.0,04
5615,2026-05-01,202605,5618,C.S. GANIMEDES,RIS 6,I-3,SAN JUAN DE LURIGANCHO,6794.0,6.0,14.0,891.0,1077.0,687.0,2026-06-04,5824.0,970.0,13.114512805416544,15.852222549308213,10.111863408890198,1132.3333333333333,85.72269649690904,14.277303503090963,2026,5,4.0,1.0,6605.0,4.0,14.0,1651.25,2.5132475397426193,16.35124905374716,10.280090840272521,89.91672975018925,4.574493287688014,16.318206340631555,6444.666666666667,0.0,05
5615,2026-06-01,202606,5618,C.S. GANIMEDES,RIS 6,I-3,SAN JUAN DE LURIGANCHO,7000.0,6.0,14.0,852.0,528.0,0.0,2026-07-05,5309.0,1691.0,12.17142857142857,7.542857142857143,0.0,1166.6666666666667,75.84285714285714,24.15714285714286,2026,6,5.0,1.0,6794.0,6.0,14.0,1132.3333333333333,13.114512805416544,15.852222549308213,10.111863408890198,85.72269649690904,8.143456175120235,13.515561468949699,6715.666666666667,1.0,06
5615,2026-07-01,202607,5618,C.S. GANIMEDES,RIS 6,I-3,SAN JUAN DE LURIGANCHO,8336.0,4.0,15.0,1585.0,432.0,79.0,2026-08-04,6560.0,1776.0,19.01391554702495,5.182341650671785,0.9476967370441459,2084.0,78.69481765834932,21.30518234165067,2026,7,4.0,1.0,7000.0,6.0,14.0,1166.6666666666667,12.17142857142857,7.542857142857143,0.0,75.84285714285714,9.266396305529243,13.248776248637505,6799.666666666667,1.0,07
5615,2026-08-01,202608,5618,C.S. GANIMEDES,RIS 6,I-3,SAN JUAN DE LURIGANCHO,6899.0,5.0,15.0,313.0,1330.0,484.0,2026-09-04,6086.0,813.0,4.536889404261487,19.27815625452964,7.015509494129584,1379.8,88.21568343238151,11.784316567618495,2026,8,4.0,0.0,8336.0,4.0,15.0,2084.0,19.01391554702495,5.182341650671785,0.9476967370441459,78.69481765834932,14.766618974623356,9.525807114279047,7376.666666666667,1.0,08
5616,2025-02-01,202502,5619,P.S. AYACUCHO,RIS 6,I-2,SAN JUAN DE LURIGANCHO,1848.0,4.0,11.0,16.0,11.0,0.0,2025-03-04,1728.0,120.0,0.8658008658008658,0.5952380952380952,0.0,462.0,93.50649350649351,6.4935064935064934,2025,2,4.0,0.0,2174.0,2.0,12.0,1087.0,0.36798528058877644,0.5519779208831647,0.36798528058877644,88.27046918123276,0.36798528058877644,0.5519779208831647,2174.0,0.0,02
5616,2025-03-01,202503,5619,P.S. AYACUCHO,RIS 6,I-2,SAN JUAN DE LURIGANCHO,2701.0,2.0,14.0,10.0,1.0,1.0,2025-04-05,2621.0,80.0,0.3702332469455757,0.037023324694557574,0.037023324694557574,1350.5,97.0381340244354,2.9618659755646055,2025,3,5.0,0.0,1848.0,4.0,11.0,462.0,0.8658008658008658,0.5952380952380952,0.0,93.50649350649351,0.6168930731948211,0.57360800806063,2011.0,0.0,03
5616,2025-04-01,202504,5619,P.S. AYACUCHO,RIS 6,I-2,SAN JUAN DE LURIGANCHO,2661.0,3.0,12.0,10.0,35.0,2.0,2025-05-05,2113.0,548.0,0.37579857196542654,1.3152950018789928,0.0751597143930853,887.0,79.40623825629463,20.593761743705375,2025,4,5.0,0.0,2701.0,2.0,14.0,1350.5,0.3702332469455757,0.037023324694557574,0.037023324694557574,97.0381340244354,0.5346731311117393,0.3947464469386058,2241.0,0.0,04
5616,2025-05-01,202505,5619,P.S. AYACUCHO,RIS 6,I-2,SAN JUAN DE LURIGANCHO,2986.0,2.0,11.0,24.0,186.0,125.0,2025-06-04,2370.0,616.0,0.8037508372404555,6.2290689886135295,4.186202277294039,1493.0,79.37039517749497,20.629604822505023,2025,5,4.0,0.0,2661.0,3.0,12.0,887.0,0.37579857196542654,1.3152950018789928,0.0751597143930853,79.40623825629463,0.5372775615706227,0.6491854739372153,2403.3333333333335,0.0,05
5616,2025-06-01,202506,5619,P.S. AYACUCHO,RIS 6,I-2,SAN JUAN DE LURIGANCHO,2432.0,2.0,10.0,14.0,16.0,0.0,2025-07-05,1920.0,512.0,0.5756578947368421,0.6578947368421053,0.0,1216.0,78.94736842105263,21.05263157894737,2025,6,5.0,0.0,2986.0,2.0,11.0,1493.0,0.8037508372404555,6.2290689886135295,4.186202277294039,79.37039517749497,0.5165942187171525,2.5271291050623597,2782.6666666666665,0.0,06
5616,2025-07-01,202507,5619,P.S. AYACUCHO,RIS 6,I-2,SAN JUAN DE LURIGANCHO,2203.0,3.0,11.0,16.0,0.0,0.0,2025-08-04,1746.0,457.0,0.7262823422605538,0.0,0.0,734.3333333333334,79.25556059918293,20.74443940081707,2025,7,4.0,0.0,2432.0,2.0,10.0,1216.0,0.5756578947368421,0.6578947368421053,0.0,78.94736842105263,0.5850691013142414,2.734086242444876,2693.0,0.0,07
5616,2025-08-01,202508,5619,P.S. AYACUCHO,RIS 6,I-2,SAN JUAN DE LURIGANCHO,2551.0,3.0,11.0,10.0,12.0,1.0,2025-09-04,2008.0,543.0,0.3920031360250882,0.47040376323010585,0.03920031360250882,850.3333333333334,78.71422971383771,21.28577028616229,2025,8,4.0,0.0,2203.0,3.0,11.0,734.3333333333334,0.7262823422605538,0.0,0.0,79.25556059918293,0.7018970247459505,2.2956545751518784,2540.3333333333335,0.0,08
5616,2025-09-01,202509,5619,P.S. AYACUCHO,RIS 6,I-2,SAN JUAN DE LURIGANCHO,3033.0,3.0,13.0,9.0,210.0,0.0,2025-10-04,2682.0,351.0,0.29673590504451036,6.923837784371909,0.0,1011.0,88.4272997032641,11.572700296735905,2025,9,4.0,0.0,2551.0,3.0,11.0,850.3333333333334,0.3920031360250882,0.47040376323010585,0.03920031360250882,78.71422971383771,0.5646477910074946,0.3760995000240707,2395.3333333333335,0.0,09
5616,2025-10-01,202510,5619,P.S. AYACUCHO,RIS 6,I-2,SAN JUAN DE LURIGANCHO,2303.0,3.0,12.0,8.0,217.0,0.0,2025-11-04,2039.0,264.0,0.34737299174989145,9.422492401215806,0.0,767.6666666666666,88.53669127225358,11.463308727746417,2025,10,4.0,0.0,3033.0,3.0,13.0,1011.0,0.29673590504451036,6.923837784371909,0.0,88.4272997032641,0.47167379444338414,2.4647471825340053,2595.6666666666665,0.0,10
5616,2025-11-01,202511,5619,P.S. AYACUCHO,RIS 6,I-2,SAN JUAN DE LURIGANCHO,2392.0,2.0,13.0,8.0,141.0,5.0,2025-12-04,2031.0,361.0,0.33444816053511706,5.894648829431438,0.20903010033444816,1196.0,84.90802675585284,15.091973244147157,2025,11,4.0,0.0,2303.0,3.0,12.0,767.6666666666666,0.34737299174989145,9.422492401215806,0.0,88.53669127225358,0.34537067760649665,5.605577982939273,2629.0,0.0,11
5616,2025-12-01,202512,5619,P.S. AYACUCHO,RIS 6,I-2,SAN JUAN DE LURIGANCHO,2281.0,2.0,13.0,14.0,4.0,0.0,2026-01-05,2004.0,277.0,0.6137658921525647,0.17536168347216133,0.0,1140.5,87.85620341955283,12.143796580447173,2025,12,5.0,0.0,2392.0,2.0,13.0,1196.0,0.33444816053511706,5.894648829431438,0.20903010033444816,84.90802675585284,0.32618568577650625,7.413659671673051,2576.0,0.0,12
5616,2026-01-01,202601,5619,P.S. AYACUCHO,RIS 6,I-2,SAN JUAN DE LURIGANCHO,2649.0,2.0,13.0,42.0,0.0,0.0,2026-02-06,2258.0,391.0,1.5855039637599093,0.0,0.0,1324.5,85.23971309928275,14.760286900717253,2026,1,6.0,0.0,2281.0,2.0,13.0,1140.5,0.6137658921525647,0.17536168347216133,0.0,87.85620341955283,0.4318623481458577,5.164167638039802,2325.3333333333335,0.0,01
5616,2026-02-01,202602,5619,P.S. AYACUCHO,RIS 6,I-2,SAN JUAN DE LURIGANCHO,2891.0,3.0,13.0,19.0,1841.0,576.0,2026-03-04,2476.0,415.0,0.6572120373573158,63.68038740920097,19.92390176409547,963.6666666666666,85.64510549982705,14.35489450017295,2026,2,4.0,0.0,2649.0,2.0,13.0,1324.5,1.5855039637599093,0.0,0.0,85.23971309928275,0.8445726721491971,2.0233368376345338,2440.6666666666665,0.0,02
5616,2026-03-01,202603,5619,P.S. AYACUCHO,RIS 6,I-2,SAN JUAN DE LURIGANCHO,3548.0,3.0,13.0,33.0,239.0,0.0,2026-04-05,3112.0,436.0,0.9301014656144306,6.736189402480271,0.0,1182.6666666666667,87.71138669673056,12.288613303269448,2026,3,5.0,0.0,2891.0,3.0,13.0,963.6666666666666,0.6572120373573158,63.68038740920097,19.92390176409547,85.64510549982705,0.9521606310899299,21.28524969755771,2607.0,0.0,03
5616,2026-04-01,202604,5619,P.S. AYACUCHO,RIS 6,I-2,SAN JUAN DE LURIGANCHO,2888.0,3.0,13.0,21.0,1172.0,331.0,2026-05-05,2311.0,577.0,0.7271468144044322,40.581717451523545,11.461218836565097,962.6666666666666,80.0207756232687,19.979224376731302,2026,4,5.0,0.0,3548.0,3.0,13.0,1182.6666666666667,0.9301014656144306,6.736189402480271,0.0,87.71138669673056,1.0576058222438853,23.472192270560413,3029.3333333333335,0.0,04
5616,2026-05-01,202605,5619,P.S. AYACUCHO,RIS 6,I-2,SAN JUAN DE LURIGANCHO,3059.0,5.0,12.0,33.0,1326.0,983.0,2026-06-04,2378.0,681.0,1.0787839163125204,43.347499182739455,32.13468453743053,611.8,77.73782281791435,22.262177182085647,2026,5,4.0,0.0,2888.0,3.0,13.0,962.6666666666666,0.7271468144044322,40.581717451523545,11.461218836565097,80.0207756232687,0.7714867724587262,36.99943142106826,3109.0,0.0,05
5616,2026-06-01,202606,5619,P.S. AYACUCHO,RIS 6,I-2,SAN JUAN DE LURIGANCHO,3525.0,5.0,14.0,17.0,1741.0,0.0,2026-07-05,2992.0,533.0,0.48226950354609927,49.39007092198582,0.0,705.0,84.87943262411348,15.120567375886525,2026,6,5.0,0.0,3059.0,5.0,12.0,611.8,1.0787839163125204,43.347499182739455,32.13468453743053,77.73782281791435,0.912010732110461,30.221802012247753,3165.0,0.0,06
5616,2026-07-01,202607,5619,P.S. AYACUCHO,RIS 6,I-2,SAN JUAN DE LURIGANCHO,2973.0,2.0,14.0,11.0,950.0,0.0,2026-08-04,2417.0,556.0,0.3699966363942146,31.954254961318533,0.0,1486.5,81.29835183316516,18.701648166834847,2026,7,4.0,0.0,3525.0,5.0,14.0,705.0,0.48226950354609927,49.39007092198582,0.0,84.87943262411348,0.7627334114210172,44.4397625187496,3157.3333333333335,0.0,07
5616,2026-08-01,202608,5619,P.S. AYACUCHO,RIS 6,I-2,SAN JUAN DE LURIGANCHO,3097.0,3.0,14.0,142.0,1384.0,526.0,2026-09-04,2649.0,448.0,4.585082337746206,44.68840813690668,16.98417823700355,1032.3333333333333,85.5343881175331,14.465611882466904,2026,8,4.0,0.0,2973.0,2.0,14.0,1486.5,0.3699966363942146,31.954254961318533,0.0,81.29835183316516,0.6436833520842781,41.56394168868127,3185.6666666666665,0.0,08
5617,2025-02-01,202502,5620,C.S. MEDALLA MILAGROSA,RIS 6,I-3,SAN JUAN DE LURIGANCHO,9048.0,4.0,19.0,175.0,582.0,0.0,2025-03-04,8258.0,790.0,1.934129089301503,6.43236074270557,0.0,2262.0,91.26878868258179,8.731211317418214,2025,2,4.0,0.0,9231.0,5.0,19.0,1846.2,1.7332900010833063,1.0508070631567543,0.6716498754197812,92.30852562019282,1.7332900010833063,1.0508070631567543,9231.0,0.0,02
5617,2025-03-01,202503,5620,C.S. MEDALLA MILAGROSA,RIS 6,I-3,SAN JUAN DE LURIGANCHO,9679.0,7.0,20.0,200.0,13.0,2.0,2025-04-05,8534.0,1145.0,2.0663291662361813,0.13431139580535179,0.020663291662361815,1382.7142857142858,88.17026552329786,11.82973447670214,2025,3,5.0,0.0,9048.0,4.0,19.0,2262.0,1.934129089301503,6.43236074270557,0.0,91.26878868258179,1.8337095451924048,3.741583902931162,9139.5,0.0,03
5617,2025-04-01,202504,5620,C.S. MEDALLA MILAGROSA,RIS 6,I-3,SAN JUAN DE LURIGANCHO,8560.0,5.0,21.0,134.0,573.0,0.0,2025-05-05,7367.0,1193.0,1.5654205607476634,6.69392523364486,0.0,1712.0,86.06308411214954,13.936915887850468,2025,4,5.0,0.0,9679.0,7.0,20.0,1382.7142857142858,2.0663291662361813,0.13431139580535179,0.020663291662361815,88.17026552329786,1.9112494188736635,2.539159733889225,9319.333333333334,0.0,04
5617,2025-05-01,202505,5620,C.S. MEDALLA MILAGROSA,RIS 6,I-3,SAN JUAN DE LURIGANCHO,9610.0,5.0,21.0,128.0,839.0,50.0,2025-06-04,7817.0,1793.0,1.331945889698231,8.730489073881374,0.5202913631633714,1922.0,81.3423517169615,18.6576482830385,2025,5,4.0,0.0,8560.0,5.0,21.0,1712.0,1.5654205607476634,6.69392523364486,0.0,86.06308411214954,1.8552929387617827,4.420199124051927,9095.666666666666,0.0,05
5617,2025-06-01,202506,5620,C.S. MEDALLA MILAGROSA,RIS 6,I-3,SAN JUAN DE LURIGANCHO,12349.0,4.0,21.0,134.0,13.0,0.0,2025-07-05,10179.0,2170.0,1.0851081059195076,0.10527168191756417,0.0,3087.25,82.42772694145275,17.57227305854725,2025,6,5.0,0.0,9610.0,5.0,21.0,1922.0,1.331945889698231,8.730489073881374,0.5202913631633714,81.3423517169615,1.6545652055606919,5.186241901110528,9283.0,0.0,06
5617,2025-07-01,202507,5620,C.S. MEDALLA MILAGROSA,RIS 6,I-3,SAN JUAN DE LURIGANCHO,11192.0,8.0,21.0,237.0,336.0,0.0,2025-08-04,9287.0,1905.0,2.1175839885632595,3.002144388849178,0.0,1399.0,82.97891350964974,17.02108649035025,2025,7,4.0,0.0,12349.0,4.0,21.0,3087.25,1.0851081059195076,0.10527168191756417,0.0,82.42772694145275,1.3274915187884673,5.176561996481266,10173.0,0.0,07
5617,2025-08-01,202508,5620,C.S. MEDALLA MILAGROSA,RIS 6,I-3,SAN JUAN DE LURIGANCHO,10042.0,6.0,20.0,230.0,282.0,4.0,2025-09-04,8584.0,1458.0,2.290380402310297,2.808205536745668,0.03983270264887473,1673.6666666666667,85.48097988448517,14.519020115514838,2025,8,4.0,0.0,11192.0,8.0,21.0,1399.0,2.1175839885632595,3.002144388849178,0.0,82.97891350964974,1.5115459947269994,3.9459683815493722,11050.333333333334,0.0,08
5617,2025-09-01,202509,5620,C.S. MEDALLA MILAGROSA,RIS 6,I-3,SAN JUAN DE LURIGANCHO,13175.0,5.0,21.0,165.0,1492.0,78.0,2025-10-04,11360.0,1815.0,1.252371916508539,11.324478178368121,0.5920303605313093,2635.0,86.22390891840607,13.776091081593927,2025,9,4.0,0.0,10042.0,6.0,20.0,1673.6666666666667,2.290380402310297,2.808205536745668,0.03983270264887473,85.48097988448517,1.831024165597688,1.9718738691708033,11194.333333333334,0.0,09
5617,2025-10-01,202510,5620,C.S. MEDALLA MILAGROSA,RIS 6,I-3,SAN JUAN DE LURIGANCHO,17631.0,6.0,20.0,1863.0,1117.0,779.0,2025-11-04,9974.0,7657.0,10.566615620214396,6.335431909704497,4.418354035505644,2938.5,56.57081277295672,43.42918722704328,2025,10,4.0,1.0,13175.0,5.0,21.0,2635.0,1.252371916508539,11.324478178368121,0.5920303605313093,86.22390891840607,1.8867787691273652,5.711609367987656,11469.666666666666,0.0,10
5617,2025-11-01,202511,5620,C.S. MEDALLA MILAGROSA,RIS 6,I-3,SAN JUAN DE LURIGANCHO,8954.0,4.0,20.0,1588.0,870.0,410.0,2025-12-04,8183.0,771.0,17.73509046236319,9.71632789814608,4.57895912441367,2238.5,91.38932320750503,8.610676792494974,2025,11,4.0,1.0,17631.0,6.0,20.0,2938.5,10.566615620214396,6.335431909704497,4.418354035505644,56.57081277295672,4.7031226463444105,6.822705208272762,13616.0,1.0,11
5617,2025-12-01,202512,5620,C.S. MEDALLA MILAGROSA,RIS 6,I-3,SAN JUAN DE LURIGANCHO,8521.0,3.0,20.0,19.0,0.0,0.0,2026-01-05,8097.0,424.0,0.2229785236474592,0.0,0.0,2840.3333333333335,95.02405820913039,4.975941790869617,2025,12,5.0,0.0,8954.0,4.0,20.0,2238.5,17.73509046236319,9.71632789814608,4.57895912441367,91.38932320750503,9.851359333028709,9.125412662072899,13253.333333333334,1.0,12
5617,2026-01-01,202601,5620,C.S. MEDALLA MILAGROSA,RIS 6,I-3,SAN JUAN DE LURIGANCHO,6947.0,3.0,19.0,72.0,0.0,0.0,2026-02-06,6834.0,113.0,1.0364185979559521,0.0,0.0,2315.6666666666665,98.37339858931914,1.6266014106808695,2026,1,6.0,0.0,8521.0,3.0,20.0,2840.3333333333335,0.2229785236474592,0.0,0.0,95.02405820913039,9.508228202075015,5.3505866026168585,11702.0,0.0,01
5617,2026-02-01,202602,5620,C.S. MEDALLA MILAGROSA,RIS 6,I-3,SAN JUAN DE LURIGANCHO,6819.0,3.0,19.0,125.0,1198.0,463.0,2026-03-04,6679.0,140.0,1.8331133597301656,17.56855843965391,6.789851884440534,2273.0,97.94691303710222,2.0530869628977855,2026,2,4.0,0.0,6947.0,3.0,19.0,2315.6666666666665,1.0364185979559521,0.0,0.0,98.37339858931914,6.3314958613222,3.2387759660486934,8140.666666666667,0.0,02
5617,2026-03-01,202603,5620,C.S. MEDALLA MILAGROSA,RIS 6,I-3,SAN JUAN DE LURIGANCHO,7497.0,3.0,19.0,37.0,900.0,0.0,2026-04-05,7390.0,107.0,0.49353074563158594,12.004801920768307,0.0,2499.0,98.57276243830866,1.4272375616913433,2026,3,5.0,0.0,6819.0,3.0,19.0,2273.0,1.8331133597301656,17.56855843965391,6.789851884440534,97.94691303710222,1.0308368271111925,5.856186146551303,7429.0,0.0,03
5617,2026-04-01,202604,5620,C.S. MEDALLA MILAGROSA,RIS 6,I-3,SAN JUAN DE LURIGANCHO,9674.0,3.0,18.0,1271.0,643.0,320.0,2026-05-05,8338.0,1336.0,13.13830886913376,6.646681827579078,3.3078354351870995,3224.6666666666665,86.18978705809386,13.81021294190614,2026,4,5.0,1.0,7497.0,3.0,19.0,2499.0,0.49353074563158594,12.004801920768307,0.0,98.57276243830866,1.1210209011059014,9.857786786807404,7087.666666666667,0.0,04
5617,2026-05-01,202605,5620,C.S. MEDALLA MILAGROSA,RIS 6,I-3,SAN JUAN DE LURIGANCHO,10092.0,4.0,19.0,776.0,403.0,0.0,2026-06-04,9390.0,702.0,7.689258818866429,3.993261989694808,0.0,2523.0,93.04399524375744,6.956004756242568,2026,5,4.0,0.0,9674.0,3.0,18.0,3224.6666666666665,13.13830886913376,6.646681827579078,3.3078354351870995,86.18978705809386,5.154984324831838,12.07334739600043,7996.666666666667,1.0,05
5617,2026-06-01,202606,5620,C.S. MEDALLA MILAGROSA,RIS 6,I-3,SAN JUAN DE LURIGANCHO,8900.0,4.0,17.0,237.0,9.0,0.0,2026-07-05,8355.0,545.0,2.662921348314607,0.10112359550561797,0.0,2225.0,93.87640449438203,6.123595505617978,2026,6,5.0,0.0,10092.0,4.0,19.0,2523.0,7.689258818866429,3.993261989694808,0.0,93.04399524375744,7.107032811210591,7.548248579347398,9087.666666666666,0.0,06
5617,2026-07-01,202607,5620,C.S. MEDALLA MILAGROSA,RIS 6,I-3,SAN JUAN DE LURIGANCHO,8299.0,2.0,18.0,7.0,553.0,0.0,2026-08-04,7985.0,314.0,0.08434751174840342,6.66345342812387,0.0,4149.5,96.21641161585734,3.783588384142668,2026,7,4.0,0.0,8900.0,4.0,17.0,2225.0,2.662921348314607,0.10112359550561797,0.0,93.87640449438203,7.830163012104932,3.5803558042598347,9555.333333333334,0.0,07
5617,2026-08-01,202608,5620,C.S. MEDALLA MILAGROSA,RIS 6,I-3,SAN JUAN DE LURIGANCHO,7788.0,3.0,18.0,134.0,61.0,61.0,2026-09-04,7555.0,233.0,1.7205957883923986,0.783256291730868,0.783256291730868,2596.0,97.00821777092963,2.9917822290703646,2026,8,4.0,0.0,8299.0,2.0,18.0,4149.5,0.08434751174840342,6.66345342812387,0.0,96.21641161585734,3.4788425596431463,3.585946337774766,9097.0,0.0,08
5618,2025-02-01,202502,5621,C.S. HUASCAR II,RIS 6,I-3,SAN JUAN DE LURIGANCHO,7652.0,2.0,16.0,1330.0,2714.0,1218.0,2025-03-04,7288.0,364.0,17.381076842655514,35.4678515420805,15.917407213800313,3826.0,95.2430737062206,4.756926293779404,2025,2,4.0,1.0,7546.0,2.0,16.0,3773.0,14.524251258945137,14.882056718791413,4.810495626822157,95.38828518420355,14.524251258945137,14.882056718791413,7546.0,1.0,02
5618,2025-03-01,202503,5621,C.S. HUASCAR II,RIS 6,I-3,SAN JUAN DE LURIGANCHO,9074.0,3.0,16.0,62.0,322.0,0.0,2025-04-05,8737.0,337.0,0.6832708838439497,3.5486003967379327,0.0,3024.6666666666665,96.28609213136434,3.7139078686356624,2025,3,5.0,0.0,7652.0,2.0,16.0,3826.0,17.381076842655514,35.4678515420805,15.917407213800313,95.2430737062206,15.952664050800326,25.174954130435957,7599.0,1.0,03
5618,2025-04-01,202504,5621,C.S. HUASCAR II,RIS 6,I-3,SAN JUAN DE LURIGANCHO,9287.0,5.0,16.0,74.0,2168.0,1095.0,2025-05-05,8414.0,873.0,0.796812749003984,23.344459997846453,11.790675137288684,1857.4,90.59976310972327,9.40023689027673,2025,4,5.0,0.0,9074.0,3.0,16.0,3024.6666666666665,0.6832708838439497,3.5486003967379327,0.0,96.28609213136434,10.862866328481532,17.966169552536616,8090.666666666667,0.0,04
5618,2025-05-01,202505,5621,C.S. HUASCAR II,RIS 6,I-3,SAN JUAN DE LURIGANCHO,9690.0,2.0,15.0,108.0,1361.0,328.0,2025-06-04,8446.0,1244.0,1.1145510835913313,14.045407636738906,3.384932920536636,4845.0,87.16202270381837,12.83797729618163,2025,5,4.0,0.0,9287.0,5.0,16.0,1857.4,0.796812749003984,23.344459997846453,11.790675137288684,90.59976310972327,6.287053491834482,20.786970645554963,8671.0,0.0,05
5618,2025-06-01,202506,5621,C.S. HUASCAR II,RIS 6,I-3,SAN JUAN DE LURIGANCHO,8839.0,4.0,15.0,52.0,1726.0,295.0,2025-07-05,8064.0,775.0,0.5883018441000113,19.527095825319606,3.3374816155673717,2209.75,91.23203982350945,8.767960176490552,2025,6,5.0,0.0,9690.0,2.0,15.0,4845.0,1.1145510835913313,14.045407636738906,3.384932920536636,87.16202270381837,0.8648782388130871,13.646156010441096,9350.333333333334,0.0,06
5618,2025-07-01,202507,5621,C.S. HUASCAR II,RIS 6,I-3,SAN JUAN DE LURIGANCHO,9272.0,5.0,15.0,1383.0,2014.0,1539.0,2025-08-04,7944.0,1328.0,14.915875754961174,21.721311475409838,16.598360655737704,1854.4,85.67730802415876,14.322691975841243,2025,7,4.0,1.0,8839.0,4.0,15.0,2209.75,0.5883018441000113,19.527095825319606,3.3374816155673717,91.23203982350945,0.8332218922317742,18.972321153301653,9272.0,0.0,07
5618,2025-08-01,202508,5621,C.S. HUASCAR II,RIS 6,I-3,SAN JUAN DE LURIGANCHO,8799.0,4.0,15.0,51.0,2174.0,953.0,2025-09-04,8052.0,747.0,0.5796113194681214,24.707353108307764,10.830776224570974,2199.75,91.51039890896693,8.489601091033071,2025,8,4.0,0.0,9272.0,5.0,15.0,1854.4,14.915875754961174,21.721311475409838,16.598360655737704,85.67730802415876,5.539576227550838,18.43127164582278,9267.0,1.0,08
5618,2025-09-01,202509,5621,C.S. HUASCAR II,RIS 6,I-3,SAN JUAN DE LURIGANCHO,10743.0,3.0,15.0,63.0,2376.0,1050.0,2025-10-04,10044.0,699.0,0.5864283719631388,22.116727171181235,9.773806199385646,3581.0,93.49343758726613,6.5065624127338735,2025,9,4.0,0.0,8799.0,4.0,15.0,2199.75,0.5796113194681214,24.707353108307764,10.830776224570974,91.51039890896693,5.361262972843101,21.98525346967907,8970.0,0.0,09
5618,2025-10-01,202510,5621,C.S. HUASCAR II,RIS 6,I-3,SAN JUAN DE LURIGANCHO,8695.0,3.0,15.0,1702.0,2176.0,1632.0,2025-11-04,7989.0,706.0,19.574468085106382,25.02587694077056,18.76940770557792,2898.3333333333335,91.8803910293272,8.1196089706728,2025,10,4.0,1.0,10743.0,3.0,15.0,3581.0,0.5864283719631388,22.116727171181235,9.773806199385646,93.49343758726613,5.36063848213081,22.848463918299615,9604.666666666666,0.0,10
5618,2025-11-01,202511,5621,C.S. HUASCAR II,RIS 6,I-3,SAN JUAN DE LURIGANCHO,7986.0,3.0,14.0,60.0,2939.0,1132.0,2025-12-04,7503.0,483.0,0.7513148009015778,36.80190333082895,14.1748059103431,2662.0,93.9519158527423,6.048084147257701,2025,11,4.0,0.0,8695.0,3.0,15.0,2898.3333333333335,19.574468085106382,25.02587694077056,18.76940770557792,91.8803910293272,6.913502592179213,23.94998574008652,9412.333333333334,1.0,11
5618,2025-12-01,202512,5621,C.S. HUASCAR II,RIS 6,I-3,SAN JUAN DE LURIGANCHO,7110.0,3.0,14.0,368.0,1567.0,780.0,2026-01-05,6640.0,470.0,5.175808720112518,22.039381153305204,10.970464135021096,2370.0,93.38959212376933,6.610407876230661,2025,12,5.0,0.0,7986.0,3.0,14.0,2662.0,0.7513148009015778,36.80190333082895,14.1748059103431,93.9519158527423,6.970737085990365,27.981502480926917,9141.333333333334,0.0,12
5618,2026-01-01,202601,5621,C.S. HUASCAR II,RIS 6,I-3,SAN JUAN DE LURIGANCHO,7587.0,3.0,14.0,146.0,1823.0,0.0,2026-02-06,6990.0,597.0,1.9243442730987215,24.027942533280612,0.0,2529.0,92.13127718465796,7.868722815342032,2026,1,6.0,0.0,7110.0,3.0,14.0,2370.0,5.175808720112518,22.039381153305204,10.970464135021096,93.38959212376933,8.50053053537349,27.955720474968235,7930.333333333333,0.0,01
5618,2026-02-01,202602,5621,C.S. HUASCAR II,RIS 6,I-3,SAN JUAN DE LURIGANCHO,7843.0,3.0,14.0,122.0,4217.0,1956.0,2026-03-04,7216.0,627.0,1.5555272217263802,53.76769093459136,24.9394364401377,2614.3333333333335,92.00561009817672,7.994389901823282,2026,2,4.0,0.0,7587.0,3.0,14.0,2529.0,1.9243442730987215,24.027942533280612,0.0,92.13127718465796,2.617155931370938,27.62307567247159,7561.0,0.0,02
5618,2026-03-01,202603,5621,C.S. HUASCAR II,RIS 6,I-3,SAN JUAN DE LURIGANCHO,8951.0,3.0,14.0,1296.0,2677.0,1541.0,2026-04-05,8233.0,718.0,14.478829181097083,29.90727293039884,17.21595352474584,2983.6666666666665,91.97854988269467,8.02145011730533,2026,3,5.0,1.0,7843.0,3.0,14.0,2614.3333333333335,1.5555272217263802,53.76769093459136,24.9394364401377,92.00561009817672,2.885226738312539,33.27833820705906,7513.333333333333,0.0,03
5618,2026-04-01,202604,5621,C.S. HUASCAR II,RIS 6,I-3,SAN JUAN DE LURIGANCHO,8954.0,3.0,14.0,1246.0,2772.0,997.0,2026-05-05,7839.0,1115.0,13.915568461023007,30.95823095823096,11.13468840741568,2984.6666666666665,87.54746482019209,12.452535179807906,2026,4,5.0,1.0,8951.0,3.0,14.0,2983.6666666666665,14.478829181097083,29.90727293039884,17.21595352474584,91.97854988269467,5.986233558640727,35.9009687994236,8127.0,1.0,04
5618,2026-05-01,202605,5621,C.S. HUASCAR II,RIS 6,I-3,SAN JUAN DE LURIGANCHO,8050.0,2.0,14.0,828.0,2236.0,1204.0,2026-06-04,6965.0,1085.0,10.285714285714286,27.77639751552795,14.956521739130435,4025.0,86.52173913043478,13.478260869565217,2026,5,4.0,1.0,8954.0,3.0,14.0,2984.6666666666665,13.915568461023007,30.95823095823096,11.13468840741568,87.54746482019209,9.983308287948821,38.211064941073715,8582.666666666666,1.0,05
5618,2026-06-01,202606,5621,C.S. HUASCAR II,RIS 6,I-3,SAN JUAN DE LURIGANCHO,9005.0,5.0,15.0,1393.0,1965.0,212.0,2026-07-05,8125.0,880.0,15.46918378678512,21.821210438645195,2.354247640199889,1801.0,90.22765130483064,9.77234869516935,2026,6,5.0,1.0,8050.0,2.0,14.0,4025.0,10.285714285714286,27.77639751552795,14.956521739130435,86.52173913043478,12.893370642611458,29.547300468052583,8651.666666666666,1.0,06
5618,2026-07-01,202607,5621,C.S. HUASCAR II,RIS 6,I-3,SAN JUAN DE LURIGANCHO,8039.0,4.0,15.0,1334.0,2294.0,1164.0,2026-08-04,7103.0,936.0,16.594103744246798,28.535887548202513,14.479412862296305,2009.75,88.35676079114317,11.643239208856823,2026,7,4.0,1.0,9005.0,5.0,15.0,1801.0,15.46918378678512,21.821210438645195,2.354247640199889,90.22765130483064,13.22348884450747,26.851946304134703,8669.666666666666,1.0,07
5618,2026-08-01,202608,5621,C.S. HUASCAR II,RIS 6,I-3,SAN JUAN DE LURIGANCHO,8678.0,4.0,15.0,1.0,833.0,16.0,2026-09-04,7556.0,1122.0,0.011523392486748099,9.598985941461166,0.18437427978796958,2169.5,87.07075362986863,12.929246370131366,2026,8,4.0,0.0,8039.0,4.0,15.0,2009.75,16.594103744246798,28.535887548202513,14.479412862296305,88.35676079114317,14.116333938915401,26.04449850079189,8364.666666666666,1.0,08
5619,2025-02-01,202502,5622,C.S. HUASCAR XV,RIS 6,I-3,SAN JUAN DE LURIGANCHO,6090.0,4.0,15.0,2507.0,1290.0,760.0,2025-03-04,5225.0,865.0,41.16584564860427,21.182266009852217,12.479474548440066,1522.5,85.79638752052546,14.203612479474549,2025,2,4.0,1.0,7162.0,4.0,18.0,1790.5,47.486735548729406,13.404077073443172,9.857581681094667,87.39179000279252,47.486735548729406,13.404077073443172,7162.0,1.0,02
5619,2025-03-01,202503,5622,C.S. HUASCAR XV,RIS 6,I-3,SAN JUAN DE LURIGANCHO,6436.0,3.0,15.0,2556.0,447.0,163.0,2025-04-05,5691.0,745.0,39.71410814170292,6.945307644499689,2.5326289620882534,2145.3333333333335,88.42448725916718,11.575512740832815,2025,3,5.0,1.0,6090.0,4.0,15.0,1522.5,41.16584564860427,21.182266009852217,12.479474548440066,85.79638752052546,44.32629059866684,17.293171541647695,6626.0,1.0,03
5619,2025-04-01,202504,5622,C.S. HUASCAR XV,RIS 6,I-3,SAN JUAN DE LURIGANCHO,7417.0,6.0,15.0,1442.0,726.0,53.0,2025-05-05,5588.0,1829.0,19.441822839422947,9.788324120264258,0.7145746258595119,1236.1666666666667,75.34043413779156,24.65956586220844,2025,4,5.0,1.0,6436.0,3.0,15.0,2145.3333333333335,39.71410814170292,6.945307644499689,2.5326289620882534,88.42448725916718,42.78889644634554,13.843883575931693,6562.666666666667,1.0,04
5619,2025-05-01,202505,5622,C.S. HUASCAR XV,RIS 6,I-3,SAN JUAN DE LURIGANCHO,8536.0,5.0,15.0,1310.0,680.0,128.0,2025-06-04,5025.0,3511.0,15.346766635426428,7.966260543580131,1.499531396438613,1707.2,58.86832239925023,41.13167760074977,2025,5,4.0,1.0,7417.0,6.0,15.0,1236.1666666666667,19.441822839422947,9.788324120264258,0.7145746258595119,75.34043413779156,33.44059220991005,12.638632591538721,6647.666666666667,1.0,05
5619,2025-06-01,202506,5622,C.S. HUASCAR XV,RIS 6,I-3,SAN JUAN DE LURIGANCHO,8700.0,5.0,14.0,2334.0,1278.0,166.0,2025-07-05,6497.0,2203.0,26.82758620689655,14.689655172413794,1.9080459770114941,1740.0,74.67816091954023,25.32183908045977,2025,6,5.0,1.0,8536.0,5.0,15.0,1707.2,15.346766635426428,7.966260543580131,1.499531396438613,58.86832239925023,24.834232538850767,8.233297436114693,7463.0,1.0,06
5619,2025-07-01,202507,5622,C.S. HUASCAR XV,RIS 6,I-3,SAN JUAN DE LURIGANCHO,7590.0,5.0,16.0,1516.0,2235.0,1235.0,2025-08-04,6108.0,1482.0,19.97364953886693,29.446640316205535,16.27140974967062,1518.0,80.47430830039525,19.525691699604742,2025,7,4.0,1.0,8700.0,5.0,14.0,1740.0,26.82758620689655,14.689655172413794,1.9080459770114941,74.67816091954023,20.538725227248644,10.814746612086061,8217.666666666666,1.0,07
5619,2025-08-01,202508,5622,C.S. HUASCAR XV,RIS 6,I-3,SAN JUAN DE LURIGANCHO,6804.0,3.0,15.0,3129.0,1044.0,524.0,2025-09-04,5678.0,1126.0,45.98765432098765,15.343915343915343,7.70135214579659,2268.0,83.45091122868901,16.549088771310995,2025,8,4.0,1.0,7590.0,5.0,16.0,1518.0,19.97364953886693,29.446640316205535,16.27140974967062,80.47430830039525,20.71600079372997,17.36751867739982,8275.333333333334,1.0,08
5619,2025-09-01,202509,5622,C.S. HUASCAR XV,RIS 6,I-3,SAN JUAN DE LURIGANCHO,9669.0,4.0,16.0,3558.0,493.0,182.0,2025-10-04,7595.0,2074.0,36.798014272417,5.098769262591788,1.8823042713827696,2417.25,78.55000517116558,21.44999482883442,2025,9,4.0,1.0,6804.0,3.0,15.0,2268.0,45.98765432098765,15.343915343915343,7.70135214579659,83.45091122868901,30.92963002225038,19.826736944178226,7698.0,1.0,09
5619,2025-10-01,202510,5622,C.S. HUASCAR XV,RIS 6,I-3,SAN JUAN DE LURIGANCHO,8307.0,5.0,18.0,2249.0,1541.0,841.0,2025-11-04,6396.0,1911.0,27.073552425665103,18.550619959070662,10.123991814132658,1661.4,76.99530516431925,23.004694835680752,2025,10,4.0,1.0,9669.0,4.0,16.0,2417.25,36.798014272417,5.098769262591788,1.8823042713827696,78.55000517116558,34.25310604409052,16.629774974237556,8021.0,1.0,10
5619,2025-11-01,202511,5622,C.S. HUASCAR XV,RIS 6,I-3,SAN JUAN DE LURIGANCHO,5683.0,5.0,14.0,2113.0,665.0,118.0,2025-12-04,4573.0,1110.0,37.18106633820165,11.701566074256554,2.07636811543199,1136.6,80.46806264297027,19.531937357029737,2025,11,4.0,1.0,8307.0,5.0,18.0,1661.4,27.073552425665103,18.550619959070662,10.123991814132658,76.99530516431925,36.61974033968992,12.997768188525932,8260.0,1.0,11
5619,2025-12-01,202512,5622,C.S. HUASCAR XV,RIS 6,I-3,SAN JUAN DE LURIGANCHO,5300.0,2.0,15.0,2453.0,1504.0,477.0,2026-01-05,4192.0,1108.0,46.283018867924525,28.37735849056604,9.0,2650.0,79.09433962264151,20.90566037735849,2025,12,5.0,1.0,5683.0,5.0,14.0,1136.6,37.18106633820165,11.701566074256554,2.07636811543199,80.46806264297027,33.684211012094586,11.783651765306336,7886.333333333333,1.0,12
5619,2026-01-01,202601,5622,C.S. HUASCAR XV,RIS 6,I-3,SAN JUAN DE LURIGANCHO,5906.0,4.0,15.0,881.0,1336.0,237.0,2026-02-06,4626.0,1280.0,14.91703352522858,22.621063325431763,4.0128682695563835,1476.5,78.32712495767016,21.672875042329835,2026,1,6.0,1.0,5300.0,2.0,15.0,2650.0,46.283018867924525,28.37735849056604,9.0,79.09433962264151,36.84587921059709,19.54318150796442,6430.0,1.0,01
5619,2026-02-01,202602,5622,C.S. HUASCAR XV,RIS 6,I-3,SAN JUAN DE LURIGANCHO,6325.0,5.0,16.0,923.0,1238.0,279.0,2026-03-04,5206.0,1119.0,14.59288537549407,19.57312252964427,4.41106719367589,1265.0,82.30830039525692,17.691699604743082,2026,2,4.0,1.0,5906.0,4.0,15.0,1476.5,14.91703352522858,22.621063325431763,4.0128682695563835,78.32712495767016,32.79370624378492,20.89999596341812,5629.666666666667,1.0,02
5619,2026-03-01,202603,5622,C.S. HUASCAR XV,RIS 6,I-3,SAN JUAN DE LURIGANCHO,6344.0,4.0,18.0,407.0,235.0,17.0,2026-04-05,5720.0,624.0,6.415510718789407,3.7042875157629256,0.26796973518284994,1586.0,90.1639344262295,9.836065573770492,2026,3,5.0,0.0,6325.0,5.0,16.0,1265.0,14.59288537549407,19.57312252964427,4.41106719367589,82.30830039525692,25.26431258954906,23.523848115214022,5843.666666666667,1.0,03
5619,2026-04-01,202604,5622,C.S. HUASCAR XV,RIS 6,I-3,SAN JUAN DE LURIGANCHO,5803.0,4.0,15.0,946.0,703.0,322.0,2026-05-05,4774.0,1029.0,16.301912803722214,12.114423574013442,5.548854041013269,1450.75,82.26779252110977,17.732207478890228,2026,4,5.0,1.0,6344.0,4.0,18.0,1586.0,6.415510718789407,3.7042875157629256,0.26796973518284994,90.1639344262295,11.97514320650402,15.299491123612986,6191.666666666667,0.0,04
5619,2026-05-01,202605,5622,C.S. HUASCAR XV,RIS 6,I-3,SAN JUAN DE LURIGANCHO,6274.0,5.0,15.0,406.0,854.0,257.0,2026-06-04,4738.0,1536.0,6.471150781000956,13.611730953139942,4.09627032196366,1254.8,75.51801083838062,24.48198916161938,2026,5,4.0,0.0,5803.0,4.0,15.0,1450.75,16.301912803722214,12.114423574013442,5.548854041013269,82.26779252110977,12.436769632668563,11.797277873140212,6157.333333333333,1.0,05
5619,2026-06-01,202606,5622,C.S. HUASCAR XV,RIS 6,I-3,SAN JUAN DE LURIGANCHO,7015.0,4.0,17.0,889.0,605.0,94.0,2026-07-05,5523.0,1492.0,12.672843905915894,8.624376336421953,1.3399857448325019,1753.75,78.73129009265858,21.26870990734141,2026,6,5.0,1.0,6274.0,5.0,15.0,1254.8,6.471150781000956,13.611730953139942,4.09627032196366,75.51801083838062,9.729524767837525,9.81014734763877,6140.333333333333,0.0,06
5619,2026-07-01,202607,5622,C.S. HUASCAR XV,RIS 6,I-3,SAN JUAN DE LURIGANCHO,6621.0,5.0,17.0,315.0,510.0,117.0,2026-08-04,5110.0,1511.0,4.7575894879927505,7.702763932940643,1.7671046669687358,1324.2,77.17867391632684,22.82132608367316,2026,7,4.0,0.0,7015.0,4.0,17.0,1753.75,12.672843905915894,8.624376336421953,1.3399857448325019,78.73129009265858,11.815302496879688,11.450176954525112,6364.0,1.0,07
5619,2026-08-01,202608,5622,C.S. HUASCAR XV,RIS 6,I-3,SAN JUAN DE LURIGANCHO,7604.0,5.0,15.0,1111.0,810.0,360.0,2026-09-04,5791.0,1813.0,14.610731194108364,10.652288269331931,4.734350341925302,1520.8,76.1572856391373,23.842714360862704,2026,8,4.0,1.0,6621.0,5.0,17.0,1324.2,4.7575894879927505,7.702763932940643,1.7671046669687358,77.17867391632684,7.967194724969867,9.97962374083418,6636.666666666667,0.0,08
5620,2025-02-01,202502,5623,P.S. PROYECTOS ESPECIALES,RIS 6,I-2,SAN JUAN DE LURIGANCHO,4453.0,4.0,12.0,38.0,6.0,0.0,2025-03-04,3684.0,769.0,0.8533572872220975,0.13474062429822592,0.0,1113.25,82.73074331911072,17.26925668088929,2025,2,4.0,0.0,4495.0,4.0,13.0,1123.75,0.7563959955506118,3.6262513904338154,0.04449388209121246,86.8075639599555,0.7563959955506118,3.6262513904338154,4495.0,0.0,02
5620,2025-03-01,202503,5623,P.S. PROYECTOS ESPECIALES,RIS 6,I-2,SAN JUAN DE LURIGANCHO,4255.0,4.0,13.0,66.0,1.0,0.0,2025-04-05,3688.0,567.0,1.5511163337250293,0.023501762632197415,0.0,1063.75,86.67450058754406,13.325499412455935,2025,3,5.0,0.0,4453.0,4.0,12.0,1113.25,0.8533572872220975,0.13474062429822592,0.0,82.73074331911072,0.8048766413863546,1.8804960073660206,4474.0,0.0,03
5620,2025-04-01,202504,5623,P.S. PROYECTOS ESPECIALES,RIS 6,I-2,SAN JUAN DE LURIGANCHO,4684.0,4.0,14.0,119.0,2.0,0.0,2025-05-05,3835.0,849.0,2.5405636208368914,0.04269854824935952,0.0,1171.0,81.87446626814689,18.125533731853118,2025,4,5.0,0.0,4255.0,4.0,13.0,1063.75,1.5511163337250293,0.023501762632197415,0.0,86.67450058754406,1.0536232054992463,1.2614979257880796,4401.0,0.0,04
5620,2025-05-01,202505,5623,P.S. PROYECTOS ESPECIALES,RIS 6,I-2,SAN JUAN DE LURIGANCHO,5144.0,4.0,13.0,52.0,90.0,0.0,2025-06-04,3897.0,1247.0,1.010886469673406,1.7496111975116642,0.0,1286.0,75.75816485225505,24.241835147744947,2025,5,4.0,0.0,4684.0,4.0,14.0,1171.0,2.5405636208368914,0.04269854824935952,0.0,81.87446626814689,1.6483457472613392,0.06698031172659429,4464.0,0.0,05
5620,2025-06-01,202506,5623,P.S. PROYECTOS ESPECIALES,RIS 6,I-2,SAN JUAN DE LURIGANCHO,5012.0,4.0,15.0,58.0,9.0,0.0,2025-07-05,3671.0,1341.0,1.157222665602554,0.17956903431763768,0.0,1253.0,73.24421388667199,26.755786113328014,2025,6,5.0,0.0,5144.0,4.0,13.0,1286.0,1.010886469673406,1.7496111975116642,0.0,75.75816485225505,1.7008554747451088,0.6052705027977404,4694.333333333333,0.0,06
5620,2025-07-01,202507,5623,P.S. PROYECTOS ESPECIALES,RIS 6,I-2,SAN JUAN DE LURIGANCHO,4470.0,4.0,14.0,36.0,21.0,5.0,2025-08-04,3575.0,895.0,0.8053691275167785,0.4697986577181208,0.11185682326621924,1117.5,79.97762863534676,20.022371364653242,2025,7,4.0,0.0,5012.0,4.0,15.0,1253.0,1.157222665602554,0.17956903431763768,0.0,73.24421388667199,1.5695575853709505,0.6572929266928872,4946.666666666667,0.0,07
5620,2025-08-01,202508,5623,P.S. PROYECTOS ESPECIALES,RIS 6,I-2,SAN JUAN DE LURIGANCHO,4175.0,5.0,13.0,21.0,0.0,0.0,2025-09-04,3132.0,1043.0,0.5029940119760479,0.0,0.0,835.0,75.01796407185628,24.982035928143713,2025,8,4.0,0.0,4470.0,4.0,14.0,1117.5,0.8053691275167785,0.4697986577181208,0.11185682326621924,79.97762863534676,0.9911594209309128,0.799659629849141,4875.333333333333,0.0,08
5620,2025-09-01,202509,5623,P.S. PROYECTOS ESPECIALES,RIS 6,I-2,SAN JUAN DE LURIGANCHO,5156.0,4.0,14.0,36.0,0.0,0.0,2025-10-04,4569.0,587.0,0.6982156710628394,0.0,0.0,1289.0,88.61520558572536,11.384794414274632,2025,9,4.0,0.0,4175.0,5.0,13.0,835.0,0.5029940119760479,0.0,0.0,75.01796407185628,0.8218619350317935,0.21645589734525283,4552.333333333333,0.0,09
5620,2025-10-01,202510,5623,P.S. PROYECTOS ESPECIALES,RIS 6,I-2,SAN JUAN DE LURIGANCHO,4262.0,3.0,13.0,50.0,247.0,98.0,2025-11-04,3641.0,621.0,1.1731581417175034,5.795401220084467,2.299389957766307,1420.6666666666667,85.4293758798686,14.570624120131393,2025,10,4.0,0.0,5156.0,4.0,14.0,1289.0,0.6982156710628394,0.0,0.0,88.61520558572536,0.6688596035185553,0.15659955257270694,4600.333333333333,0.0,10
5620,2025-11-01,202511,5623,P.S. PROYECTOS ESPECIALES,RIS 6,I-2,SAN JUAN DE LURIGANCHO,4261.0,4.0,13.0,35.0,32.0,0.0,2025-12-04,3714.0,547.0,0.8214034264257216,0.7509974184463741,0.0,1065.25,87.16263787843229,12.837362121567708,2025,11,4.0,0.0,4262.0,3.0,13.0,1420.6666666666667,1.1731581417175034,5.795401220084467,2.299389957766307,85.4293758798686,0.7914559415854635,1.9318004066948224,4531.0,0.0,11
5620,2025-12-01,202512,5623,P.S. PROYECTOS ESPECIALES,RIS 6,I-2,SAN JUAN DE LURIGANCHO,3485.0,4.0,13.0,49.0,0.0,0.0,2026-01-05,2919.0,566.0,1.406025824964132,0.0,0.0,871.25,83.75896700143473,16.24103299856528,2025,12,5.0,0.0,4261.0,4.0,13.0,1065.25,0.8214034264257216,0.7509974184463741,0.0,87.16263787843229,0.8975924130686882,2.1821328795102803,4559.666666666667,0.0,12
5620,2026-01-01,202601,5623,P.S. PROYECTOS ESPECIALES,RIS 6,I-2,SAN JUAN DE LURIGANCHO,3910.0,4.0,13.0,71.0,0.0,0.0,2026-02-06,3279.0,631.0,1.815856777493606,0.0,0.0,977.5,83.86189258312021,16.138107416879794,2026,1,6.0,0.0,3485.0,4.0,13.0,871.25,1.406025824964132,0.0,0.0,83.75896700143473,1.1335291310357858,2.1821328795102803,4002.6666666666665,0.0,01
5620,2026-02-01,202602,5623,P.S. PROYECTOS ESPECIALES,RIS 6,I-2,SAN JUAN DE LURIGANCHO,4380.0,3.0,13.0,44.0,155.0,1.0,2026-03-04,3362.0,1018.0,1.004566210045662,3.538812785388128,0.0228310502283105,1460.0,76.7579908675799,23.24200913242009,2026,2,4.0,0.0,3910.0,4.0,13.0,977.5,1.815856777493606,0.0,0.0,83.86189258312021,1.3477620096278198,0.25033247281545806,3885.3333333333335,0.0,02
5620,2026-03-01,202603,5623,P.S. PROYECTOS ESPECIALES,RIS 6,I-2,SAN JUAN DE LURIGANCHO,5082.0,4.0,12.0,114.0,0.0,0.0,2026-04-05,3926.0,1156.0,2.243211334120425,0.0,0.0,1270.5,77.25304998032271,22.746950019677293,2026,3,5.0,0.0,4380.0,3.0,13.0,1460.0,1.004566210045662,3.538812785388128,0.0228310502283105,76.7579908675799,1.4088162708344667,1.1796042617960427,3925.0,0.0,03
5620,2026-04-01,202604,5623,P.S. PROYECTOS ESPECIALES,RIS 6,I-2,SAN JUAN DE LURIGANCHO,4860.0,4.0,13.0,76.0,13.0,0.0,2026-05-05,3839.0,1021.0,1.5637860082304527,0.2674897119341564,0.0,1215.0,78.9917695473251,21.008230452674898,2026,4,5.0,0.0,5082.0,4.0,12.0,1270.5,2.243211334120425,0.0,0.0,77.25304998032271,1.6878781072198976,1.1796042617960427,4457.333333333333,0.0,04
5620,2026-05-01,202605,5623,P.S. PROYECTOS ESPECIALES,RIS 6,I-2,SAN JUAN DE LURIGANCHO,4856.0,5.0,14.0,30.0,70.0,0.0,2026-06-04,3744.0,1112.0,0.6177924217462932,1.441515650741351,0.0,971.2,77.1004942339374,22.899505766062603,2026,5,4.0,0.0,4860.0,4.0,13.0,1215.0,1.5637860082304527,0.2674897119341564,0.0,78.9917695473251,1.6038545174655132,1.268767499107428,4774.0,0.0,05
5620,2026-06-01,202606,5623,P.S. PROYECTOS ESPECIALES,RIS 6,I-2,SAN JUAN DE LURIGANCHO,5341.0,4.0,14.0,25.0,0.0,0.0,2026-07-05,4222.0,1119.0,0.46807713911252574,0.0,0.0,1335.25,79.04886725332335,20.951132746676652,2026,6,5.0,0.0,4856.0,5.0,14.0,971.2,0.6177924217462932,1.441515650741351,0.0,77.1004942339374,1.4749299213657237,0.5696684542251691,4932.666666666667,0.0,06
5620,2026-07-01,202607,5623,P.S. PROYECTOS ESPECIALES,RIS 6,I-2,SAN JUAN DE LURIGANCHO,4890.0,3.0,12.0,55.0,3.0,0.0,2026-08-04,4039.0,851.0,1.1247443762781186,0.06134969325153374,0.0,1630.0,82.59713701431492,17.402862985685072,2026,7,4.0,0.0,5341.0,4.0,14.0,1335.25,0.46807713911252574,0.0,0.0,79.04886725332335,0.8832185230297571,0.5696684542251691,5019.0,0.0,07
5620,2026-08-01,202608,5623,P.S. PROYECTOS ESPECIALES,RIS 6,I-2,SAN JUAN DE LURIGANCHO,4654.0,4.0,12.0,17.0,21.0,0.0,2026-09-04,3999.0,655.0,0.365277180919639,0.45122475290073055,0.0,1163.5,85.92608508809626,14.073914911903739,2026,8,4.0,0.0,4890.0,3.0,12.0,1630.0,1.1247443762781186,0.06134969325153374,0.0,82.59713701431492,0.7368713123789791,0.5009551146642949,5029.0,0.0,08
5621,2025-02-01,202502,5624,C.S. JAIME ZUBIETA,RIS 7,I-3,SAN JUAN DE LURIGANCHO,7249.0,1.0,17.0,1881.0,975.0,502.0,2025-03-04,6714.0,535.0,25.948406676783005,13.450131052558973,6.925093116291903,7249.0,92.61967167885226,7.380328321147744,2025,2,4.0,1.0,7231.0,2.0,18.0,3615.5,7.5231641543355,11.104964735168027,2.1297192642787994,92.98852164292629,7.5231641543355,11.104964735168027,7231.0,0.0,02
5621,2025-03-01,202503,5624,C.S. JAIME ZUBIETA,RIS 7,I-3,SAN JUAN DE LURIGANCHO,7570.0,2.0,17.0,143.0,6.0,0.0,2025-04-05,7186.0,384.0,1.8890356671070012,0.07926023778071334,0.0,3785.0,94.92734478203434,5.072655217965654,2025,3,5.0,0.0,7249.0,1.0,17.0,7249.0,25.948406676783005,13.450131052558973,6.925093116291903,92.61967167885226,16.735785415559253,12.277547893863499,7240.0,1.0,03
5621,2025-04-01,202504,5624,C.S. JAIME ZUBIETA,RIS 7,I-3,SAN JUAN DE LURIGANCHO,8667.0,3.0,17.0,151.0,344.0,0.0,2025-05-05,8022.0,645.0,1.7422406830506518,3.969078112380293,0.0,2889.0,92.55797853928695,7.4420214607130495,2025,4,5.0,0.0,7570.0,2.0,17.0,3785.0,1.8890356671070012,0.07926023778071334,0.0,94.92734478203434,11.786868832741836,8.21145200850257,7350.0,0.0,04
5621,2025-05-01,202505,5624,C.S. JAIME ZUBIETA,RIS 7,I-3,SAN JUAN DE LURIGANCHO,8985.0,4.0,18.0,41.0,339.0,0.0,2025-06-04,7954.0,1031.0,0.45631608235948806,3.7729549248747913,0.0,2246.25,88.52531997774068,11.47468002225932,2025,5,4.0,0.0,8667.0,3.0,17.0,2889.0,1.7422406830506518,3.969078112380293,0.0,92.55797853928695,9.859894342313552,5.832823134239994,7828.666666666667,0.0,05
5621,2025-06-01,202506,5624,C.S. JAIME ZUBIETA,RIS 7,I-3,SAN JUAN DE LURIGANCHO,8165.0,3.0,16.0,83.0,0.0,0.0,2025-07-05,7359.0,806.0,1.0165339865278629,0.0,0.0,2721.6666666666665,90.12859767299449,9.87140232700551,2025,6,5.0,0.0,8985.0,4.0,18.0,2246.25,0.45631608235948806,3.7729549248747913,0.0,88.52531997774068,1.362530810839047,2.6070977583452657,8407.333333333334,0.0,06
5621,2025-07-01,202507,5624,C.S. JAIME ZUBIETA,RIS 7,I-3,SAN JUAN DE LURIGANCHO,7391.0,5.0,16.0,8.0,41.0,12.0,2025-08-04,6783.0,608.0,0.10823975104857259,0.5547287241239345,0.16235962657285888,1478.2,91.77377892030849,8.226221079691516,2025,7,4.0,0.0,8165.0,3.0,16.0,2721.6666666666665,1.0165339865278629,0.0,0.0,90.12859767299449,1.0716969173126676,2.5806776790850283,8605.666666666666,0.0,07
5621,2025-08-01,202508,5624,C.S. JAIME ZUBIETA,RIS 7,I-3,SAN JUAN DE LURIGANCHO,6560.0,2.0,16.0,13.0,14.0,2.0,2025-09-04,6395.0,165.0,0.19817073170731708,0.21341463414634146,0.03048780487804878,3280.0,97.48475609756098,2.5152439024390243,2025,8,4.0,0.0,7391.0,5.0,16.0,1478.2,0.10823975104857259,0.5547287241239345,0.16235962657285888,91.77377892030849,0.5270299399786412,1.4425612163329085,8180.333333333333,0.0,08
5621,2025-09-01,202509,5624,C.S. JAIME ZUBIETA,RIS 7,I-3,SAN JUAN DE LURIGANCHO,8951.0,5.0,17.0,28.0,53.0,4.0,2025-10-04,8553.0,398.0,0.31281421070271476,0.592112613115853,0.04468774438610211,1790.2,95.55356943358284,4.44643056641716,2025,9,4.0,0.0,6560.0,2.0,16.0,3280.0,0.19817073170731708,0.21341463414634146,0.03048780487804878,97.48475609756098,0.4409814897612508,0.256047786090092,7372.0,0.0,09
5621,2025-10-01,202510,5624,C.S. JAIME ZUBIETA,RIS 7,I-3,SAN JUAN DE LURIGANCHO,7062.0,3.0,16.0,6.0,232.0,3.0,2025-11-04,6867.0,195.0,0.08496176720475786,3.285188331917304,0.04248088360237893,2354.0,97.23874256584537,2.7612574341546305,2025,10,4.0,0.0,8951.0,5.0,17.0,1790.2,0.31281421070271476,0.592112613115853,0.04468774438610211,95.55356943358284,0.20640823115286813,0.4534186571287096,7634.0,0.0,10
5621,2025-11-01,202511,5624,C.S. JAIME ZUBIETA,RIS 7,I-3,SAN JUAN DE LURIGANCHO,7418.0,4.0,17.0,74.0,0.0,0.0,2025-12-04,7370.0,48.0,0.9975734699379887,0.0,0.0,1854.5,99.35292531679698,0.6470746832030196,2025,11,4.0,0.0,7062.0,3.0,16.0,2354.0,0.08496176720475786,3.285188331917304,0.04248088360237893,97.23874256584537,0.19864890320492992,1.3635718597264994,7524.333333333333,0.0,11
5621,2025-12-01,202512,5624,C.S. JAIME ZUBIETA,RIS 7,I-3,SAN JUAN DE LURIGANCHO,6698.0,3.0,17.0,17.0,1.0,0.0,2026-01-05,6694.0,4.0,0.25380710659898476,0.014929829799940281,0.0,2232.6666666666665,99.94028068080024,0.059719319199761124,2025,12,5.0,0.0,7418.0,4.0,17.0,1854.5,0.9975734699379887,0.0,0.0,99.35292531679698,0.46511648261515376,1.2924336483443857,7810.333333333333,0.0,12
5621,2026-01-01,202601,5624,C.S. JAIME ZUBIETA,RIS 7,I-3,SAN JUAN DE LURIGANCHO,7389.0,3.0,18.0,249.0,17.0,0.0,2026-02-06,7364.0,25.0,3.3698741372310193,0.23007172824468805,0.0,2463.0,99.66165922316958,0.33834077683042363,2026,1,6.0,0.0,6698.0,3.0,17.0,2232.6666666666665,0.25380710659898476,0.014929829799940281,0.0,99.94028068080024,0.4454474479139104,1.1000393872390815,7059.333333333333,0.0,01
5621,2026-02-01,202602,5624,C.S. JAIME ZUBIETA,RIS 7,I-3,SAN JUAN DE LURIGANCHO,7263.0,3.0,18.0,56.0,1149.0,9.0,2026-03-04,7227.0,36.0,0.7710312543026298,15.819909128459315,0.12391573729863693,2421.0,99.50433705080545,0.49566294919454773,2026,2,4.0,0.0,7389.0,3.0,18.0,2463.0,3.3698741372310193,0.23007172824468805,0.0,99.66165922316958,1.5404182379226643,0.08166718601487612,7168.333333333333,0.0,02
5621,2026-03-01,202603,5624,C.S. JAIME ZUBIETA,RIS 7,I-3,SAN JUAN DE LURIGANCHO,7345.0,2.0,18.0,68.0,0.0,0.0,2026-04-05,7295.0,50.0,0.9257998638529612,0.0,0.0,3672.5,99.31926480599047,0.6807351940095303,2026,3,5.0,0.0,7263.0,3.0,18.0,2421.0,0.7710312543026298,15.819909128459315,0.12391573729863693,99.50433705080545,1.464904166044211,5.354970228834648,7116.666666666667,0.0,03
5621,2026-04-01,202604,5624,C.S. JAIME ZUBIETA,RIS 7,I-3,SAN JUAN DE LURIGANCHO,9099.0,2.0,18.0,46.0,469.0,0.0,2026-05-05,8469.0,630.0,0.5055500604462029,5.154412572810199,0.0,4549.5,93.07616221562809,6.923837784371909,2026,4,5.0,0.0,7345.0,2.0,18.0,3672.5,0.9257998638529612,0.0,0.0,99.31926480599047,1.6889017517955365,5.349993618901334,7332.333333333333,0.0,04
5621,2026-05-01,202605,5624,C.S. JAIME ZUBIETA,RIS 7,I-3,SAN JUAN DE LURIGANCHO,9432.0,3.0,16.0,69.0,47.0,0.0,2026-06-04,7771.0,1661.0,0.7315521628498728,0.498303647158609,0.0,3144.0,82.38973706530959,17.610262934690414,2026,5,4.0,0.0,9099.0,2.0,18.0,4549.5,0.5055500604462029,5.154412572810199,0.0,93.07616221562809,0.7341270595339312,6.991440567089838,7902.333333333333,0.0,05
5621,2026-06-01,202606,5624,C.S. JAIME ZUBIETA,RIS 7,I-3,SAN JUAN DE LURIGANCHO,7965.0,3.0,18.0,43.0,5.0,0.0,2026-07-05,7007.0,958.0,0.5398618957940992,0.06277463904582549,0.0,2655.0,87.97237915881983,12.027620841180163,2026,6,5.0,0.0,9432.0,3.0,16.0,3144.0,0.7315521628498728,0.498303647158609,0.0,82.38973706530959,0.7209673623830123,1.8842387399896028,8625.333333333334,0.0,06
5621,2026-07-01,202607,5624,C.S. JAIME ZUBIETA,RIS 7,I-3,SAN JUAN DE LURIGANCHO,8093.0,4.0,17.0,15.0,1632.0,1.0,2026-08-04,6788.0,1305.0,0.18534536018781664,20.16557518843445,0.012356357345854442,2023.25,83.87495366365995,16.12504633634005,2026,7,4.0,0.0,7965.0,3.0,18.0,2655.0,0.5398618957940992,0.06277463904582549,0.0,87.97237915881983,0.5923213730300582,1.9051636196715445,8832.0,0.0,07
5621,2026-08-01,202608,5624,C.S. JAIME ZUBIETA,RIS 7,I-3,SAN JUAN DE LURIGANCHO,10621.0,2.0,20.0,42.0,1195.0,5.0,2026-09-04,9457.0,1164.0,0.3954429903022314,11.251294605027775,0.04707654646455136,5310.5,89.04057998305244,10.959420016947556,2026,8,4.0,0.0,8093.0,4.0,17.0,2023.25,0.18534536018781664,20.16557518843445,0.012356357345854442,83.87495366365995,0.4855864729439296,6.908884491546295,8496.666666666666,0.0,08
5622,2025-02-01,202502,5625,C.S. SANTA MARIA,RIS 7,I-3,SAN JUAN DE LURIGANCHO,8663.0,4.0,14.0,758.0,956.0,7.0,2025-03-04,8104.0,559.0,8.749855708184231,11.035438069952672,0.08080341683019739,2165.75,93.54726999884566,6.452730001154334,2025,2,4.0,0.0,9086.0,3.0,14.0,3028.6666666666665,9.23398635263042,3.092670041822584,0.1981069777679947,92.10873871890821,9.23398635263042,3.092670041822584,9086.0,0.0,02
5622,2025-03-01,202503,5625,C.S. SANTA MARIA,RIS 7,I-3,SAN JUAN DE LURIGANCHO,10109.0,6.0,15.0,1067.0,204.0,14.0,2025-04-05,9315.0,794.0,10.554951033732317,2.01800375902661,0.13849045405084578,1684.8333333333333,92.14561282025917,7.854387179740825,2025,3,5.0,1.0,8663.0,4.0,14.0,2165.75,8.749855708184231,11.035438069952672,0.08080341683019739,93.54726999884566,8.991921030407326,7.064054055887628,8874.5,0.0,03
5622,2025-04-01,202504,5625,C.S. SANTA MARIA,RIS 7,I-3,SAN JUAN DE LURIGANCHO,10405.0,5.0,17.0,742.0,1367.0,287.0,2025-05-05,8997.0,1408.0,7.131186929360884,13.137914464199904,2.758289283998078,2081.0,86.46804420951466,13.531955790485343,2025,4,5.0,0.0,10109.0,6.0,15.0,1684.8333333333333,10.554951033732317,2.01800375902661,0.13849045405084578,92.14561282025917,9.512931031515656,5.382037290267289,9286.0,1.0,04
5622,2025-05-01,202505,5625,C.S. SANTA MARIA,RIS 7,I-3,SAN JUAN DE LURIGANCHO,11525.0,6.0,14.0,985.0,935.0,202.0,2025-06-04,9924.0,1601.0,8.546637744034706,8.112798264642082,1.7527114967462039,1920.8333333333333,86.10845986984816,13.891540130151844,2025,5,4.0,0.0,10405.0,5.0,17.0,2081.0,7.131186929360884,13.137914464199904,2.758289283998078,86.46804420951466,8.811997890425811,8.730452097726394,9725.666666666666,0.0,05
5622,2025-06-01,202506,5625,C.S. SANTA MARIA,RIS 7,I-3,SAN JUAN DE LURIGANCHO,10760.0,4.0,14.0,1003.0,868.0,54.0,2025-07-05,9631.0,1129.0,9.321561338289962,8.066914498141264,0.5018587360594795,2690.0,89.50743494423791,10.492565055762082,2025,6,5.0,0.0,11525.0,6.0,14.0,1920.8333333333333,8.546637744034706,8.112798264642082,1.7527114967462039,86.10845986984816,8.744258569042636,7.756238829289532,10679.666666666666,0.0,06
5622,2025-07-01,202507,5625,C.S. SANTA MARIA,RIS 7,I-3,SAN JUAN DE LURIGANCHO,10473.0,4.0,15.0,573.0,684.0,50.0,2025-08-04,9752.0,721.0,5.4712116871956455,6.531079919793755,0.4774181227919412,2618.25,93.1156306693402,6.8843693306597915,2025,7,4.0,0.0,10760.0,4.0,14.0,2690.0,9.321561338289962,8.066914498141264,0.5018587360594795,89.50743494423791,8.33312867056185,9.772542408994417,10896.666666666666,0.0,07
5622,2025-08-01,202508,5625,C.S. SANTA MARIA,RIS 7,I-3,SAN JUAN DE LURIGANCHO,8349.0,5.0,15.0,509.0,965.0,99.0,2025-09-04,7289.0,1060.0,6.096538507605701,11.558270451551085,1.1857707509881423,1669.8,87.30386872679362,12.696131273206372,2025,8,4.0,0.0,10473.0,4.0,15.0,2618.25,5.4712116871956455,6.531079919793755,0.4774181227919412,93.1156306693402,7.779803589840104,7.5702642275257,10919.333333333334,0.0,08
5622,2025-09-01,202509,5625,C.S. SANTA MARIA,RIS 7,I-3,SAN JUAN DE LURIGANCHO,9875.0,3.0,16.0,345.0,1491.0,373.0,2025-10-04,9051.0,824.0,3.4936708860759493,15.09873417721519,3.777215189873418,3291.6666666666665,91.65569620253164,8.344303797468354,2025,9,4.0,0.0,8349.0,5.0,15.0,1669.8,6.096538507605701,11.558270451551085,1.1857707509881423,87.30386872679362,6.963103844363769,8.718754956495367,9860.666666666666,0.0,09
5622,2025-10-01,202510,5625,C.S. SANTA MARIA,RIS 7,I-3,SAN JUAN DE LURIGANCHO,9046.0,3.0,14.0,890.0,1542.0,971.0,2025-11-04,8421.0,625.0,9.838602697324784,17.04620826884811,10.734026088879062,3015.3333333333335,93.0908688923281,6.909131107671899,2025,10,4.0,0.0,9875.0,3.0,16.0,3291.6666666666665,3.4936708860759493,15.09873417721519,3.777215189873418,91.65569620253164,5.020473693625765,11.062694849520009,9565.666666666666,0.0,10
5622,2025-11-01,202511,5625,C.S. SANTA MARIA,RIS 7,I-3,SAN JUAN DE LURIGANCHO,8933.0,2.0,13.0,137.0,1646.0,153.0,2025-12-04,8409.0,524.0,1.5336393148998098,18.42606067390574,1.712750475764021,4466.5,94.13410948169708,5.865890518302922,2025,11,4.0,0.0,9046.0,3.0,14.0,3015.3333333333335,9.838602697324784,17.04620826884811,10.734026088879062,93.0908688923281,6.476270697002145,14.567737632538126,9090.0,0.0,11
5622,2025-12-01,202512,5625,C.S. SANTA MARIA,RIS 7,I-3,SAN JUAN DE LURIGANCHO,6495.0,3.0,14.0,672.0,223.0,29.0,2026-01-05,6011.0,484.0,10.346420323325635,3.433410315627406,0.44649730561970746,2165.0,92.54811393379522,7.451886066204773,2025,12,5.0,1.0,8933.0,2.0,13.0,4466.5,1.5336393148998098,18.42606067390574,1.712750475764021,94.13410948169708,4.955304299433514,16.85700103998968,9284.666666666666,0.0,12
5622,2026-01-01,202601,5625,C.S. SANTA MARIA,RIS 7,I-3,SAN JUAN DE LURIGANCHO,8072.0,3.0,14.0,541.0,900.0,6.0,2026-02-06,7483.0,589.0,6.702180376610506,11.149653121902874,0.07433102081268583,2690.6666666666665,92.70317145688801,7.296828543111992,2026,1,6.0,0.0,6495.0,3.0,14.0,2165.0,10.346420323325635,3.433410315627406,0.44649730561970746,92.54811393379522,7.239554111850076,12.968559752793752,8158.0,1.0,01
5622,2026-02-01,202602,5625,C.S. SANTA MARIA,RIS 7,I-3,SAN JUAN DE LURIGANCHO,8293.0,3.0,15.0,455.0,1656.0,578.0,2026-03-04,7274.0,1019.0,5.48655492584107,19.968648257566624,6.969733510189316,2764.3333333333335,87.71252863861088,12.287471361389123,2026,2,4.0,0.0,8072.0,3.0,14.0,2690.6666666666665,6.702180376610506,11.149653121902874,0.07433102081268583,92.70317145688801,6.194080004945317,11.003041370478671,7833.333333333333,0.0,02
5622,2026-03-01,202603,5625,C.S. SANTA MARIA,RIS 7,I-3,SAN JUAN DE LURIGANCHO,9190.0,2.0,16.0,556.0,800.0,0.0,2026-04-05,8224.0,966.0,6.050054406964091,8.705114254624592,0.0,4595.0,89.4885745375408,10.511425462459195,2026,3,5.0,0.0,8293.0,3.0,15.0,2764.3333333333335,5.48655492584107,19.968648257566624,6.969733510189316,87.71252863861088,7.511718541925737,11.517237231698966,7620.0,0.0,03
5622,2026-04-01,202604,5625,C.S. SANTA MARIA,RIS 7,I-3,SAN JUAN DE LURIGANCHO,8830.0,2.0,14.0,272.0,684.0,18.0,2026-05-05,7526.0,1304.0,3.0804077010192525,7.746319365798414,0.20385050962627407,4415.0,85.2321630804077,14.767836919592298,2026,4,5.0,0.0,9190.0,2.0,16.0,4595.0,6.050054406964091,8.705114254624592,0.0,89.4885745375408,6.079596569805222,13.274471878031363,8518.333333333334,0.0,04
5622,2026-05-01,202605,5625,C.S. SANTA MARIA,RIS 7,I-3,SAN JUAN DE LURIGANCHO,7688.0,6.0,13.0,261.0,553.0,0.0,2026-06-04,6281.0,1407.0,3.394901144640999,7.193028095733611,0.0,1281.3333333333333,81.6987513007284,18.301248699271593,2026,5,4.0,0.0,8830.0,2.0,14.0,4415.0,3.0804077010192525,7.746319365798414,0.20385050962627407,85.2321630804077,4.8723390112748035,12.140027292663211,8771.0,0.0,05
5622,2026-06-01,202606,5625,C.S. SANTA MARIA,RIS 7,I-3,SAN JUAN DE LURIGANCHO,9377.0,4.0,13.0,854.0,522.0,0.0,2026-07-05,7766.0,1611.0,9.107390423376346,5.566812413351818,0.0,2344.25,82.81966513810387,17.180334861896128,2026,6,5.0,0.0,7688.0,6.0,13.0,1281.3333333333333,3.394901144640999,7.193028095733611,0.0,81.6987513007284,4.175121084208114,7.881487238718871,8569.333333333334,0.0,06
5622,2026-07-01,202607,5625,C.S. SANTA MARIA,RIS 7,I-3,SAN JUAN DE LURIGANCHO,7641.0,3.0,14.0,1114.0,429.0,21.0,2026-08-04,6794.0,847.0,14.579243554508572,5.614448370632116,0.27483313702394974,2547.0,88.91506347336735,11.08493652663264,2026,7,4.0,1.0,9377.0,4.0,13.0,2344.25,9.107390423376346,5.566812413351818,0.0,82.81966513810387,5.194233089678865,6.835386624961281,8631.666666666666,0.0,07
5622,2026-08-01,202608,5625,C.S. SANTA MARIA,RIS 7,I-3,SAN JUAN DE LURIGANCHO,7058.0,3.0,14.0,144.0,488.0,39.0,2026-09-04,6090.0,968.0,2.0402380277699064,6.914139982998017,0.5525644658543497,2352.6666666666665,86.2850665911023,13.714933408897705,2026,8,4.0,0.0,7641.0,3.0,14.0,2547.0,14.579243554508572,5.614448370632116,0.27483313702394974,88.91506347336735,9.027178374175305,6.124762959905848,8235.333333333334,1.0,08
5623,2025-02-01,202502,5626,P.S. TUPAC AMARU II,RIS 7,I-2,SAN JUAN DE LURIGANCHO,2310.0,1.0,10.0,1190.0,256.0,65.0,2025-03-04,2091.0,219.0,51.515151515151516,11.082251082251082,2.813852813852814,2310.0,90.51948051948052,9.480519480519481,2025,2,4.0,1.0,2227.0,1.0,8.0,2227.0,55.231252806466095,11.540188594521778,6.870229007633588,93.30938482263134,55.231252806466095,11.540188594521778,2227.0,1.0,02
5623,2025-03-01,202503,5626,P.S. TUPAC AMARU II,RIS 7,I-2,SAN JUAN DE LURIGANCHO,2410.0,2.0,7.0,655.0,237.0,29.0,2025-04-05,2168.0,242.0,27.178423236514522,9.83402489626556,1.2033195020746887,1205.0,89.95850622406638,10.04149377593361,2025,3,5.0,1.0,2310.0,1.0,10.0,2310.0,51.515151515151516,11.082251082251082,2.813852813852814,90.51948051948052,53.3732021608088,11.31121983838643,2268.5,1.0,03
5623,2025-04-01,202504,5626,P.S. TUPAC AMARU II,RIS 7,I-2,SAN JUAN DE LURIGANCHO,3586.0,3.0,8.0,1727.0,125.0,76.0,2025-05-05,2912.0,674.0,48.15950920245399,3.485778025655326,2.1193530395984386,1195.3333333333333,81.20468488566648,18.79531511433352,2025,4,5.0,1.0,2410.0,2.0,7.0,1205.0,27.178423236514522,9.83402489626556,1.2033195020746887,89.95850622406638,44.64160918604404,10.81882152434614,2315.6666666666665,1.0,04
5623,2025-05-01,202505,5626,P.S. TUPAC AMARU II,RIS 7,I-2,SAN JUAN DE LURIGANCHO,4571.0,3.0,10.0,1743.0,641.0,305.0,2025-06-04,3799.0,772.0,38.13169984686064,14.02318967403194,6.672500546926274,1523.6666666666667,83.11091664843579,16.88908335156421,2025,5,4.0,1.0,3586.0,3.0,8.0,1195.3333333333333,48.15950920245399,3.485778025655326,2.1193530395984386,81.20468488566648,42.284361318040006,8.134018001390656,2768.6666666666665,1.0,05
5623,2025-06-01,202506,5626,P.S. TUPAC AMARU II,RIS 7,I-2,SAN JUAN DE LURIGANCHO,4047.0,1.0,9.0,2304.0,332.0,115.0,2025-07-05,3644.0,403.0,56.93106004447739,8.203607610575736,2.841611069928342,4047.0,90.04200642451198,9.957993575488016,2025,6,5.0,1.0,4571.0,3.0,10.0,1523.6666666666667,38.13169984686064,14.02318967403194,6.672500546926274,83.11091664843579,37.82321076194305,9.11433086531761,3522.3333333333335,1.0,06
5623,2025-07-01,202507,5626,P.S. TUPAC AMARU II,RIS 7,I-2,SAN JUAN DE LURIGANCHO,3710.0,3.0,9.0,2371.0,539.0,328.0,2025-08-04,3280.0,430.0,63.908355795148246,14.528301886792454,8.840970350404312,1236.6666666666667,88.40970350404312,11.590296495956874,2025,7,4.0,1.0,4047.0,1.0,9.0,4047.0,56.93106004447739,8.203607610575736,2.841611069928342,90.04200642451198,47.74075636459734,8.570858436754333,4068.0,1.0,07
5623,2025-08-01,202508,5626,P.S. TUPAC AMARU II,RIS 7,I-2,SAN JUAN DE LURIGANCHO,3094.0,1.0,10.0,1389.0,335.0,81.0,2025-09-04,2734.0,360.0,44.89334195216548,10.827407886231416,2.6179702650290886,3094.0,88.36457659987072,11.635423400129282,2025,8,4.0,1.0,3710.0,3.0,9.0,1236.6666666666667,63.908355795148246,14.528301886792454,8.840970350404312,88.40970350404312,52.99037189549543,12.251699723800044,4109.333333333333,1.0,08
5623,2025-09-01,202509,5626,P.S. TUPAC AMARU II,RIS 7,I-2,SAN JUAN DE LURIGANCHO,3777.0,2.0,12.0,1892.0,337.0,117.0,2025-10-04,3478.0,299.0,50.09266613714588,8.922425205189304,3.097696584590945,1888.5,92.08366428382314,7.91633571617686,2025,9,4.0,1.0,3094.0,1.0,10.0,3094.0,44.89334195216548,10.827407886231416,2.6179702650290886,88.36457659987072,55.24425259726371,11.186439127866535,3617.0,1.0,09
5623,2025-10-01,202510,5626,P.S. TUPAC AMARU II,RIS 7,I-2,SAN JUAN DE LURIGANCHO,4041.0,1.0,9.0,2399.0,283.0,141.0,2025-11-04,3672.0,369.0,59.366493442217276,7.00321702548874,3.4892353377876764,4041.0,90.86859688195992,9.131403118040089,2025,10,4.0,1.0,3777.0,2.0,12.0,1888.5,50.09266613714588,8.922425205189304,3.097696584590945,92.08366428382314,52.964787961486536,11.426044992737724,3527.0,1.0,10
5623,2025-11-01,202511,5626,P.S. TUPAC AMARU II,RIS 7,I-2,SAN JUAN DE LURIGANCHO,2296.0,1.0,8.0,1182.0,270.0,99.0,2025-12-04,2048.0,248.0,51.4808362369338,11.759581881533101,4.311846689895471,2296.0,89.19860627177701,10.801393728222996,2025,11,4.0,1.0,4041.0,1.0,9.0,4041.0,59.366493442217276,7.00321702548874,3.4892353377876764,90.86859688195992,51.45083384384287,8.917683372303154,3637.3333333333335,1.0,11
5623,2025-12-01,202512,5626,P.S. TUPAC AMARU II,RIS 7,I-2,SAN JUAN DE LURIGANCHO,2036.0,1.0,8.0,1248.0,194.0,79.0,2026-01-05,1852.0,184.0,61.29666011787819,9.528487229862476,3.880157170923379,2036.0,90.96267190569745,9.037328094302554,2025,12,5.0,1.0,2296.0,1.0,8.0,2296.0,51.4808362369338,11.759581881533101,4.311846689895471,89.19860627177701,53.64666527209899,9.228408037403716,3371.3333333333335,1.0,12
5623,2026-01-01,202601,5626,P.S. TUPAC AMARU II,RIS 7,I-2,SAN JUAN DE LURIGANCHO,2322.0,1.0,8.0,947.0,287.0,38.0,2026-02-06,2094.0,228.0,40.78380706287683,12.36003445305771,1.636520241171404,2322.0,90.18087855297158,9.819121447028424,2026,1,6.0,1.0,2036.0,1.0,8.0,2036.0,61.29666011787819,9.528487229862476,3.880157170923379,90.96267190569745,57.381329932343085,9.430428712294772,2791.0,1.0,01
5623,2026-02-01,202602,5626,P.S. TUPAC AMARU II,RIS 7,I-2,SAN JUAN DE LURIGANCHO,2586.0,2.0,8.0,1013.0,258.0,121.0,2026-03-04,2227.0,359.0,39.17246713070379,9.976798143851509,4.679040989945863,1293.0,86.11755607115236,13.882443928847641,2026,2,4.0,1.0,2322.0,1.0,8.0,2322.0,40.78380706287683,12.36003445305771,1.636520241171404,90.18087855297158,51.187101139229604,11.21603452148443,2218.0,1.0,02
5623,2026-03-01,202603,5626,P.S. TUPAC AMARU II,RIS 7,I-2,SAN JUAN DE LURIGANCHO,2811.0,2.0,9.0,1353.0,210.0,42.0,2026-04-05,2531.0,280.0,48.132337246531485,7.4706510138740665,1.4941302027748133,1405.5,90.03913198150124,9.960868018498754,2026,3,5.0,1.0,2586.0,2.0,8.0,1293.0,39.17246713070379,9.976798143851509,4.679040989945863,86.11755607115236,47.084311437152934,10.621773275590565,2314.6666666666665,1.0,03
5623,2026-04-01,202604,5626,P.S. TUPAC AMARU II,RIS 7,I-2,SAN JUAN DE LURIGANCHO,2676.0,2.0,8.0,1778.0,168.0,74.0,2026-05-05,2362.0,314.0,66.4424514200299,6.278026905829597,2.765321375186846,1338.0,88.2660687593423,11.733931240657698,2026,4,5.0,1.0,2811.0,2.0,9.0,1405.5,48.132337246531485,7.4706510138740665,1.4941302027748133,90.03913198150124,42.69620381337071,9.935827870261095,2573.0,1.0,04
5623,2026-05-01,202605,5626,P.S. TUPAC AMARU II,RIS 7,I-2,SAN JUAN DE LURIGANCHO,3498.0,3.0,9.0,1446.0,373.0,148.0,2026-06-04,2930.0,568.0,41.337907375643226,10.663236134934248,4.230989136649514,1166.0,83.76214979988565,16.23785020011435,2026,5,4.0,1.0,2676.0,2.0,8.0,1338.0,66.4424514200299,6.278026905829597,2.765321375186846,88.2660687593423,51.24908526575505,7.908492021185058,2691.0,1.0,05
5623,2026-06-01,202606,5626,P.S. TUPAC AMARU II,RIS 7,I-2,SAN JUAN DE LURIGANCHO,2416.0,1.0,8.0,1615.0,196.0,19.0,2026-07-05,2137.0,279.0,66.84602649006622,8.112582781456954,0.7864238410596026,2416.0,88.45198675496688,11.548013245033113,2026,6,5.0,1.0,3498.0,3.0,9.0,1166.0,41.337907375643226,10.663236134934248,4.230989136649514,83.76214979988565,51.97089868073488,8.137304684879304,2995.0,1.0,06
5623,2026-07-01,202607,5626,P.S. TUPAC AMARU II,RIS 7,I-2,SAN JUAN DE LURIGANCHO,2642.0,2.0,8.0,1758.0,177.0,56.0,2026-08-04,2331.0,311.0,66.54049962149887,6.699470098410295,2.1196063588190763,1321.0,88.22861468584406,11.771385314155943,2026,7,4.0,1.0,2416.0,1.0,8.0,2416.0,66.84602649006622,8.112582781456954,0.7864238410596026,88.45198675496688,58.208795095246444,8.351281940740266,2863.3333333333335,1.0,07
5623,2026-08-01,202608,5626,P.S. TUPAC AMARU II,RIS 7,I-2,SAN JUAN DE LURIGANCHO,2067.0,1.0,8.0,999.0,305.0,87.0,2026-09-04,1842.0,225.0,48.33091436865022,14.755684567005321,4.2089985486211905,2067.0,89.11465892597968,10.88534107402032,2026,8,4.0,1.0,2642.0,2.0,8.0,1321.0,66.54049962149887,6.699470098410295,2.1196063588190763,88.22861468584406,58.241477829069446,8.491763004933832,2852.0,1.0,08
5624,2025-02-01,202502,5627,C.S. CRUZ DE MOTUPE,RIS 7,I-3,SAN JUAN DE LURIGANCHO,7136.0,4.0,15.0,45.0,27.0,0.0,2025-03-04,7105.0,31.0,0.6306053811659192,0.3783632286995516,0.0,1784.0,99.56558295964126,0.4344170403587444,2025,2,4.0,0.0,6289.0,3.0,15.0,2096.3333333333335,1.1448560979487994,1.0653522022579107,0.34981714103991096,95.48417872475751,1.1448560979487994,1.0653522022579107,6289.0,0.0,02
5624,2025-03-01,202503,5627,C.S. CRUZ DE MOTUPE,RIS 7,I-3,SAN JUAN DE LURIGANCHO,7578.0,3.0,14.0,8.0,21.0,0.0,2025-04-05,7568.0,10.0,0.10556875164951174,0.2771179730799683,0.0,2526.0,99.86803906043811,0.13196093956188967,2025,3,5.0,0.0,7136.0,4.0,15.0,1784.0,0.6306053811659192,0.3783632286995516,0.0,99.56558295964126,0.8877307395573593,0.7218577154787311,6712.5,0.0,03
5624,2025-04-01,202504,5627,C.S. CRUZ DE MOTUPE,RIS 7,I-3,SAN JUAN DE LURIGANCHO,8104.0,6.0,15.0,132.0,1009.0,207.0,2025-05-05,6968.0,1136.0,1.6288252714708786,12.450641658440276,2.554294175715696,1350.6666666666667,85.9822309970385,14.0177690029615,2025,4,5.0,0.0,7578.0,3.0,14.0,2526.0,0.10556875164951174,0.2771179730799683,0.0,99.86803906043811,0.6270100769214101,0.5736111346791436,7001.0,0.0,04
5624,2025-05-01,202505,5627,C.S. CRUZ DE MOTUPE,RIS 7,I-3,SAN JUAN DE LURIGANCHO,9746.0,5.0,15.0,19.0,1872.0,564.0,2025-06-04,8477.0,1269.0,0.19495177508721526,19.20788015596142,5.786989534167864,1949.2,86.97927354812231,13.020726451877694,2025,5,4.0,0.0,8104.0,6.0,15.0,1350.6666666666667,1.6288252714708786,12.450641658440276,2.554294175715696,85.9822309970385,0.7883331347621031,4.368707620073265,7606.0,0.0,05
5624,2025-06-01,202506,5627,C.S. CRUZ DE MOTUPE,RIS 7,I-3,SAN JUAN DE LURIGANCHO,8717.0,4.0,16.0,6.0,296.0,0.0,2025-07-05,7854.0,863.0,0.06883101984627739,3.3956636457496847,0.0,2179.25,90.0998049787771,9.900195021222897,2025,6,5.0,0.0,9746.0,5.0,15.0,1949.2,0.19495177508721526,19.20788015596142,5.786989534167864,86.97927354812231,0.6431152660692018,10.645213262493888,8476.0,0.0,06
5624,2025-07-01,202507,5627,C.S. CRUZ DE MOTUPE,RIS 7,I-3,SAN JUAN DE LURIGANCHO,7549.0,5.0,15.0,36.0,178.0,0.0,2025-08-04,7334.0,215.0,0.4768843555437806,2.3579282024109154,0.0,1509.8,97.15194065439131,2.84805934560869,2025,7,4.0,0.0,8717.0,4.0,16.0,2179.25,0.06883101984627739,3.3956636457496847,0.0,90.0998049787771,0.6308693554681237,11.684728486717127,8855.666666666666,0.0,07
5624,2025-08-01,202508,5627,C.S. CRUZ DE MOTUPE,RIS 7,I-3,SAN JUAN DE LURIGANCHO,7259.0,3.0,13.0,6.0,905.0,274.0,2025-09-04,6999.0,260.0,0.08265601322496212,12.46728199476512,3.7746246039399365,2419.6666666666665,96.4182394269183,3.5817605730816915,2025,8,4.0,0.0,7549.0,5.0,15.0,1509.8,0.4768843555437806,2.3579282024109154,0.0,97.15194065439131,0.2468890501590911,8.320490668040673,8670.666666666666,0.0,08
5624,2025-09-01,202509,5627,C.S. CRUZ DE MOTUPE,RIS 7,I-3,SAN JUAN DE LURIGANCHO,10676.0,5.0,15.0,1208.0,3157.0,1069.0,2025-10-04,10448.0,228.0,11.315099288122893,29.571000374672163,10.013113525665043,2135.2,97.86436867740727,2.1356313225927313,2025,9,4.0,1.0,7259.0,3.0,13.0,2419.6666666666665,0.08265601322496212,12.46728199476512,3.7746246039399365,96.4182394269183,0.20945712953834003,6.0736246143085735,7841.666666666667,0.0,09
5624,2025-10-01,202510,5627,C.S. CRUZ DE MOTUPE,RIS 7,I-3,SAN JUAN DE LURIGANCHO,8848.0,5.0,15.0,1315.0,1133.0,505.0,2025-11-04,8636.0,212.0,14.862115732368897,12.80515370705244,5.70750452079566,1769.6,97.60397830018083,2.396021699819168,2025,10,4.0,1.0,10676.0,5.0,15.0,2135.2,11.315099288122893,29.571000374672163,10.013113525665043,97.86436867740727,3.9582132189638783,14.798736857282734,8494.666666666666,1.0,10
5624,2025-11-01,202511,5627,C.S. CRUZ DE MOTUPE,RIS 7,I-3,SAN JUAN DE LURIGANCHO,9197.0,3.0,15.0,741.0,2166.0,959.0,2025-12-04,9131.0,66.0,8.056975100576276,23.55115798629988,10.427313254322062,3065.6666666666665,99.28237468739806,0.7176253126019354,2025,11,4.0,0.0,8848.0,5.0,15.0,1769.6,14.862115732368897,12.80515370705244,5.70750452079566,97.60397830018083,8.75329034457225,18.281145358829907,8927.666666666666,1.0,11
5624,2025-12-01,202512,5627,C.S. CRUZ DE MOTUPE,RIS 7,I-3,SAN JUAN DE LURIGANCHO,7167.0,3.0,13.0,12.0,508.0,63.0,2026-01-05,7163.0,4.0,0.1674340728338217,7.088042416631785,0.8790288823775638,2389.0,99.94418864238872,0.05581135761127389,2025,12,5.0,0.0,9197.0,3.0,15.0,3065.6666666666665,8.056975100576276,23.55115798629988,10.427313254322062,99.28237468739806,11.41139670702269,21.9757706893415,9573.666666666666,0.0,12
5624,2026-01-01,202601,5627,C.S. CRUZ DE MOTUPE,RIS 7,I-3,SAN JUAN DE LURIGANCHO,7796.0,3.0,14.0,11.0,1166.0,1.0,2026-02-06,7786.0,10.0,0.14109799897383274,14.956387891226269,0.012827090815802977,2598.6666666666665,99.87172909184197,0.12827090815802974,2026,1,6.0,0.0,7167.0,3.0,13.0,2389.0,0.1674340728338217,7.088042416631785,0.8790288823775638,99.94418864238872,7.695508301926331,14.481451369994701,8404.0,0.0,01
5624,2026-02-01,202602,5627,C.S. CRUZ DE MOTUPE,RIS 7,I-3,SAN JUAN DE LURIGANCHO,8931.0,3.0,15.0,1661.0,1369.0,736.0,2026-03-04,8910.0,21.0,18.598141305564887,15.328630612473408,8.24095845929907,2977.0,99.7648639570037,0.235136042996305,2026,2,4.0,1.0,7796.0,3.0,14.0,2598.6666666666665,0.14109799897383274,14.956387891226269,0.012827090815802977,99.87172909184197,2.7885023907946436,15.198529431385978,8053.333333333333,0.0,02
5624,2026-03-01,202603,5627,C.S. CRUZ DE MOTUPE,RIS 7,I-3,SAN JUAN DE LURIGANCHO,10398.0,3.0,14.0,21.0,266.0,0.0,2026-04-05,10396.0,2.0,0.20196191575302944,2.5581842662050396,0.0,3466.0,99.98076553183304,0.019234468166955183,2026,3,5.0,0.0,8931.0,3.0,15.0,2977.0,18.598141305564887,15.328630612473408,8.24095845929907,99.7648639570037,6.30222445912418,12.45768697344382,7964.666666666667,1.0,03
5624,2026-04-01,202604,5627,C.S. CRUZ DE MOTUPE,RIS 7,I-3,SAN JUAN DE LURIGANCHO,8900.0,2.0,15.0,178.0,1268.0,813.0,2026-05-05,8471.0,429.0,2.0,14.247191011235955,9.134831460674157,4450.0,95.17977528089888,4.820224719101123,2026,4,5.0,0.0,10398.0,3.0,14.0,3466.0,0.20196191575302944,2.5581842662050396,0.0,99.98076553183304,6.313733740097249,10.947734256634904,9041.666666666666,0.0,04
5624,2026-05-01,202605,5627,C.S. CRUZ DE MOTUPE,RIS 7,I-3,SAN JUAN DE LURIGANCHO,10239.0,3.0,17.0,15.0,1800.0,677.0,2026-06-04,8503.0,1736.0,0.1464986815118664,17.579841781423966,6.611973825568903,3413.0,83.04521925969333,16.95478074030667,2026,5,4.0,0.0,8900.0,2.0,15.0,4450.0,2.0,14.247191011235955,9.134831460674157,95.17977528089888,6.933367740439305,10.711335296638135,9409.666666666666,0.0,05
5624,2026-06-01,202606,5627,C.S. CRUZ DE MOTUPE,RIS 7,I-3,SAN JUAN DE LURIGANCHO,11168.0,4.0,18.0,482.0,1412.0,139.0,2026-07-05,9926.0,1242.0,4.315902578796561,12.6432664756447,1.2446275071633237,2792.0,88.87893982808023,11.12106017191977,2026,6,5.0,0.0,10239.0,3.0,17.0,3413.0,0.1464986815118664,17.579841781423966,6.611973825568903,83.04521925969333,0.7828201990882985,11.461739019621653,9845.666666666666,0.0,06
5624,2026-07-01,202607,5627,C.S. CRUZ DE MOTUPE,RIS 7,I-3,SAN JUAN DE LURIGANCHO,9648.0,5.0,16.0,350.0,1072.0,793.0,2026-08-04,8237.0,1411.0,3.627694859038143,11.11111111111111,8.219320066334992,1929.6,85.37520729684908,14.624792703150913,2026,7,4.0,0.0,11168.0,4.0,18.0,2792.0,4.315902578796561,12.6432664756447,1.2446275071633237,88.87893982808023,2.154133753436142,14.823433089434873,10102.333333333334,0.0,07
5624,2026-08-01,202608,5627,C.S. CRUZ DE MOTUPE,RIS 7,I-3,SAN JUAN DE LURIGANCHO,10296.0,2.0,15.0,805.0,2135.0,705.0,2026-09-04,9359.0,937.0,7.818570318570319,20.736208236208235,6.847319347319347,5148.0,90.8993783993784,9.1006216006216,2026,8,4.0,0.0,9648.0,5.0,16.0,1929.6,3.627694859038143,11.11111111111111,8.219320066334992,85.37520729684908,2.696698706448857,13.77807312272659,10351.666666666666,0.0,08
5625,2025-02-01,202502,5628,C.S. JOSE CARLOS MARIATEGUI,RIS 7,I-3,SAN JUAN DE LURIGANCHO,6353.0,3.0,15.0,225.0,2066.0,865.0,2025-03-04,5590.0,763.0,3.541633873760428,32.52006925861797,13.615614670234535,2117.6666666666665,87.98992601920352,12.010073980796474,2025,2,4.0,0.0,6942.0,3.0,16.0,2314.0,2.2615960818208007,18.827427254393548,4.393546528377989,87.51080380293864,2.2615960818208007,18.827427254393548,6942.0,0.0,02
5625,2025-03-01,202503,5628,C.S. JOSE CARLOS MARIATEGUI,RIS 7,I-3,SAN JUAN DE LURIGANCHO,7306.0,4.0,14.0,419.0,1551.0,446.0,2025-04-05,6410.0,896.0,5.7350123186422115,21.22912674514098,6.104571584998631,1826.5,87.73610730906104,12.263892690938954,2025,3,5.0,0.0,6353.0,3.0,15.0,2117.6666666666665,3.541633873760428,32.52006925861797,13.615614670234535,87.98992601920352,2.901614977790614,25.67374825650576,6647.5,0.0,03
5625,2025-04-01,202504,5628,C.S. JOSE CARLOS MARIATEGUI,RIS 7,I-3,SAN JUAN DE LURIGANCHO,8604.0,3.0,15.0,50.0,3619.0,1797.0,2025-05-05,7347.0,1257.0,0.5811250581125058,42.06183170618317,20.88563458856346,2868.0,85.3905160390516,14.609483960948396,2025,4,5.0,0.0,7306.0,4.0,14.0,1826.5,5.7350123186422115,21.22912674514098,6.104571584998631,87.73610730906104,3.8460807580744802,24.192207752717497,6867.0,0.0,04
5625,2025-05-01,202505,5628,C.S. JOSE CARLOS MARIATEGUI,RIS 7,I-3,SAN JUAN DE LURIGANCHO,9936.0,3.0,15.0,815.0,3007.0,1446.0,2025-06-04,8165.0,1771.0,8.202495974235104,30.263687600644122,14.553140096618357,3312.0,82.17592592592592,17.824074074074073,2025,5,4.0,0.0,8604.0,3.0,15.0,2868.0,0.5811250581125058,42.06183170618317,20.88563458856346,85.3905160390516,3.2859237501717153,31.937009236647373,7421.0,0.0,05
5625,2025-06-01,202506,5628,C.S. JOSE CARLOS MARIATEGUI,RIS 7,I-3,SAN JUAN DE LURIGANCHO,9992.0,4.0,15.0,1451.0,1584.0,550.0,2025-07-05,7528.0,2464.0,14.521617293835067,15.852682145716573,5.504403522818254,2498.0,75.34027221777421,24.65972778222578,2025,6,5.0,1.0,9936.0,3.0,15.0,3312.0,8.202495974235104,30.263687600644122,14.553140096618357,82.17592592592592,4.8395444503299405,31.18488201732276,8615.333333333334,0.0,06
5625,2025-07-01,202507,5628,C.S. JOSE CARLOS MARIATEGUI,RIS 7,I-3,SAN JUAN DE LURIGANCHO,8053.0,6.0,15.0,99.0,2375.0,1013.0,2025-08-04,6762.0,1291.0,1.229355519682106,29.492114739848503,12.579163044828015,1342.1666666666667,83.96870731404445,16.031292685955545,2025,7,4.0,0.0,9992.0,4.0,15.0,2498.0,14.521617293835067,15.852682145716573,5.504403522818254,75.34027221777421,7.768412775394225,29.39273381751462,9510.666666666666,1.0,07
5625,2025-08-01,202508,5628,C.S. JOSE CARLOS MARIATEGUI,RIS 7,I-3,SAN JUAN DE LURIGANCHO,7703.0,4.0,18.0,197.0,2686.0,1214.0,2025-09-04,6257.0,1446.0,2.5574451512397767,34.86953135142152,15.760093470076594,1925.75,81.22809295079838,18.77190704920161,2025,8,4.0,0.0,8053.0,6.0,15.0,1342.1666666666667,1.229355519682106,29.492114739848503,12.579163044828015,83.96870731404445,7.9844895959174265,25.202828162069732,9327.0,0.0,08
5625,2025-09-01,202509,5628,C.S. JOSE CARLOS MARIATEGUI,RIS 7,I-3,SAN JUAN DE LURIGANCHO,8464.0,2.0,15.0,1484.0,515.0,115.0,2025-10-04,7463.0,1001.0,17.533081285444233,6.084593572778828,1.358695652173913,4232.0,88.1734404536862,11.8265595463138,2025,9,4.0,1.0,7703.0,4.0,18.0,1925.75,2.5574451512397767,34.86953135142152,15.760093470076594,81.22809295079838,6.1028059882523165,26.738109412328868,8582.666666666666,0.0,09
5625,2025-10-01,202510,5628,C.S. JOSE CARLOS MARIATEGUI,RIS 7,I-3,SAN JUAN DE LURIGANCHO,6094.0,2.0,17.0,361.0,1541.0,1445.0,2025-11-04,4968.0,1126.0,5.923859533967837,25.28716770594027,23.711847719067936,3047.0,81.52280932064326,18.477190679356745,2025,10,4.0,0.0,8464.0,2.0,15.0,4232.0,17.533081285444233,6.084593572778828,1.358695652173913,88.1734404536862,7.106627318788704,23.482079888016287,8073.333333333333,1.0,10
5625,2025-11-01,202511,5628,C.S. JOSE CARLOS MARIATEGUI,RIS 7,I-3,SAN JUAN DE LURIGANCHO,6059.0,2.0,21.0,152.0,1175.0,811.0,2025-12-04,5403.0,656.0,2.508664796170985,19.392639049348077,13.385047037464929,3029.5,89.17313087968311,10.826869120316884,2025,11,4.0,0.0,6094.0,2.0,17.0,3047.0,5.923859533967837,25.28716770594027,23.711847719067936,81.52280932064326,8.671461990217281,22.08043087671354,7420.333333333333,0.0,11
5625,2025-12-01,202512,5628,C.S. JOSE CARLOS MARIATEGUI,RIS 7,I-3,SAN JUAN DE LURIGANCHO,5923.0,3.0,16.0,17.0,855.0,73.0,2026-01-05,5199.0,724.0,0.28701671450278576,14.435252405875401,1.2324835387472564,1974.3333333333333,87.77646462941077,12.223535370589229,2025,12,5.0,0.0,6059.0,2.0,21.0,3029.5,2.508664796170985,19.392639049348077,13.385047037464929,89.17313087968311,8.655201871861019,16.921466776022392,6872.333333333333,0.0,12
5625,2026-01-01,202601,5628,C.S. JOSE CARLOS MARIATEGUI,RIS 7,I-3,SAN JUAN DE LURIGANCHO,7606.0,4.0,17.0,126.0,1129.0,0.0,2026-02-06,6779.0,827.0,1.6565869050749409,14.843544570076256,0.0,1901.5,89.12700499605575,10.872995003944254,2026,1,6.0,0.0,5923.0,3.0,16.0,1974.3333333333333,0.28701671450278576,14.435252405875401,1.2324835387472564,87.77646462941077,2.906513681547203,19.705019720387916,6025.333333333333,0.0,01
5625,2026-02-01,202602,5628,C.S. JOSE CARLOS MARIATEGUI,RIS 7,I-3,SAN JUAN DE LURIGANCHO,6823.0,4.0,15.0,239.0,1292.0,446.0,2026-03-04,5862.0,961.0,3.5028579803605453,18.935951927304703,6.53671405540085,1705.75,85.91528653085153,14.084713469148468,2026,2,4.0,0.0,7606.0,4.0,17.0,1901.5,1.6565869050749409,14.843544570076256,0.0,89.12700499605575,1.4840894719162374,16.223812008433246,6529.333333333333,0.0,02
5625,2026-03-01,202603,5628,C.S. JOSE CARLOS MARIATEGUI,RIS 7,I-3,SAN JUAN DE LURIGANCHO,8424.0,3.0,14.0,146.0,2293.0,1008.0,2026-04-05,7097.0,1327.0,1.7331433998100665,27.219848053181387,11.965811965811966,2808.0,84.24738841405508,15.75261158594492,2026,3,5.0,0.0,6823.0,4.0,15.0,1705.75,3.5028579803605453,18.935951927304703,6.53671405540085,85.91528653085153,1.8154871999794242,16.07158296775212,6784.0,0.0,03
5625,2026-04-01,202604,5628,C.S. JOSE CARLOS MARIATEGUI,RIS 7,I-3,SAN JUAN DE LURIGANCHO,9012.0,3.0,16.0,114.0,2331.0,340.0,2026-05-05,7241.0,1771.0,1.2649800266311584,25.865512649800266,3.7727474478473146,3004.0,80.34842432312472,19.65157567687528,2026,4,5.0,0.0,8424.0,3.0,14.0,2808.0,1.7331433998100665,27.219848053181387,11.965811965811966,84.24738841405508,2.2975294284151846,20.333114850187446,7617.666666666667,0.0,04
5625,2026-05-01,202605,5628,C.S. JOSE CARLOS MARIATEGUI,RIS 7,I-3,SAN JUAN DE LURIGANCHO,9100.0,6.0,16.0,353.0,3300.0,1556.0,2026-06-04,7231.0,1869.0,3.879120879120879,36.26373626373626,17.0989010989011,1516.6666666666667,79.46153846153847,20.53846153846154,2026,5,4.0,0.0,9012.0,3.0,16.0,3004.0,1.2649800266311584,25.865512649800266,3.7727474478473146,80.34842432312472,2.166993802267257,24.007104210095452,8086.333333333333,0.0,05
5625,2026-06-01,202606,5628,C.S. JOSE CARLOS MARIATEGUI,RIS 7,I-3,SAN JUAN DE LURIGANCHO,9061.0,4.0,16.0,145.0,2748.0,882.0,2026-07-05,7949.0,1112.0,1.600264871426995,30.32777839090608,9.734024942059376,2265.25,87.72762388257367,12.272376117426333,2026,6,5.0,0.0,9100.0,6.0,16.0,1516.6666666666667,3.879120879120879,36.26373626373626,17.0989010989011,79.46153846153847,2.2924147685207017,29.783032322239308,8845.333333333334,0.0,06
5625,2026-07-01,202607,5628,C.S. JOSE CARLOS MARIATEGUI,RIS 7,I-3,SAN JUAN DE LURIGANCHO,9130.0,4.0,16.0,780.0,3091.0,833.0,2026-08-04,7531.0,1599.0,8.543263964950713,33.855421686746986,9.123767798466593,2282.5,82.48630887185104,17.51369112814896,2026,7,4.0,0.0,9061.0,4.0,16.0,2265.25,1.600264871426995,30.32777839090608,9.734024942059376,87.72762388257367,2.2481219257263443,30.81900910148087,9057.666666666666,0.0,07
5625,2026-08-01,202608,5628,C.S. JOSE CARLOS MARIATEGUI,RIS 7,I-3,SAN JUAN DE LURIGANCHO,8978.0,3.0,17.0,2694.0,1855.0,344.0,2026-09-04,7780.0,1198.0,30.00668300289597,20.661617286700825,3.8315883270216085,2992.6666666666665,86.65627088438406,13.34372911561595,2026,8,4.0,1.0,9130.0,4.0,16.0,2282.5,8.543263964950713,33.855421686746986,9.123767798466593,82.48630887185104,4.674216571832862,33.482312113796446,9097.0,0.0,08
5626,2025-02-01,202502,5629,C.S. ENRIQUE MONTENEGRO,RIS 7,I-3,SAN JUAN DE LURIGANCHO,5953.0,2.0,14.0,124.0,961.0,602.0,2025-03-04,5666.0,287.0,2.0829833697295483,16.143121115403996,10.112548294977323,2976.5,95.17890139425499,4.821098605745003,2025,2,4.0,0.0,5392.0,2.0,13.0,2696.0,1.632047477744807,5.730712166172107,2.3182492581602374,95.21513353115726,1.632047477744807,5.730712166172107,5392.0,0.0,02
5626,2025-03-01,202503,5629,C.S. ENRIQUE MONTENEGRO,RIS 7,I-3,SAN JUAN DE LURIGANCHO,5928.0,3.0,14.0,243.0,711.0,593.0,2025-04-05,5672.0,256.0,4.09919028340081,11.993927125506072,10.003373819163293,1976.0,95.68151147098516,4.318488529014845,2025,3,5.0,0.0,5953.0,2.0,14.0,2976.5,2.0829833697295483,16.143121115403996,10.112548294977323,95.17890139425499,1.8575154237371776,10.936916640788052,5672.5,0.0,03
5626,2025-04-01,202504,5629,C.S. ENRIQUE MONTENEGRO,RIS 7,I-3,SAN JUAN DE LURIGANCHO,5673.0,2.0,14.0,49.0,741.0,25.0,2025-05-05,5104.0,569.0,0.8637405252952582,13.061872025383394,0.44068394147717255,2836.5,89.97003349197955,10.029966508020447,2025,4,5.0,0.0,5928.0,3.0,14.0,1976.0,4.09919028340081,11.993927125506072,10.003373819163293,95.68151147098516,2.6047403769583886,11.289253469027392,5757.666666666667,0.0,04
5626,2025-05-01,202505,5629,C.S. ENRIQUE MONTENEGRO,RIS 7,I-3,SAN JUAN DE LURIGANCHO,7643.0,2.0,14.0,124.0,976.0,163.0,2025-06-04,6806.0,837.0,1.622399581316237,12.769854769069736,2.132670417375376,3821.5,89.0488028261154,10.9511971738846,2025,5,4.0,0.0,5673.0,2.0,14.0,2836.5,0.8637405252952582,13.061872025383394,0.44068394147717255,89.97003349197955,2.3486380594752054,13.732973422097821,5851.333333333333,0.0,05
5626,2025-06-01,202506,5629,C.S. ENRIQUE MONTENEGRO,RIS 7,I-3,SAN JUAN DE LURIGANCHO,6681.0,3.0,15.0,64.0,760.0,6.0,2025-07-05,6146.0,535.0,0.9579404280796288,11.375542583445592,0.0898069151324652,2227.0,91.99221673402185,8.007783265978148,2025,6,5.0,0.0,7643.0,2.0,14.0,3821.5,1.622399581316237,12.769854769069736,2.132670417375376,89.0488028261154,2.195110130004102,12.608551306653068,6414.666666666667,0.0,06
5626,2025-07-01,202507,5629,C.S. ENRIQUE MONTENEGRO,RIS 7,I-3,SAN JUAN DE LURIGANCHO,7054.0,5.0,15.0,23.0,148.0,10.0,2025-08-04,6350.0,704.0,0.3260561383612135,2.0981003685851998,0.14176353841791892,1410.8,90.0198468953785,9.980153104621492,2025,7,4.0,0.0,6681.0,3.0,15.0,2227.0,0.9579404280796288,11.375542583445592,0.0898069151324652,91.99221673402185,1.1480268448970417,12.402423125966243,6665.666666666667,0.0,07
5626,2025-08-01,202508,5629,C.S. ENRIQUE MONTENEGRO,RIS 7,I-3,SAN JUAN DE LURIGANCHO,6065.0,2.0,15.0,75.0,675.0,181.0,2025-09-04,5659.0,406.0,1.2366034624896949,11.129431162407254,2.9843363561417973,3032.5,93.30585325638911,6.694146743610882,2025,8,4.0,0.0,7054.0,5.0,15.0,1410.8,0.3260561383612135,2.0981003685851998,0.14176353841791892,90.0198468953785,0.9687987159190268,8.747832573700176,7126.0,0.0,08
5626,2025-09-01,202509,5629,C.S. ENRIQUE MONTENEGRO,RIS 7,I-3,SAN JUAN DE LURIGANCHO,7879.0,2.0,15.0,64.0,1141.0,0.0,2025-10-04,7304.0,575.0,0.8122858230739941,14.481533189491053,0.0,3939.5,92.70211955831958,7.297880441680416,2025,9,4.0,0.0,6065.0,2.0,15.0,3032.5,1.2366034624896949,11.129431162407254,2.9843363561417973,93.30585325638911,0.8402000096435126,8.201024704812681,6600.0,0.0,09
5626,2025-10-01,202510,5629,C.S. ENRIQUE MONTENEGRO,RIS 7,I-3,SAN JUAN DE LURIGANCHO,7351.0,2.0,15.0,1163.0,804.0,442.0,2025-11-04,6858.0,493.0,15.820976737858794,10.937287443885186,6.012787375867229,3675.5,93.29342946537886,6.70657053462114,2025,10,4.0,1.0,7879.0,2.0,15.0,3939.5,0.8122858230739941,14.481533189491053,0.0,92.70211955831958,0.7916484746416343,9.236354906827836,6999.333333333333,0.0,10
5626,2025-11-01,202511,5629,C.S. ENRIQUE MONTENEGRO,RIS 7,I-3,SAN JUAN DE LURIGANCHO,6724.0,1.0,14.0,13.0,1240.0,1.0,2025-12-04,6301.0,423.0,0.1933372992266508,18.441403926234383,0.0148720999405116,6724.0,93.70910172516359,6.290898274836407,2025,11,4.0,0.0,7351.0,2.0,15.0,3675.5,15.820976737858794,10.937287443885186,6.012787375867229,93.29342946537886,5.956622007807495,12.182750598594497,7098.333333333333,1.0,11
5626,2025-12-01,202512,5629,C.S. ENRIQUE MONTENEGRO,RIS 7,I-3,SAN JUAN DE LURIGANCHO,6323.0,1.0,14.0,22.0,1170.0,713.0,2026-01-05,5902.0,421.0,0.34793610627866517,18.503874743001738,11.276292898940376,6323.0,93.341768148031,6.658231851969002,2025,12,5.0,0.0,6724.0,1.0,14.0,6724.0,0.1933372992266508,18.441403926234383,0.0148720999405116,93.70910172516359,5.6088666200531465,14.62007485320354,7318.0,0.0,12
5626,2026-01-01,202601,5629,C.S. ENRIQUE MONTENEGRO,RIS 7,I-3,SAN JUAN DE LURIGANCHO,6524.0,2.0,14.0,97.0,429.0,0.0,2026-02-06,6066.0,458.0,1.486817903126916,6.575720416922134,0.0,3262.0,92.97976701410178,7.020232985898222,2026,1,6.0,0.0,6323.0,1.0,14.0,6323.0,0.34793610627866517,18.503874743001738,11.276292898940376,93.341768148031,5.454083381121371,15.960855371040436,6799.333333333333,0.0,01
5626,2026-02-01,202602,5629,C.S. ENRIQUE MONTENEGRO,RIS 7,I-3,SAN JUAN DE LURIGANCHO,7012.0,1.0,15.0,101.0,1127.0,444.0,2026-03-04,6368.0,644.0,1.4403879064460925,16.072447233314318,6.332002281802624,7012.0,90.81574443810611,9.184255561893897,2026,2,4.0,0.0,6524.0,2.0,14.0,3262.0,1.486817903126916,6.575720416922134,0.0,92.97976701410178,0.676030436210744,14.506999695386083,6523.666666666667,0.0,02
5626,2026-03-01,202603,5629,C.S. ENRIQUE MONTENEGRO,RIS 7,I-3,SAN JUAN DE LURIGANCHO,8028.0,2.0,14.0,269.0,873.0,0.0,2026-04-05,7514.0,514.0,3.350772296960638,10.874439461883409,0.0,4014.0,93.59740906826109,6.402590931738914,2026,3,5.0,0.0,7012.0,1.0,15.0,7012.0,1.4403879064460925,16.072447233314318,6.332002281802624,90.81574443810611,1.091713971950558,13.71734746441273,6619.666666666667,0.0,03
5626,2026-04-01,202604,5629,C.S. ENRIQUE MONTENEGRO,RIS 7,I-3,SAN JUAN DE LURIGANCHO,8003.0,1.0,14.0,82.0,884.0,2.0,2026-05-05,7327.0,676.0,1.0246157690865925,11.045857803323754,0.024990628514307136,8003.0,91.55316756216419,8.44683243783581,2026,4,5.0,0.0,8028.0,2.0,14.0,4014.0,3.350772296960638,10.874439461883409,0.0,93.59740906826109,2.092659368844549,11.174202370706618,7188.0,0.0,04
5626,2026-05-01,202605,5629,C.S. ENRIQUE MONTENEGRO,RIS 7,I-3,SAN JUAN DE LURIGANCHO,7723.0,4.0,15.0,1.0,1255.0,741.0,2026-06-04,6834.0,889.0,0.012948336138806164,16.250161854201735,9.594717078855368,1930.75,88.48892917260132,11.51107082739868,2026,5,4.0,0.0,8003.0,1.0,14.0,8003.0,1.0246157690865925,11.045857803323754,0.024990628514307136,91.55316756216419,1.9385919908311078,12.664248166173827,7681.0,0.0,05
5626,2026-06-01,202606,5629,C.S. ENRIQUE MONTENEGRO,RIS 7,I-3,SAN JUAN DE LURIGANCHO,7075.0,5.0,17.0,49.0,844.0,235.0,2026-07-05,6639.0,436.0,0.6925795053003534,11.929328621908127,3.3215547703180213,1415.0,93.83745583038869,6.162544169611308,2026,6,5.0,0.0,7723.0,4.0,15.0,1930.75,0.012948336138806164,16.250161854201735,9.594717078855368,88.48892917260132,1.4627788007286788,12.723486373136302,7918.0,0.0,06
5626,2026-07-01,202607,5629,C.S. ENRIQUE MONTENEGRO,RIS 7,I-3,SAN JUAN DE LURIGANCHO,6779.0,1.0,15.0,7.0,515.0,9.0,2026-08-04,6434.0,345.0,0.10326006785661603,7.596990706593893,0.13276294438707775,6779.0,94.91075379849535,5.089246201504647,2026,7,4.0,0.0,7075.0,5.0,17.0,1415.0,0.6925795053003534,11.929328621908127,3.3215547703180213,93.83745583038869,0.5767145368419175,13.075116093144539,7600.333333333333,0.0,07
5626,2026-08-01,202608,5629,C.S. ENRIQUE MONTENEGRO,RIS 7,I-3,SAN JUAN DE LURIGANCHO,8017.0,2.0,15.0,12.0,116.0,0.0,2026-09-04,7381.0,636.0,0.14968192590744667,1.4469252837719846,0.0,4008.5,92.06685792690533,7.933142073094674,2026,8,4.0,0.0,6779.0,1.0,15.0,6779.0,0.10326006785661603,7.596990706593893,0.13276294438707775,94.91075379849535,0.2695959697652587,11.925493727567918,7192.333333333333,0.0,08
5627,2025-02-01,202502,5630,P.S. JOSE CARLOS MARIATEGUI V ETAPA,RIS 7,I-2,SAN JUAN DE LURIGANCHO,2290.0,2.0,13.0,6.0,134.0,2.0,2025-03-04,2076.0,214.0,0.26200873362445415,5.851528384279476,0.08733624454148471,1145.0,90.65502183406113,9.344978165938864,2025,2,4.0,0.0,2706.0,2.0,8.0,1353.0,0.5543237250554324,20.694752402069476,0.0,85.80931263858093,0.5543237250554324,20.694752402069476,2706.0,0.0,02
5627,2025-03-01,202503,5630,P.S. JOSE CARLOS MARIATEGUI V ETAPA,RIS 7,I-2,SAN JUAN DE LURIGANCHO,2930.0,1.0,12.0,1.0,166.0,7.0,2025-04-05,2741.0,189.0,0.034129692832764506,5.665529010238908,0.23890784982935154,2930.0,93.54948805460751,6.450511945392491,2025,3,5.0,0.0,2290.0,2.0,13.0,1145.0,0.26200873362445415,5.851528384279476,0.08733624454148471,90.65502183406113,0.4081662293399433,13.273140393174476,2498.0,0.0,03
5627,2025-04-01,202504,5630,P.S. JOSE CARLOS MARIATEGUI V ETAPA,RIS 7,I-2,SAN JUAN DE LURIGANCHO,3077.0,1.0,12.0,2.0,36.0,19.0,2025-05-05,2589.0,488.0,0.06499837504062399,1.1699707507312318,0.6174845628859279,3077.0,84.14039649008775,15.859603509912253,2025,4,5.0,0.0,2930.0,1.0,12.0,2930.0,0.034129692832764506,5.665529010238908,0.23890784982935154,93.54948805460751,0.28348738383755034,10.737269932195952,2642.0,0.0,04
5627,2025-05-01,202505,5630,P.S. JOSE CARLOS MARIATEGUI V ETAPA,RIS 7,I-2,SAN JUAN DE LURIGANCHO,3646.0,1.0,13.0,376.0,653.0,360.0,2025-06-04,3012.0,634.0,10.312671420735052,17.91003839824465,9.873834339001645,3646.0,82.61108063631377,17.38891936368623,2025,5,4.0,1.0,3077.0,1.0,12.0,3077.0,0.06499837504062399,1.1699707507312318,0.6174845628859279,84.14039649008775,0.12037893383261422,4.229009381749871,2765.6666666666665,0.0,05
5627,2025-06-01,202506,5630,P.S. JOSE CARLOS MARIATEGUI V ETAPA,RIS 7,I-2,SAN JUAN DE LURIGANCHO,3026.0,2.0,13.0,2.0,48.0,6.0,2025-07-05,2612.0,414.0,0.06609385327164574,1.5862524785194976,0.1982815598149372,1513.0,86.31857237276934,13.681427627230667,2025,6,5.0,0.0,3646.0,1.0,13.0,3646.0,10.312671420735052,17.91003839824465,9.873834339001645,82.61108063631377,3.470599829536147,8.248512719738263,3217.6666666666665,1.0,06
5627,2025-07-01,202507,5630,P.S. JOSE CARLOS MARIATEGUI V ETAPA,RIS 7,I-2,SAN JUAN DE LURIGANCHO,2682.0,2.0,15.0,17.0,80.0,21.0,2025-08-04,2278.0,404.0,0.633855331841909,2.982848620432513,0.7829977628635347,1341.0,84.93661446681581,15.06338553318419,2025,7,4.0,0.0,3026.0,2.0,13.0,1513.0,0.06609385327164574,1.5862524785194976,0.1982815598149372,86.31857237276934,3.481254549682441,6.888753875831793,3249.6666666666665,0.0,07
5627,2025-08-01,202508,5630,P.S. JOSE CARLOS MARIATEGUI V ETAPA,RIS 7,I-2,SAN JUAN DE LURIGANCHO,2978.0,2.0,15.0,8.0,125.0,0.0,2025-09-04,2666.0,312.0,0.2686366689053056,4.197447951645399,0.0,1489.0,89.52316991269308,10.476830087306917,2025,8,4.0,0.0,2682.0,2.0,15.0,1341.0,0.633855331841909,2.982848620432513,0.7829977628635347,84.93661446681581,3.670873535282869,7.493046499065553,3118.0,0.0,08
5627,2025-09-01,202509,5630,P.S. JOSE CARLOS MARIATEGUI V ETAPA,RIS 7,I-2,SAN JUAN DE LURIGANCHO,3933.0,1.0,15.0,55.0,383.0,0.0,2025-10-04,3501.0,432.0,1.398423595219934,9.73811339944063,0.0,3933.0,89.01601830663616,10.983981693363845,2025,9,4.0,0.0,2978.0,2.0,15.0,1489.0,0.2686366689053056,4.197447951645399,0.0,89.52316991269308,0.3228619513396201,2.922183016865802,2895.3333333333335,0.0,09
5627,2025-10-01,202510,5630,P.S. JOSE CARLOS MARIATEGUI V ETAPA,RIS 7,I-2,SAN JUAN DE LURIGANCHO,3267.0,1.0,13.0,98.0,275.0,194.0,2025-11-04,2875.0,392.0,2.999693908784818,8.417508417508417,5.938169574533211,3267.0,88.00122436486073,11.998775635139271,2025,10,4.0,0.0,3933.0,1.0,15.0,3933.0,1.398423595219934,9.73811339944063,0.0,89.01601830663616,0.7669718653223828,5.639469990506179,3197.6666666666665,0.0,10
5627,2025-11-01,202511,5630,P.S. JOSE CARLOS MARIATEGUI V ETAPA,RIS 7,I-2,SAN JUAN DE LURIGANCHO,3281.0,1.0,11.0,4.0,143.0,24.0,2025-12-04,2963.0,318.0,0.121914050594331,4.358427308747333,0.7314843035659859,3281.0,90.30783297775069,9.692167022249315,2025,11,4.0,0.0,3267.0,1.0,13.0,3267.0,2.999693908784818,8.417508417508417,5.938169574533211,88.00122436486073,1.5555847243033523,7.451023256198148,3392.6666666666665,0.0,11
5627,2025-12-01,202512,5630,P.S. JOSE CARLOS MARIATEGUI V ETAPA,RIS 7,I-2,SAN JUAN DE LURIGANCHO,2636.0,1.0,11.0,1.0,199.0,2.0,2026-01-05,2307.0,329.0,0.03793626707132018,7.549317147192716,0.07587253414264036,2636.0,87.51896813353567,12.48103186646434,2025,12,5.0,0.0,3281.0,1.0,11.0,3281.0,0.121914050594331,4.358427308747333,0.7314843035659859,90.30783297775069,1.506677184866361,7.504683041898791,3493.6666666666665,0.0,12
5627,2026-01-01,202601,5630,P.S. JOSE CARLOS MARIATEGUI V ETAPA,RIS 7,I-2,SAN JUAN DE LURIGANCHO,2850.0,1.0,12.0,69.0,320.0,0.0,2026-02-06,2625.0,225.0,2.4210526315789473,11.228070175438596,0.0,2850.0,92.10526315789474,7.894736842105263,2026,1,6.0,0.0,2636.0,1.0,11.0,2636.0,0.03793626707132018,7.549317147192716,0.07587253414264036,87.51896813353567,1.053181408816823,6.775084291149487,3061.3333333333335,0.0,01
5627,2026-02-01,202602,5630,P.S. JOSE CARLOS MARIATEGUI V ETAPA,RIS 7,I-2,SAN JUAN DE LURIGANCHO,2568.0,1.0,13.0,28.0,287.0,27.0,2026-03-04,2289.0,279.0,1.0903426791277258,11.17601246105919,1.0514018691588785,2568.0,89.1355140186916,10.86448598130841,2026,2,4.0,0.0,2850.0,1.0,12.0,2850.0,2.4210526315789473,11.228070175438596,0.0,92.10526315789474,0.8603009830815328,7.7119382104595475,2922.3333333333335,0.0,02
5627,2026-03-01,202603,5630,P.S. JOSE CARLOS MARIATEGUI V ETAPA,RIS 7,I-2,SAN JUAN DE LURIGANCHO,3489.0,1.0,13.0,55.0,437.0,0.0,2026-04-05,3001.0,488.0,1.5763829177414732,12.525078819145888,0.0,3489.0,86.01318429349384,13.986815706506162,2026,3,5.0,0.0,2568.0,1.0,13.0,2568.0,1.0903426791277258,11.17601246105919,1.0514018691588785,89.1355140186916,1.1831105259259977,9.9844665945635,2684.6666666666665,0.0,03
5627,2026-04-01,202604,5630,P.S. JOSE CARLOS MARIATEGUI V ETAPA,RIS 7,I-2,SAN JUAN DE LURIGANCHO,3551.0,1.0,13.0,5.0,12.0,0.0,2026-05-05,2997.0,554.0,0.14080540692762603,0.33793297662630245,0.0,3551.0,84.39876091241904,15.601239087580963,2026,4,5.0,0.0,3489.0,1.0,13.0,3489.0,1.5763829177414732,12.525078819145888,0.0,86.01318429349384,1.695926076149382,11.64305381854789,2969.0,0.0,04
5627,2026-05-01,202605,5630,P.S. JOSE CARLOS MARIATEGUI V ETAPA,RIS 7,I-2,SAN JUAN DE LURIGANCHO,3438.0,2.0,11.0,13.0,322.0,116.0,2026-06-04,2353.0,1085.0,0.37812681791739383,9.365910413030832,3.3740546829552067,1719.0,68.44095404304828,31.559045956951717,2026,5,4.0,0.0,3551.0,1.0,13.0,3551.0,0.14080540692762603,0.33793297662630245,0.0,84.39876091241904,0.935843667932275,8.013008085610458,3202.6666666666665,0.0,05
5627,2026-06-01,202606,5630,P.S. JOSE CARLOS MARIATEGUI V ETAPA,RIS 7,I-2,SAN JUAN DE LURIGANCHO,3263.0,3.0,14.0,110.0,0.0,0.0,2026-07-05,2484.0,779.0,3.371130861170702,0.0,0.0,1087.6666666666667,76.12626417407294,23.87373582592706,2026,6,5.0,0.0,3438.0,2.0,11.0,1719.0,0.37812681791739383,9.365910413030832,3.3740546829552067,68.44095404304828,0.6984383808621644,7.409640736267673,3492.6666666666665,0.0,06
5627,2026-07-01,202607,5630,P.S. JOSE CARLOS MARIATEGUI V ETAPA,RIS 7,I-2,SAN JUAN DE LURIGANCHO,3049.0,1.0,11.0,3.0,75.0,71.0,2026-08-04,2632.0,417.0,0.09839291571006888,2.459822892751722,2.32863233847163,3049.0,86.32338471630042,13.676615283699574,2026,7,4.0,0.0,3263.0,3.0,14.0,1087.6666666666667,3.371130861170702,0.0,0.0,76.12626417407294,1.296687695338574,3.2346144632190437,3417.3333333333335,0.0,07
5627,2026-08-01,202608,5630,P.S. JOSE CARLOS MARIATEGUI V ETAPA,RIS 7,I-2,SAN JUAN DE LURIGANCHO,2901.0,1.0,11.0,5.0,58.0,43.0,2026-09-04,2595.0,306.0,0.1723543605653223,1.9993105825577386,1.4822475008617717,2901.0,89.45191313340227,10.548086866597725,2026,8,4.0,0.0,3049.0,1.0,11.0,3049.0,0.09839291571006888,2.459822892751722,2.32863233847163,86.32338471630042,1.2825501982660548,3.941911101927517,3250.0,0.0,08
5831,2025-02-01,202502,5834,C.S. LA LIBERTAD,RIS 5,I-3,SAN JUAN DE LURIGANCHO,5943.0,3.0,16.0,739.0,500.0,276.0,2025-03-04,5195.0,748.0,12.434797240450951,8.413259296651523,4.644119131751641,1981.0,87.41376409220932,12.586235907790678,2025,2,4.0,1.0,6799.0,4.0,17.0,1699.75,9.01603176937785,2.573907927636417,2.48565965583174,91.10163259302838,9.01603176937785,2.573907927636417,6799.0,0.0,02
5831,2025-03-01,202503,5834,C.S. LA LIBERTAD,RIS 5,I-3,SAN JUAN DE LURIGANCHO,7206.0,4.0,18.0,106.0,777.0,1.0,2025-04-05,6662.0,544.0,1.4709963918956426,10.782681099084096,0.013877324451845684,1801.5,92.45073549819595,7.5492645018040525,2025,3,5.0,0.0,5943.0,3.0,16.0,1981.0,12.434797240450951,8.413259296651523,4.644119131751641,87.41376409220932,10.7254145049144,5.49358361214397,6371.0,1.0,03
5831,2025-04-01,202504,5834,C.S. LA LIBERTAD,RIS 5,I-3,SAN JUAN DE LURIGANCHO,7865.0,3.0,17.0,98.0,549.0,0.0,2025-05-05,7024.0,841.0,1.246026700572155,6.98029243483789,0.0,2621.6666666666665,89.30705657978385,10.692943420216148,2025,4,5.0,0.0,7206.0,4.0,18.0,1801.5,1.4709963918956426,10.782681099084096,0.013877324451845684,92.45073549819595,7.640608467241481,7.25661610779068,6649.333333333333,0.0,04
5831,2025-05-01,202505,5834,C.S. LA LIBERTAD,RIS 5,I-3,SAN JUAN DE LURIGANCHO,8975.0,3.0,18.0,256.0,2081.0,1015.0,2025-06-04,7757.0,1218.0,2.852367688022284,23.186629526462397,11.309192200557103,2991.6666666666665,86.42896935933148,13.571030640668523,2025,5,4.0,0.0,7865.0,3.0,17.0,2621.6666666666665,1.246026700572155,6.98029243483789,0.0,89.30705657978385,5.050606777639583,8.725410943524503,7004.666666666667,0.0,05
5831,2025-06-01,202506,5834,C.S. LA LIBERTAD,RIS 5,I-3,SAN JUAN DE LURIGANCHO,7850.0,4.0,22.0,77.0,198.0,14.0,2025-07-05,6159.0,1691.0,0.9808917197452229,2.522292993630573,0.17834394904458598,1962.5,78.45859872611464,21.54140127388535,2025,6,5.0,0.0,8975.0,3.0,18.0,2991.6666666666665,2.852367688022284,23.186629526462397,11.309192200557103,86.42896935933148,1.856463593496694,13.649867686794794,8015.333333333333,0.0,06
5831,2025-07-01,202507,5834,C.S. LA LIBERTAD,RIS 5,I-3,SAN JUAN DE LURIGANCHO,6691.0,4.0,16.0,638.0,374.0,239.0,2025-08-04,6214.0,477.0,9.535196532655807,5.589597967418921,3.571962337468241,1672.75,92.87102077417427,7.128979225825736,2025,7,4.0,0.0,7850.0,4.0,22.0,1962.5,0.9808917197452229,2.522292993630573,0.17834394904458598,78.45859872611464,1.693095369446554,10.896404984976954,8230.0,0.0,07
5831,2025-08-01,202508,5834,C.S. LA LIBERTAD,RIS 5,I-3,SAN JUAN DE LURIGANCHO,7193.0,3.0,18.0,148.0,920.0,67.0,2025-09-04,6730.0,463.0,2.0575559571805924,12.790212706798275,0.9314611427777005,2397.6666666666665,93.5631864312526,6.436813568747393,2025,8,4.0,0.0,6691.0,4.0,16.0,1672.75,9.535196532655807,5.589597967418921,3.571962337468241,92.87102077417427,4.4561519801411045,10.432840162503965,7838.666666666667,0.0,08
5831,2025-09-01,202509,5834,C.S. LA LIBERTAD,RIS 5,I-3,SAN JUAN DE LURIGANCHO,8311.0,3.0,18.0,152.0,2919.0,1008.0,2025-10-04,8041.0,270.0,1.8289014559018169,35.122127301167126,12.128504391769944,2770.3333333333335,96.7512934664902,3.2487065335098064,2025,9,4.0,0.0,7193.0,3.0,18.0,2397.6666666666665,2.0575559571805924,12.790212706798275,0.9314611427777005,93.5631864312526,4.191214736527208,6.967367889282589,7244.666666666667,0.0,09
5831,2025-10-01,202510,5834,C.S. LA LIBERTAD,RIS 5,I-3,SAN JUAN DE LURIGANCHO,7089.0,3.0,17.0,1388.0,516.0,516.0,2025-11-04,6988.0,101.0,19.579630413316405,7.278882776132035,7.278882776132035,2363.0,98.57525744110593,1.4247425588940612,2025,10,4.0,1.0,8311.0,3.0,18.0,2770.3333333333335,1.8289014559018169,35.122127301167126,12.128504391769944,96.7512934664902,4.473884648579405,17.83397932512811,7398.333333333333,0.0,10
5831,2025-11-01,202511,5834,C.S. LA LIBERTAD,RIS 5,I-3,SAN JUAN DE LURIGANCHO,6810.0,2.0,18.0,55.0,540.0,7.0,2025-12-04,6721.0,89.0,0.8076358296622613,7.929515418502203,0.1027900146842878,3405.0,98.69309838472834,1.3069016152716593,2025,11,4.0,0.0,7089.0,3.0,17.0,2363.0,19.579630413316405,7.278882776132035,7.278882776132035,98.57525744110593,7.822029275466271,18.397074261365812,7531.0,1.0,11
5831,2025-12-01,202512,5834,C.S. LA LIBERTAD,RIS 5,I-3,SAN JUAN DE LURIGANCHO,5383.0,2.0,19.0,62.0,906.0,781.0,2026-01-05,5349.0,34.0,1.1517741036596694,16.830763514768716,14.508638305777447,2691.5,99.36838194315438,0.6316180568456251,2025,12,5.0,0.0,6810.0,2.0,18.0,3405.0,0.8076358296622613,7.929515418502203,0.1027900146842878,98.69309838472834,7.405389232960161,16.77684183193379,7403.333333333333,0.0,12
5831,2026-01-01,202601,5834,C.S. LA LIBERTAD,RIS 5,I-3,SAN JUAN DE LURIGANCHO,6741.0,2.0,17.0,100.0,1313.0,1.0,2026-02-06,6644.0,97.0,1.483459427384661,19.4778222815606,0.01483459427384661,3370.5,98.56104435543688,1.4389556445631213,2026,1,6.0,0.0,5383.0,2.0,19.0,2691.5,1.1517741036596694,16.830763514768716,14.508638305777447,99.36838194315438,7.1796801155461125,10.679720569800985,6427.333333333333,0.0,01
5831,2026-02-01,202602,5834,C.S. LA LIBERTAD,RIS 5,I-3,SAN JUAN DE LURIGANCHO,6710.0,2.0,18.0,310.0,595.0,88.0,2026-03-04,6650.0,60.0,4.619970193740685,8.86736214605067,1.3114754098360655,3355.0,99.10581222056632,0.8941877794336811,2026,2,4.0,0.0,6741.0,2.0,17.0,3370.5,1.483459427384661,19.4778222815606,0.01483459427384661,98.56104435543688,1.1476231202355305,14.746033738277172,6311.333333333333,0.0,02
5831,2026-03-01,202603,5834,C.S. LA LIBERTAD,RIS 5,I-3,SAN JUAN DE LURIGANCHO,7803.0,2.0,17.0,185.0,53.0,0.0,2026-04-05,7730.0,73.0,2.370882993720364,0.6792259387415097,0.0,3901.5,99.0644623862617,0.9355376137383058,2026,3,5.0,0.0,6710.0,2.0,18.0,3355.0,4.619970193740685,8.86736214605067,1.3114754098360655,99.10581222056632,2.418401241595005,15.05864931412666,6278.0,0.0,03
5831,2026-04-01,202604,5834,C.S. LA LIBERTAD,RIS 5,I-3,SAN JUAN DE LURIGANCHO,8096.0,2.0,17.0,665.0,818.0,439.0,2026-05-05,7374.0,722.0,8.213932806324111,10.103754940711463,5.422430830039525,4048.0,91.08201581027669,8.91798418972332,2026,4,5.0,0.0,7803.0,2.0,17.0,3901.5,2.370882993720364,0.6792259387415097,0.0,99.0644623862617,2.8247708716152364,9.674803455450926,7084.666666666667,0.0,04
5831,2026-05-01,202605,5834,C.S. LA LIBERTAD,RIS 5,I-3,SAN JUAN DE LURIGANCHO,7029.0,2.0,18.0,228.0,289.0,0.0,2026-06-04,6781.0,248.0,3.2437046521553565,4.111537914354816,0.0,3514.5,96.47175985204154,3.5282401479584578,2026,5,4.0,0.0,8096.0,2.0,17.0,4048.0,8.213932806324111,10.103754940711463,5.422430830039525,91.08201581027669,5.068261997928386,6.550114341834548,7536.333333333333,0.0,05
5831,2026-06-01,202606,5834,C.S. LA LIBERTAD,RIS 5,I-3,SAN JUAN DE LURIGANCHO,7116.0,1.0,19.0,124.0,36.0,0.0,2026-07-05,7075.0,41.0,1.7425519955030917,0.5059021922428331,0.0,7116.0,99.4238336143901,0.5761663856098932,2026,6,5.0,0.0,7029.0,2.0,18.0,3514.5,3.2437046521553565,4.111537914354816,0.0,96.47175985204154,4.609506817399944,4.96483959793593,7642.666666666667,0.0,06
5831,2026-07-01,202607,5834,C.S. LA LIBERTAD,RIS 5,I-3,SAN JUAN DE LURIGANCHO,6133.0,1.0,15.0,194.0,218.0,31.0,2026-08-04,6100.0,33.0,3.163215392140877,3.55454100766346,0.5054622533833361,6133.0,99.46192727865645,0.5380727213435513,2026,7,4.0,0.0,7116.0,1.0,19.0,7116.0,1.7425519955030917,0.5059021922428331,0.0,99.4238336143901,4.40006315132752,4.907065015769704,7413.666666666667,0.0,07
5831,2026-08-01,202608,5834,C.S. LA LIBERTAD,RIS 5,I-3,SAN JUAN DE LURIGANCHO,6754.0,2.0,17.0,67.0,121.0,0.0,2026-09-04,6543.0,211.0,0.9920047379330766,1.791530944625407,0.0,3377.0,96.87592537755404,3.124074622445958,2026,8,4.0,0.0,6133.0,1.0,15.0,6133.0,3.163215392140877,3.55454100766346,0.5054622533833361,99.46192727865645,2.7164906799331088,2.723993704753703,6759.333333333333,0.0,08
5832,2025-02-01,202502,5835,C.S. LA HUAYRONA,RIS 5,I-3,SAN JUAN DE LURIGANCHO,5827.0,2.0,18.0,43.0,400.0,0.0,2025-03-04,5826.0,1.0,0.7379440535438476,6.864595846919513,0.0,2913.5,99.9828385103827,0.01716148961729878,2025,2,4.0,0.0,4374.0,3.0,19.0,1458.0,1.0973936899862826,14.151806127114769,0.0,99.95427526291724,1.0973936899862826,14.151806127114769,4374.0,0.0,02
5832,2025-03-01,202503,5835,C.S. LA HUAYRONA,RIS 5,I-3,SAN JUAN DE LURIGANCHO,6280.0,1.0,19.0,15.0,0.0,0.0,2025-04-05,6270.0,10.0,0.23885350318471338,0.0,0.0,6280.0,99.8407643312102,0.1592356687898089,2025,3,5.0,0.0,5827.0,2.0,18.0,2913.5,0.7379440535438476,6.864595846919513,0.0,99.9828385103827,0.9176688717650652,10.50820098701714,5100.5,0.0,03
5832,2025-04-01,202504,5835,C.S. LA HUAYRONA,RIS 5,I-3,SAN JUAN DE LURIGANCHO,5368.0,2.0,16.0,8.0,424.0,0.0,2025-05-05,5367.0,1.0,0.14903129657228018,7.898658718330849,0.0,2684.0,99.98137108792847,0.018628912071535022,2025,4,5.0,0.0,6280.0,1.0,19.0,6280.0,0.23885350318471338,0.0,0.0,99.8407643312102,0.6913970822382812,7.005467324678094,5493.666666666667,0.0,04
5832,2025-05-01,202505,5835,C.S. LA HUAYRONA,RIS 5,I-3,SAN JUAN DE LURIGANCHO,5958.0,1.0,17.0,13.0,247.0,0.0,2025-06-04,5931.0,27.0,0.21819402484055053,4.14568647197046,0.0,5958.0,99.54682779456193,0.45317220543806647,2025,5,4.0,0.0,5368.0,2.0,16.0,2684.0,0.14903129657228018,7.898658718330849,0.0,99.98137108792847,0.3752762844336137,4.921084855083454,5825.0,0.0,05
5832,2025-06-01,202506,5835,C.S. LA HUAYRONA,RIS 5,I-3,SAN JUAN DE LURIGANCHO,4910.0,1.0,17.0,15.0,0.0,0.0,2025-07-05,4740.0,170.0,0.3054989816700611,0.0,0.0,4910.0,96.5376782077393,3.4623217922606924,2025,6,5.0,0.0,5958.0,1.0,17.0,5958.0,0.21819402484055053,4.14568647197046,0.0,99.54682779456193,0.20202627486584804,4.014781730100436,5868.666666666667,0.0,06
5832,2025-07-01,202507,5835,C.S. LA HUAYRONA,RIS 5,I-3,SAN JUAN DE LURIGANCHO,4749.0,2.0,17.0,5.0,0.0,0.0,2025-08-04,4700.0,49.0,0.1052853232259423,0.0,0.0,2374.5,98.96820383238577,1.0317961676142346,2025,7,4.0,0.0,4910.0,1.0,17.0,4910.0,0.3054989816700611,0.0,0.0,96.5376782077393,0.22424143436096391,4.014781730100436,5412.0,0.0,07
5832,2025-08-01,202508,5835,C.S. LA HUAYRONA,RIS 5,I-3,SAN JUAN DE LURIGANCHO,5211.0,2.0,19.0,12.0,679.0,0.0,2025-09-04,5128.0,83.0,0.23028209556706966,13.030128574170025,0.0,2605.5,98.4072155056611,1.5927844943388985,2025,8,4.0,0.0,4749.0,2.0,17.0,2374.5,0.1052853232259423,0.0,0.0,98.96820383238577,0.20965944324551797,1.38189549065682,5205.666666666667,0.0,08
5832,2025-09-01,202509,5835,C.S. LA HUAYRONA,RIS 5,I-3,SAN JUAN DE LURIGANCHO,7176.0,2.0,21.0,1.0,513.0,0.0,2025-10-04,7080.0,96.0,0.013935340022296544,7.148829431438127,0.0,3588.0,98.66220735785953,1.3377926421404682,2025,9,4.0,0.0,5211.0,2.0,19.0,2605.5,0.23028209556706966,13.030128574170025,0.0,98.4072155056611,0.21368880015435768,4.343376191390008,4956.666666666667,0.0,09
5832,2025-10-01,202510,5835,C.S. LA HUAYRONA,RIS 5,I-3,SAN JUAN DE LURIGANCHO,5197.0,2.0,19.0,33.0,110.0,0.0,2025-11-04,5191.0,6.0,0.6349817202232056,2.1166057340773525,0.0,2598.5,99.88454877814124,0.11545122185876468,2025,10,4.0,0.0,7176.0,2.0,21.0,3588.0,0.013935340022296544,7.148829431438127,0.0,98.66220735785953,0.11650091960510284,6.726319335202717,5712.0,0.0,10
5832,2025-11-01,202511,5835,C.S. LA HUAYRONA,RIS 5,I-3,SAN JUAN DE LURIGANCHO,5081.0,1.0,19.0,5.0,0.0,0.0,2025-12-04,5078.0,3.0,0.09840582562487699,0.0,0.0,5081.0,99.94095650462508,0.059043495374926196,2025,11,4.0,0.0,5197.0,2.0,19.0,2598.5,0.6349817202232056,2.1166057340773525,0.0,99.88454877814124,0.29306638527085727,7.431854579895169,5861.333333333333,0.0,11
5832,2025-12-01,202512,5835,C.S. LA HUAYRONA,RIS 5,I-3,SAN JUAN DE LURIGANCHO,4250.0,3.0,19.0,189.0,0.0,0.0,2026-01-05,4249.0,1.0,4.447058823529412,0.0,0.0,1416.6666666666667,99.97647058823529,0.023529411764705882,2025,12,5.0,0.0,5081.0,1.0,19.0,5081.0,0.09840582562487699,0.0,0.0,99.94095650462508,0.24910762862345973,3.0884783885051603,5818.0,0.0,12
5832,2026-01-01,202601,5835,C.S. LA HUAYRONA,RIS 5,I-3,SAN JUAN DE LURIGANCHO,4592.0,3.0,18.0,73.0,0.0,0.0,2026-02-06,4589.0,3.0,1.5897212543554007,0.0,0.0,1530.6666666666667,99.93466898954703,0.06533101045296168,2026,1,6.0,0.0,4250.0,3.0,19.0,1416.6666666666667,4.447058823529412,0.0,0.0,99.97647058823529,1.726815456459165,0.7055352446924509,4842.666666666667,0.0,01
5832,2026-02-01,202602,5835,C.S. LA HUAYRONA,RIS 5,I-3,SAN JUAN DE LURIGANCHO,4699.0,2.0,16.0,355.0,763.0,303.0,2026-03-04,4699.0,0.0,7.55479889338157,16.237497339859544,6.448180463928495,2349.5,100.0,0.0,2026,2,4.0,0.0,4592.0,3.0,18.0,1530.6666666666667,1.5897212543554007,0.0,0.0,99.93466898954703,2.045061967836563,0.0,4641.0,0.0,02
5832,2026-03-01,202603,5835,C.S. LA HUAYRONA,RIS 5,I-3,SAN JUAN DE LURIGANCHO,5960.0,3.0,19.0,51.0,220.0,0.0,2026-04-05,5959.0,1.0,0.8557046979865772,3.6912751677852347,0.0,1986.6666666666667,99.98322147651007,0.016778523489932886,2026,3,5.0,0.0,4699.0,2.0,16.0,2349.5,7.55479889338157,16.237497339859544,6.448180463928495,100.0,4.530526323755461,5.412499113286515,4513.666666666667,0.0,03
5832,2026-04-01,202604,5835,C.S. LA HUAYRONA,RIS 5,I-3,SAN JUAN DE LURIGANCHO,5973.0,2.0,19.0,30.0,366.0,0.0,2026-05-05,5973.0,0.0,0.5022601707684581,6.127574083375189,0.0,2986.5,100.0,0.0,2026,4,5.0,0.0,5960.0,3.0,19.0,1986.6666666666667,0.8557046979865772,3.6912751677852347,0.0,99.98322147651007,3.333408281907849,6.642924169214926,5083.666666666667,0.0,04
5832,2026-05-01,202605,5835,C.S. LA HUAYRONA,RIS 5,I-3,SAN JUAN DE LURIGANCHO,5515.0,3.0,19.0,12.0,276.0,23.0,2026-06-04,5507.0,8.0,0.21758839528558477,5.00453309156845,0.4170444242973708,1838.3333333333333,99.85494106980961,0.14505893019038985,2026,5,4.0,0.0,5973.0,2.0,19.0,2986.5,0.5022601707684581,6.127574083375189,0.0,100.0,2.9709212540455354,8.685448863673322,5544.0,0.0,05
5832,2026-06-01,202606,5835,C.S. LA HUAYRONA,RIS 5,I-3,SAN JUAN DE LURIGANCHO,4665.0,3.0,16.0,16.0,0.0,0.0,2026-07-05,4597.0,68.0,0.3429796355841372,0.0,0.0,1555.0,98.54233654876742,1.457663451232583,2026,6,5.0,0.0,5515.0,3.0,19.0,1838.3333333333333,0.21758839528558477,5.00453309156845,0.4170444242973708,99.85494106980961,0.5251844213468734,4.941127447576291,5816.0,0.0,06
5832,2026-07-01,202607,5835,C.S. LA HUAYRONA,RIS 5,I-3,SAN JUAN DE LURIGANCHO,3888.0,2.0,16.0,13.0,0.0,0.0,2026-08-04,3884.0,4.0,0.3343621399176955,0.0,0.0,1944.0,99.89711934156378,0.102880658436214,2026,7,4.0,0.0,4665.0,3.0,16.0,1555.0,0.3429796355841372,0.0,0.0,98.54233654876742,0.3542760672127267,3.7107023916478794,5384.333333333333,0.0,07
5832,2026-08-01,202608,5835,C.S. LA HUAYRONA,RIS 5,I-3,SAN JUAN DE LURIGANCHO,3728.0,2.0,18.0,2.0,0.0,0.0,2026-09-04,3586.0,142.0,0.0536480686695279,0.0,0.0,1864.0,96.19098712446352,3.8090128755364807,2026,8,4.0,0.0,3888.0,2.0,16.0,1944.0,0.3343621399176955,0.0,0.0,99.89711934156378,0.29831005692913914,1.6681776971894833,4689.333333333333,0.0,08
5833,2025-02-01,202502,5836,C.S. SANTA FE DE TOTORITA,RIS 5,I-3,SAN JUAN DE LURIGANCHO,6352.0,3.0,14.0,1066.0,1901.0,1173.0,2025-03-04,6241.0,111.0,16.782115869017634,29.92758186397985,18.466624685138537,2117.3333333333335,98.25251889168766,1.7474811083123425,2025,2,4.0,1.0,6467.0,4.0,16.0,1616.75,0.9741765888356271,23.070975722900883,13.932271532395237,98.97943404979125,0.9741765888356271,23.070975722900883,6467.0,0.0,02
5833,2025-03-01,202503,5836,C.S. SANTA FE DE TOTORITA,RIS 5,I-3,SAN JUAN DE LURIGANCHO,6851.0,2.0,14.0,1021.0,1981.0,1075.0,2025-04-05,6808.0,43.0,14.902933878265946,28.9154867902496,15.691139979565026,3425.5,99.3723544008174,0.6276455991826011,2025,3,5.0,1.0,6352.0,3.0,14.0,2117.3333333333335,16.782115869017634,29.92758186397985,18.466624685138537,98.25251889168766,8.87814622892663,26.499278793440368,6409.5,1.0,03
5833,2025-04-01,202504,5836,C.S. SANTA FE DE TOTORITA,RIS 5,I-3,SAN JUAN DE LURIGANCHO,6409.0,2.0,13.0,2374.0,1411.0,980.0,2025-05-05,5920.0,489.0,37.041660165392415,22.015915119363395,15.290997035418942,3204.5,92.37010454048993,7.629895459510064,2025,4,5.0,1.0,6851.0,2.0,14.0,3425.5,14.902933878265946,28.9154867902496,15.691139979565026,99.3723544008174,10.886408778706402,27.30468145904344,6556.666666666667,1.0,04
5833,2025-05-01,202505,5836,C.S. SANTA FE DE TOTORITA,RIS 5,I-3,SAN JUAN DE LURIGANCHO,7033.0,3.0,14.0,427.0,2844.0,1529.0,2025-06-04,6575.0,458.0,6.071377790416608,40.437935447177594,21.74036684203043,2344.3333333333335,93.48784302573581,6.512156974264183,2025,5,4.0,0.0,6409.0,2.0,13.0,3204.5,37.041660165392415,22.015915119363395,15.290997035418942,92.37010454048993,22.908903304225333,26.952994591197612,6537.333333333333,1.0,05
5833,2025-06-01,202506,5836,C.S. SANTA FE DE TOTORITA,RIS 5,I-3,SAN JUAN DE LURIGANCHO,5959.0,3.0,14.0,642.0,2479.0,1483.0,2025-07-05,5729.0,230.0,10.773619734854842,41.600939754992446,24.886725960731667,1986.3333333333333,96.14029199530123,3.859708004698775,2025,6,5.0,1.0,7033.0,3.0,14.0,2344.3333333333335,6.071377790416608,40.437935447177594,21.74036684203043,93.48784302573581,19.33865727802499,30.45644578559686,6764.333333333333,0.0,06
5833,2025-07-01,202507,5836,C.S. SANTA FE DE TOTORITA,RIS 5,I-3,SAN JUAN DE LURIGANCHO,5711.0,5.0,18.0,24.0,603.0,8.0,2025-08-04,5547.0,164.0,0.42024163894239186,10.558571178427595,0.14008054631413064,1142.2,97.12834880056032,2.8716511994396776,2025,7,4.0,0.0,5959.0,3.0,14.0,1986.3333333333333,10.773619734854842,41.600939754992446,24.886725960731667,96.14029199530123,17.96221923022129,34.68493010717781,6467.0,1.0,07
5833,2025-08-01,202508,5836,C.S. SANTA FE DE TOTORITA,RIS 5,I-3,SAN JUAN DE LURIGANCHO,6025.0,4.0,16.0,71.0,1234.0,43.0,2025-09-04,5507.0,518.0,1.1784232365145229,20.481327800829874,0.7136929460580913,1506.25,91.40248962655602,8.597510373443983,2025,8,4.0,0.0,5711.0,5.0,18.0,1142.2,0.42024163894239186,10.558571178427595,0.14008054631413064,97.12834880056032,5.755079721404614,30.86581546019921,6234.333333333333,0.0,08
5833,2025-09-01,202509,5836,C.S. SANTA FE DE TOTORITA,RIS 5,I-3,SAN JUAN DE LURIGANCHO,6900.0,3.0,16.0,233.0,2147.0,533.0,2025-10-04,6550.0,350.0,3.3768115942028984,31.115942028985508,7.72463768115942,2300.0,94.92753623188406,5.072463768115942,2025,9,4.0,0.0,6025.0,4.0,16.0,1506.25,1.1784232365145229,20.481327800829874,0.7136929460580913,91.40248962655602,4.124094870103918,24.213612911416636,5898.333333333333,0.0,09
5833,2025-10-01,202510,5836,C.S. SANTA FE DE TOTORITA,RIS 5,I-3,SAN JUAN DE LURIGANCHO,5025.0,2.0,15.0,303.0,1925.0,1070.0,2025-11-04,4796.0,229.0,6.029850746268656,38.308457711442784,21.29353233830846,2512.5,95.44278606965175,4.557213930348259,2025,10,4.0,0.0,6900.0,3.0,16.0,2300.0,3.3768115942028984,31.115942028985508,7.72463768115942,94.92753623188406,1.6584921565532713,20.718613669414324,6212.0,0.0,10
5833,2025-11-01,202511,5836,C.S. SANTA FE DE TOTORITA,RIS 5,I-3,SAN JUAN DE LURIGANCHO,4953.0,2.0,15.0,90.0,2555.0,1786.0,2025-12-04,4876.0,77.0,1.8170805572380375,51.584898041590954,36.05895416919039,2476.5,98.44538663436302,1.5546133656369876,2025,11,4.0,0.0,5025.0,2.0,15.0,2512.5,6.029850746268656,38.308457711442784,21.29353233830846,95.44278606965175,3.528361858995359,29.968575847086054,5983.333333333333,0.0,11
5833,2025-12-01,202512,5836,C.S. SANTA FE DE TOTORITA,RIS 5,I-3,SAN JUAN DE LURIGANCHO,4571.0,2.0,14.0,231.0,1714.0,1234.0,2026-01-05,4443.0,128.0,5.053598774885145,37.49726536862831,26.9962809013345,2285.5,97.19973747538832,2.800262524611682,2025,12,5.0,0.0,4953.0,2.0,15.0,2476.5,1.8170805572380375,51.584898041590954,36.05895416919039,98.44538663436302,3.741247632569864,40.33643259400642,5626.0,0.0,12
5833,2026-01-01,202601,5836,C.S. SANTA FE DE TOTORITA,RIS 5,I-3,SAN JUAN DE LURIGANCHO,4855.0,2.0,15.0,185.0,1252.0,10.0,2026-02-06,4829.0,26.0,3.810504634397528,25.787847579814624,0.2059732234809475,2427.5,99.46446961894954,0.5355303810504635,2026,1,6.0,0.0,4571.0,2.0,14.0,2285.5,5.053598774885145,37.49726536862831,26.9962809013345,97.19973747538832,4.3001766927972795,42.46354037388735,4849.666666666667,0.0,01
5833,2026-02-01,202602,5836,C.S. SANTA FE DE TOTORITA,RIS 5,I-3,SAN JUAN DE LURIGANCHO,4930.0,3.0,16.0,58.0,884.0,307.0,2026-03-04,4781.0,149.0,1.1764705882352942,17.93103448275862,6.227180527383367,1643.3333333333333,96.97768762677485,3.022312373225152,2026,2,4.0,0.0,4855.0,2.0,15.0,2427.5,3.810504634397528,25.787847579814624,0.2059732234809475,99.46446961894954,3.560394655506903,38.29000366334463,4793.0,0.0,02
5833,2026-03-01,202603,5836,C.S. SANTA FE DE TOTORITA,RIS 5,I-3,SAN JUAN DE LURIGANCHO,5680.0,3.0,18.0,91.0,997.0,1.0,2026-04-05,5638.0,42.0,1.602112676056338,17.552816901408452,0.017605633802816902,1893.3333333333333,99.2605633802817,0.7394366197183099,2026,3,5.0,0.0,4930.0,3.0,16.0,1643.3333333333333,1.1764705882352942,17.93103448275862,6.227180527383367,96.97768762677485,3.3468579991726557,27.072049143733853,4785.333333333333,0.0,03
5833,2026-04-01,202604,5836,C.S. SANTA FE DE TOTORITA,RIS 5,I-3,SAN JUAN DE LURIGANCHO,6046.0,2.0,18.0,39.0,1420.0,76.0,2026-05-05,5661.0,385.0,0.6450545815415151,23.486602712537216,1.257029440952696,3023.0,93.63215348991068,6.367846510089315,2026,4,5.0,0.0,5680.0,3.0,18.0,1893.3333333333333,1.602112676056338,17.552816901408452,0.017605633802816902,99.2605633802817,2.1963626328963866,20.423899654660563,5155.0,0.0,04
5833,2026-05-01,202605,5836,C.S. SANTA FE DE TOTORITA,RIS 5,I-3,SAN JUAN DE LURIGANCHO,5385.0,3.0,16.0,45.0,1057.0,808.0,2026-06-04,5140.0,245.0,0.8356545961002786,19.628597957288765,15.00464252553389,1795.0,95.45032497678737,4.549675023212628,2026,5,4.0,0.0,6046.0,2.0,18.0,3023.0,0.6450545815415151,23.486602712537216,1.257029440952696,93.63215348991068,1.1412126152777156,19.656818032234764,5552.0,0.0,05
5833,2026-06-01,202606,5836,C.S. SANTA FE DE TOTORITA,RIS 5,I-3,SAN JUAN DE LURIGANCHO,4754.0,3.0,16.0,12.0,1447.0,1.0,2026-07-05,4601.0,153.0,0.2524190155658393,30.437526293647455,0.02103491796381994,1584.6666666666667,96.78165755153555,3.218342448464451,2026,6,5.0,0.0,5385.0,3.0,16.0,1795.0,0.8356545961002786,19.628597957288765,15.00464252553389,95.45032497678737,1.0276072845660436,20.22267252374481,5703.666666666667,0.0,06
5833,2026-07-01,202607,5836,C.S. SANTA FE DE TOTORITA,RIS 5,I-3,SAN JUAN DE LURIGANCHO,4522.0,2.0,14.0,37.0,1591.0,936.0,2026-08-04,4444.0,78.0,0.8182220256523662,35.183547103051744,20.698805838124724,2261.0,98.27509951348961,1.7249004865103936,2026,7,4.0,0.0,4754.0,3.0,16.0,1584.6666666666667,0.2524190155658393,30.437526293647455,0.02103491796381994,96.78165755153555,0.5777093977358774,24.51757565449115,5395.0,0.0,07
5833,2026-08-01,202608,5836,C.S. SANTA FE DE TOTORITA,RIS 5,I-3,SAN JUAN DE LURIGANCHO,5255.0,3.0,15.0,159.0,1557.0,888.0,2026-09-04,5035.0,220.0,3.0256898192197905,29.62892483349191,16.898192197906756,1751.6666666666667,95.81351094196003,4.186489058039962,2026,8,4.0,0.0,4522.0,2.0,14.0,2261.0,0.8182220256523662,35.183547103051744,20.698805838124724,98.27509951348961,0.6354318791061611,28.41655711799599,4887.0,0.0,08
5834,2025-02-01,202502,5837,C.S. SAN HILARION,RIS 6,I-3,SAN JUAN DE LURIGANCHO,6980.0,3.0,13.0,38.0,14.0,1.0,2025-03-04,6618.0,362.0,0.5444126074498568,0.20057306590257878,0.014326647564469915,2326.6666666666665,94.81375358166189,5.186246418338109,2025,2,4.0,0.0,8179.0,2.0,14.0,4089.5,0.574642376818682,3.2889106247707542,0.0,94.02127399437585,0.574642376818682,3.2889106247707542,8179.0,0.0,02
5834,2025-03-01,202503,5837,C.S. SAN HILARION,RIS 6,I-3,SAN JUAN DE LURIGANCHO,8646.0,5.0,13.0,22.0,0.0,0.0,2025-04-05,7978.0,668.0,0.2544529262086514,0.0,0.0,1729.2,92.27388387693732,7.726116123062688,2025,3,5.0,0.0,6980.0,3.0,13.0,2326.6666666666665,0.5444126074498568,0.20057306590257878,0.014326647564469915,94.81375358166189,0.5595274921342694,1.7447418453366665,7579.5,0.0,03
5834,2025-04-01,202504,5837,C.S. SAN HILARION,RIS 6,I-3,SAN JUAN DE LURIGANCHO,9005.0,5.0,14.0,41.0,7.0,7.0,2025-05-05,8073.0,932.0,0.45530260966129926,0.07773459189339256,0.07773459189339256,1801.0,89.65019433647973,10.349805663520266,2025,4,5.0,0.0,8646.0,5.0,13.0,1729.2,0.2544529262086514,0.0,0.0,92.27388387693732,0.45783597015906335,1.1631612302244443,7935.0,0.0,04
5834,2025-05-01,202505,5837,C.S. SAN HILARION,RIS 6,I-3,SAN JUAN DE LURIGANCHO,9121.0,3.0,14.0,32.0,268.0,1.0,2025-06-04,8022.0,1099.0,0.3508387238241421,2.93827431202719,0.01096371011950444,3040.3333333333335,87.95088257866462,12.04911742133538,2025,5,4.0,0.0,9005.0,5.0,14.0,1801.0,0.45530260966129926,0.07773459189339256,0.07773459189339256,89.65019433647973,0.41805604777326916,0.09276921926532378,8210.333333333334,0.0,05
5834,2025-06-01,202506,5837,C.S. SAN HILARION,RIS 6,I-3,SAN JUAN DE LURIGANCHO,9032.0,3.0,14.0,23.0,0.0,0.0,2025-07-05,8166.0,866.0,0.2546501328609389,0.0,0.0,3010.6666666666665,90.4118689105403,9.588131089459699,2025,6,5.0,0.0,9121.0,3.0,14.0,3040.3333333333335,0.3508387238241421,2.93827431202719,0.01096371011950444,87.95088257866462,0.3535314198980309,1.0053363013068608,8924.0,0.0,06
5834,2025-07-01,202507,5837,C.S. SAN HILARION,RIS 6,I-3,SAN JUAN DE LURIGANCHO,8153.0,4.0,12.0,62.0,60.0,0.0,2025-08-04,7326.0,827.0,0.7604562737642585,0.735925426223476,0.0,2038.25,89.85649454188642,10.143505458113578,2025,7,4.0,0.0,9032.0,3.0,14.0,3010.6666666666665,0.2546501328609389,0.0,0.0,90.4118689105403,0.3535971554487934,1.0053363013068608,9052.666666666666,0.0,07
5834,2025-08-01,202508,5837,C.S. SAN HILARION,RIS 6,I-3,SAN JUAN DE LURIGANCHO,7439.0,4.0,13.0,104.0,35.0,0.0,2025-09-04,6847.0,592.0,1.3980373706143299,0.47049334587982256,0.0,1859.75,92.04194112111843,7.9580588788815705,2025,8,4.0,0.0,8153.0,4.0,12.0,2038.25,0.7604562737642585,0.735925426223476,0.0,89.85649454188642,0.4553150434831132,1.2247332460835554,8768.666666666666,0.0,08
5834,2025-09-01,202509,5837,C.S. SAN HILARION,RIS 6,I-3,SAN JUAN DE LURIGANCHO,9504.0,4.0,14.0,48.0,12.0,0.0,2025-10-04,8304.0,1200.0,0.5050505050505051,0.12626262626262627,0.0,2376.0,87.37373737373737,12.626262626262626,2025,9,4.0,0.0,7439.0,4.0,13.0,1859.75,1.3980373706143299,0.47049334587982256,0.0,92.04194112111843,0.8043812590798424,0.40213959070109956,8208.0,0.0,09
5834,2025-10-01,202510,5837,C.S. SAN HILARION,RIS 6,I-3,SAN JUAN DE LURIGANCHO,7883.0,3.0,13.0,35.0,315.0,2.0,2025-11-04,7422.0,461.0,0.4439934035265762,3.9959406317391855,0.025371051630090066,2627.6666666666665,94.15197259926424,5.84802740073576,2025,10,4.0,0.0,9504.0,4.0,14.0,2376.0,0.5050505050505051,0.12626262626262627,0.0,87.37373737373737,0.8878480498096978,0.4442271327886416,8365.333333333334,0.0,10
5834,2025-11-01,202511,5837,C.S. SAN HILARION,RIS 6,I-3,SAN JUAN DE LURIGANCHO,7480.0,3.0,13.0,31.0,56.0,30.0,2025-12-04,6954.0,526.0,0.4144385026737968,0.7486631016042781,0.40106951871657753,2493.3333333333335,92.96791443850267,7.032085561497326,2025,11,4.0,0.0,7883.0,3.0,13.0,2627.6666666666665,0.4439934035265762,3.9959406317391855,0.025371051630090066,94.15197259926424,0.782360426397137,1.5308988679605449,8275.333333333334,0.0,11
5834,2025-12-01,202512,5837,C.S. SAN HILARION,RIS 6,I-3,SAN JUAN DE LURIGANCHO,6642.0,3.0,13.0,70.0,3.0,1.0,2026-01-05,6101.0,541.0,1.0538994278831677,0.045167118337850046,0.015055706112616682,2214.0,91.85486299307438,8.145137006925625,2025,12,5.0,0.0,7480.0,3.0,13.0,2493.3333333333335,0.4144385026737968,0.7486631016042781,0.40106951871657753,92.96791443850267,0.454494137083626,1.6236221198686966,8289.0,0.0,12
5834,2026-01-01,202601,5837,C.S. SAN HILARION,RIS 6,I-3,SAN JUAN DE LURIGANCHO,8456.0,3.0,14.0,44.0,2.0,0.0,2026-02-06,7988.0,468.0,0.5203405865657521,0.023651844843897825,0.0,2818.6666666666665,94.46546830652791,5.534531693472091,2026,1,6.0,0.0,6642.0,3.0,13.0,2214.0,1.0538994278831677,0.045167118337850046,0.015055706112616682,91.85486299307438,0.6374437780278469,1.5965902838937713,7335.0,0.0,01
5834,2026-02-01,202602,5837,C.S. SAN HILARION,RIS 6,I-3,SAN JUAN DE LURIGANCHO,9145.0,3.0,14.0,37.0,373.0,1.0,2026-03-04,7895.0,1250.0,0.40459267359212686,4.078731547293603,0.010934937124111536,3048.3333333333335,86.33132859486058,13.66867140513942,2026,2,4.0,0.0,8456.0,3.0,14.0,2818.6666666666665,0.5203405865657521,0.023651844843897825,0.0,94.46546830652791,0.6628928390409055,0.27249402159534214,7526.0,0.0,02
5834,2026-03-01,202603,5837,C.S. SAN HILARION,RIS 6,I-3,SAN JUAN DE LURIGANCHO,8874.0,3.0,13.0,37.0,1.0,0.0,2026-04-05,8188.0,686.0,0.4169483885508226,0.011268875366238449,0.0,2958.0,92.26955149876042,7.730448501239576,2026,3,5.0,0.0,9145.0,3.0,14.0,3048.3333333333335,0.40459267359212686,4.078731547293603,0.010934937124111536,86.33132859486058,0.6596108960136823,1.3825168368251168,8081.0,0.0,03
5834,2026-04-01,202604,5837,C.S. SAN HILARION,RIS 6,I-3,SAN JUAN DE LURIGANCHO,8396.0,3.0,14.0,37.0,1.0,1.0,2026-05-05,7445.0,951.0,0.4406860409718914,0.011910433539780848,0.011910433539780848,2798.6666666666665,88.67317770366842,11.326822296331587,2026,4,5.0,0.0,8874.0,3.0,13.0,2958.0,0.4169483885508226,0.011268875366238449,0.0,92.26955149876042,0.4472938829029005,1.3712174225012463,8825.0,0.0,04
5834,2026-05-01,202605,5837,C.S. SAN HILARION,RIS 6,I-3,SAN JUAN DE LURIGANCHO,7515.0,3.0,15.0,28.0,141.0,3.0,2026-06-04,6665.0,850.0,0.37258815701929476,1.87624750499002,0.03992015968063872,2505.0,88.68928809048569,11.310711909514305,2026,5,4.0,0.0,8396.0,3.0,14.0,2798.6666666666665,0.4406860409718914,0.011910433539780848,0.011910433539780848,88.67317770366842,0.42074236770494694,1.3673036187332075,8805.0,0.0,05
5834,2026-06-01,202606,5837,C.S. SAN HILARION,RIS 6,I-3,SAN JUAN DE LURIGANCHO,8060.0,4.0,14.0,35.0,2.0,0.0,2026-07-05,7092.0,968.0,0.43424317617866004,0.02481389578163772,0.0,2015.0,87.99007444168734,12.009925558312656,2026,6,5.0,0.0,7515.0,3.0,15.0,2505.0,0.37258815701929476,1.87624750499002,0.03992015968063872,88.68928809048569,0.410074195514003,0.6331422712986797,8261.666666666666,0.0,06
5834,2026-07-01,202607,5837,C.S. SAN HILARION,RIS 6,I-3,SAN JUAN DE LURIGANCHO,8239.0,3.0,14.0,52.0,6.0,0.0,2026-08-04,7649.0,590.0,0.6311445563782012,0.07282437188979245,0.0,2746.3333333333335,92.83893676417041,7.161063235829591,2026,7,4.0,0.0,8060.0,4.0,14.0,2015.0,0.43424317617866004,0.02481389578163772,0.0,87.99007444168734,0.41583912472328205,0.6376572781038129,7990.333333333333,0.0,07
5834,2026-08-01,202608,5837,C.S. SAN HILARION,RIS 6,I-3,SAN JUAN DE LURIGANCHO,8141.0,3.0,14.0,16.0,21.0,0.0,2026-09-04,7593.0,548.0,0.1965360520820538,0.2579535683576956,0.0,2713.6666666666665,93.26864021618965,6.731359783810342,2026,8,4.0,0.0,8239.0,3.0,14.0,2746.3333333333335,0.6311445563782012,0.07282437188979245,0.0,92.83893676417041,0.47932529652538536,0.6579619242204834,7938.0,0.0,08
5835,2025-02-01,202502,5838,C.S. SAN FERNANDO,RIS 5,I-3,SAN JUAN DE LURIGANCHO,5418.0,4.0,15.0,25.0,53.0,0.0,2025-03-04,4780.0,638.0,0.4614248800295312,0.9782207456626061,0.0,1354.5,88.22443706164637,11.775562938353636,2025,2,4.0,0.0,5218.0,4.0,15.0,1304.5,6.228440015331545,8.18321195860483,3.392104254503641,87.23648907627444,6.228440015331545,8.18321195860483,5218.0,0.0,02
5835,2025-03-01,202503,5838,C.S. SAN FERNANDO,RIS 5,I-3,SAN JUAN DE LURIGANCHO,6510.0,5.0,15.0,25.0,21.0,0.0,2025-04-05,5804.0,706.0,0.38402457757296465,0.3225806451612903,0.0,1302.0,89.15514592933948,10.844854070660523,2025,3,5.0,0.0,5418.0,4.0,15.0,1354.5,0.4614248800295312,0.9782207456626061,0.0,88.22443706164637,3.344932447680538,4.5807163521337175,5318.0,0.0,03
5835,2025-04-01,202504,5838,C.S. SAN FERNANDO,RIS 5,I-3,SAN JUAN DE LURIGANCHO,6383.0,5.0,15.0,71.0,636.0,92.0,2025-05-05,5142.0,1241.0,1.1123296255679147,9.963966786777377,1.4413285289049036,1276.6,80.55773147422842,19.44226852577158,2025,4,5.0,0.0,6510.0,5.0,15.0,1302.0,0.38402457757296465,0.3225806451612903,0.0,89.15514592933948,2.3579631576446802,3.1613377831429084,5715.333333333333,0.0,04
5835,2025-05-01,202505,5838,C.S. SAN FERNANDO,RIS 5,I-3,SAN JUAN DE LURIGANCHO,9502.0,5.0,16.0,113.0,672.0,39.0,2025-06-04,7587.0,1915.0,1.1892233214060197,7.072195327299516,0.41043990738791836,1900.4,79.84634813723427,20.153651862765734,2025,5,4.0,0.0,6383.0,5.0,15.0,1276.6,1.1123296255679147,9.963966786777377,1.4413285289049036,80.55773147422842,0.6525930277234702,3.754922725867091,6103.666666666667,0.0,05
5835,2025-06-01,202506,5838,C.S. SAN FERNANDO,RIS 5,I-3,SAN JUAN DE LURIGANCHO,6371.0,4.0,14.0,616.0,673.0,379.0,2025-07-05,5096.0,1275.0,9.66881180348454,10.563490817768011,5.9488306388322085,1592.75,79.98744310155392,20.012556898446086,2025,6,5.0,0.0,9502.0,5.0,16.0,1900.4,1.1892233214060197,7.072195327299516,0.41043990738791836,79.84634813723427,0.8951925081822997,5.786247586412728,7465.0,0.0,06
5835,2025-07-01,202507,5838,C.S. SAN FERNANDO,RIS 5,I-3,SAN JUAN DE LURIGANCHO,6165.0,6.0,15.0,31.0,621.0,165.0,2025-08-04,4971.0,1194.0,0.5028386050283861,10.072992700729927,2.67639902676399,1027.5,80.63260340632604,19.367396593673966,2025,7,4.0,0.0,6371.0,4.0,14.0,1592.75,9.66881180348454,10.563490817768011,5.9488306388322085,79.98744310155392,3.990121583486158,9.199884310614967,7418.666666666667,0.0,07
5835,2025-08-01,202508,5838,C.S. SAN FERNANDO,RIS 5,I-3,SAN JUAN DE LURIGANCHO,5994.0,4.0,15.0,32.0,549.0,197.0,2025-09-04,4795.0,1199.0,0.5338672005338672,9.15915915915916,3.28661995328662,1498.5,79.99666332999666,20.003336670003335,2025,8,4.0,0.0,6165.0,6.0,15.0,1027.5,0.5028386050283861,10.072992700729927,2.67639902676399,80.63260340632604,3.7869579099729815,9.236226281932483,7346.0,0.0,08
5835,2025-09-01,202509,5838,C.S. SAN FERNANDO,RIS 5,I-3,SAN JUAN DE LURIGANCHO,7686.0,3.0,16.0,617.0,980.0,400.0,2025-10-04,7026.0,660.0,8.027582617746551,12.750455373406194,5.204267499349466,2562.0,91.41295862607338,8.58704137392662,2025,9,4.0,0.0,5994.0,4.0,15.0,1498.5,0.5338672005338672,9.15915915915916,3.28661995328662,79.99666332999666,3.568505869682264,9.931880892552366,6176.666666666667,0.0,09
5835,2025-10-01,202510,5838,C.S. SAN FERNANDO,RIS 5,I-3,SAN JUAN DE LURIGANCHO,6827.0,5.0,16.0,797.0,1612.0,1138.0,2025-11-04,6135.0,692.0,11.674234656510913,23.612128314047165,16.669107953713198,1365.4,89.86377618280358,10.136223817196425,2025,10,4.0,1.0,7686.0,3.0,16.0,2562.0,8.027582617746551,12.750455373406194,5.204267499349466,91.41295862607338,3.021429474436268,10.660869077765092,6615.0,0.0,10
5835,2025-11-01,202511,5838,C.S. SAN FERNANDO,RIS 5,I-3,SAN JUAN DE LURIGANCHO,6385.0,5.0,16.0,13.0,957.0,111.0,2025-12-04,5569.0,816.0,0.20360219263899765,14.988253719655443,1.7384494909945185,1277.0,87.22004698512139,12.779953014878622,2025,11,4.0,0.0,6827.0,5.0,16.0,1365.4,11.674234656510913,23.612128314047165,16.669107953713198,89.86377618280358,6.745228158263778,15.173914282204173,6835.666666666667,1.0,11
5835,2025-12-01,202512,5838,C.S. SAN FERNANDO,RIS 5,I-3,SAN JUAN DE LURIGANCHO,4198.0,4.0,14.0,16.0,302.0,178.0,2026-01-05,3856.0,342.0,0.38113387327298714,7.193901858027632,4.240114340161982,1049.5,91.8532634587899,8.1467365412101,2025,12,5.0,0.0,6385.0,5.0,16.0,1277.0,0.20360219263899765,14.988253719655443,1.7384494909945185,87.22004698512139,6.635139822298821,17.1169458023696,6966.0,0.0,12
5835,2026-01-01,202601,5838,C.S. SAN FERNANDO,RIS 5,I-3,SAN JUAN DE LURIGANCHO,5232.0,6.0,14.0,27.0,11.0,0.0,2026-02-06,4922.0,310.0,0.5160550458715596,0.21024464831804282,0.0,872.0,94.07492354740062,5.925076452599388,2026,1,6.0,0.0,4198.0,4.0,14.0,1049.5,0.38113387327298714,7.193901858027632,4.240114340161982,91.8532634587899,4.086323574140966,15.264761297243416,5803.333333333333,0.0,01
5835,2026-02-01,202602,5838,C.S. SAN FERNANDO,RIS 5,I-3,SAN JUAN DE LURIGANCHO,5439.0,4.0,15.0,544.0,728.0,280.0,2026-03-04,5051.0,388.0,10.001838573267145,13.384813384813384,5.148005148005148,1359.75,92.86633572347858,7.1336642765214195,2026,2,4.0,1.0,5232.0,6.0,14.0,872.0,0.5160550458715596,0.21024464831804282,0.0,94.07492354740062,0.3669303705945148,7.464133408667039,5271.666666666667,0.0,02
5835,2026-03-01,202603,5838,C.S. SAN FERNANDO,RIS 5,I-3,SAN JUAN DE LURIGANCHO,6627.0,4.0,15.0,59.0,176.0,0.0,2026-04-05,5967.0,660.0,0.8902972687490569,2.655802022031085,0.0,1656.75,90.04074241738343,9.95925758261657,2026,3,5.0,0.0,5439.0,4.0,15.0,1359.75,10.001838573267145,13.384813384813384,5.148005148005148,92.86633572347858,3.633009164137231,6.92965329705302,4956.333333333333,1.0,03
5835,2026-04-01,202604,5838,C.S. SAN FERNANDO,RIS 5,I-3,SAN JUAN DE LURIGANCHO,5787.0,4.0,15.0,164.0,571.0,191.0,2026-05-05,4936.0,851.0,2.833938137204078,9.86694314843615,3.3005011232071886,1446.75,85.29462588560567,14.705374114394331,2026,4,5.0,0.0,6627.0,4.0,15.0,1656.75,0.8902972687490569,2.655802022031085,0.0,90.04074241738343,3.8027302959625877,5.416953351720838,5766.0,0.0,04
5835,2026-05-01,202605,5838,C.S. SAN FERNANDO,RIS 5,I-3,SAN JUAN DE LURIGANCHO,5893.0,6.0,14.0,28.0,473.0,109.0,2026-06-04,4884.0,1009.0,0.47513999660614287,8.0264720855252,1.8496521296453419,982.1666666666666,82.87799083658578,17.12200916341422,2026,5,4.0,0.0,5787.0,4.0,15.0,1446.75,2.833938137204078,9.86694314843615,3.3005011232071886,85.29462588560567,4.575357993073427,8.635852851760207,5951.0,0.0,05
5835,2026-06-01,202606,5838,C.S. SAN FERNANDO,RIS 5,I-3,SAN JUAN DE LURIGANCHO,6743.0,6.0,14.0,60.0,247.0,0.0,2026-07-05,5712.0,1031.0,0.8898116565327006,3.6630579860596173,0.0,1123.8333333333333,84.7100697019131,15.289930298086905,2026,6,5.0,0.0,5893.0,6.0,14.0,982.1666666666666,0.47513999660614287,8.0264720855252,1.8496521296453419,82.87799083658578,1.3997918008530927,6.849739085330811,6102.333333333333,0.0,06
5835,2026-07-01,202607,5838,C.S. SAN FERNANDO,RIS 5,I-3,SAN JUAN DE LURIGANCHO,6151.0,4.0,14.0,18.0,622.0,258.0,2026-08-04,5748.0,403.0,0.292635343846529,10.112176881807835,4.194439928466916,1537.75,93.44821980165827,6.551780198341733,2026,7,4.0,0.0,6743.0,6.0,14.0,1123.8333333333333,0.8898116565327006,3.6630579860596173,0.0,84.7100697019131,1.3996299301143071,7.185491073340322,6141.0,0.0,07
5835,2026-08-01,202608,5838,C.S. SAN FERNANDO,RIS 5,I-3,SAN JUAN DE LURIGANCHO,6015.0,4.0,14.0,15.0,584.0,26.0,2026-09-04,5424.0,591.0,0.24937655860349128,9.70906068162926,0.4322527015793849,1503.75,90.17456359102245,9.825436408977556,2026,8,4.0,0.0,6151.0,4.0,14.0,1537.75,0.292635343846529,10.112176881807835,4.194439928466916,93.44821980165827,0.5525289989951242,7.267235651130885,6262.333333333333,0.0,08
5836,2025-02-01,202502,5839,P.S. 15 DE ENERO,RIS 5,I-2,SAN JUAN DE LURIGANCHO,2178.0,1.0,13.0,47.0,21.0,0.0,2025-03-04,1964.0,214.0,2.157943067033976,0.9641873278236914,0.0,2178.0,90.1744719926538,9.82552800734619,2025,2,4.0,0.0,2128.0,1.0,12.0,2128.0,3.0545112781954886,1.1748120300751879,0.8928571428571429,90.36654135338345,3.0545112781954886,1.1748120300751879,2128.0,0.0,02
5836,2025-03-01,202503,5839,P.S. 15 DE ENERO,RIS 5,I-2,SAN JUAN DE LURIGANCHO,2653.0,2.0,13.0,51.0,8.0,0.0,2025-04-05,2451.0,202.0,1.9223520542781756,0.3015454202789295,0.0,1326.5,92.38597813795703,7.6140218620429705,2025,3,5.0,0.0,2178.0,1.0,13.0,2178.0,2.157943067033976,0.9641873278236914,0.0,90.1744719926538,2.6062271726147324,1.0694996789494398,2153.0,0.0,03
5836,2025-04-01,202504,5839,P.S. 15 DE ENERO,RIS 5,I-2,SAN JUAN DE LURIGANCHO,2917.0,1.0,14.0,45.0,307.0,46.0,2025-05-05,2408.0,509.0,1.5426808364758313,10.524511484401783,1.5769626328419608,2917.0,82.55056564964003,17.449434350359958,2025,4,5.0,0.0,2653.0,2.0,13.0,1326.5,1.9223520542781756,0.3015454202789295,0.0,92.38597813795703,2.37826879983588,0.8135149260592697,2319.6666666666665,0.0,04
5836,2025-05-01,202505,5839,P.S. 15 DE ENERO,RIS 5,I-2,SAN JUAN DE LURIGANCHO,3179.0,1.0,14.0,24.0,289.0,18.0,2025-06-04,2466.0,713.0,0.7549543881723813,9.090909090909092,0.5662157911292859,3179.0,77.57156338471218,22.428436615287826,2025,5,4.0,0.0,2917.0,1.0,14.0,2917.0,1.5426808364758313,10.524511484401783,1.5769626328419608,82.55056564964003,1.8743253192626608,3.9300814108348017,2582.6666666666665,0.0,05
5836,2025-06-01,202506,5839,P.S. 15 DE ENERO,RIS 5,I-2,SAN JUAN DE LURIGANCHO,2681.0,1.0,13.0,18.0,2.0,0.0,2025-07-05,2063.0,618.0,0.6713912719134651,0.07459903021260723,0.0,2681.0,76.94889966430436,23.051100335695637,2025,6,5.0,0.0,3179.0,1.0,14.0,3179.0,0.7549543881723813,9.090909090909092,0.5662157911292859,77.57156338471218,1.4066624263087961,6.638988665196602,2916.3333333333335,0.0,06
5836,2025-07-01,202507,5839,P.S. 15 DE ENERO,RIS 5,I-2,SAN JUAN DE LURIGANCHO,2368.0,1.0,13.0,48.0,80.0,27.0,2025-08-04,1928.0,440.0,2.027027027027027,3.3783783783783785,1.1402027027027026,2368.0,81.41891891891892,18.58108108108108,2025,7,4.0,0.0,2681.0,1.0,13.0,2681.0,0.6713912719134651,0.07459903021260723,0.0,76.94889966430436,0.9896754988538925,6.5633398685078275,2925.6666666666665,0.0,07
5836,2025-08-01,202508,5839,P.S. 15 DE ENERO,RIS 5,I-2,SAN JUAN DE LURIGANCHO,1817.0,2.0,12.0,26.0,133.0,0.0,2025-09-04,1544.0,273.0,1.4309301045679692,7.319757842597689,0.0,908.5,84.97523390203632,15.024766097963676,2025,8,4.0,0.0,2368.0,1.0,13.0,2368.0,2.027027027027027,3.3783783783783785,1.1402027027027026,81.41891891891892,1.1511242290376245,4.181295499833359,2742.6666666666665,0.0,08
5836,2025-09-01,202509,5839,P.S. 15 DE ENERO,RIS 5,I-2,SAN JUAN DE LURIGANCHO,2954.0,1.0,15.0,52.0,7.0,0.0,2025-10-04,2508.0,446.0,1.7603249830737981,0.23696682464454977,0.0,2954.0,84.90182802979011,15.098171970209885,2025,9,4.0,0.0,1817.0,2.0,12.0,908.5,1.4309301045679692,7.319757842597689,0.0,84.97523390203632,1.3764494678361539,3.590911750396225,2288.6666666666665,0.0,09
5836,2025-10-01,202510,5839,P.S. 15 DE ENERO,RIS 5,I-2,SAN JUAN DE LURIGANCHO,1587.0,1.0,13.0,31.0,277.0,115.0,2025-11-04,1435.0,152.0,1.9533711405166982,17.45431632010082,7.246376811594203,1587.0,90.42218021424071,9.577819785759294,2025,10,4.0,0.0,2954.0,1.0,15.0,2954.0,1.7603249830737981,0.23696682464454977,0.0,84.90182802979011,1.739427371556265,3.645034348540206,2379.6666666666665,0.0,10
5836,2025-11-01,202511,5839,P.S. 15 DE ENERO,RIS 5,I-2,SAN JUAN DE LURIGANCHO,2549.0,1.0,13.0,35.0,313.0,12.0,2025-12-04,2219.0,330.0,1.3730874852883483,12.279325225578658,0.4707728520988623,2549.0,87.05374656728128,12.946253432718713,2025,11,4.0,0.0,1587.0,1.0,13.0,1587.0,1.9533711405166982,17.45431632010082,7.246376811594203,90.42218021424071,1.7148754093861551,8.337013662447687,2119.3333333333335,0.0,11
5836,2025-12-01,202512,5839,P.S. 15 DE ENERO,RIS 5,I-2,SAN JUAN DE LURIGANCHO,2159.0,1.0,13.0,37.0,5.0,0.0,2026-01-05,1825.0,334.0,1.7137563686892079,0.2315886984715146,0.0,2159.0,84.52987494210282,15.470125057897175,2025,12,5.0,0.0,2549.0,1.0,13.0,2549.0,1.3730874852883483,12.279325225578658,0.4707728520988623,87.05374656728128,1.6955945362929483,9.99020279010801,2363.3333333333335,0.0,12
5836,2026-01-01,202601,5839,P.S. 15 DE ENERO,RIS 5,I-2,SAN JUAN DE LURIGANCHO,2561.0,2.0,15.0,38.0,5.0,0.0,2026-02-06,2231.0,330.0,1.4837953924248342,0.1952362358453729,0.0,1280.5,87.11440843420539,12.885591565794611,2026,1,6.0,0.0,2159.0,1.0,13.0,2159.0,1.7137563686892079,0.2315886984715146,0.0,84.52987494210282,1.6800716648314182,9.988410081383664,2098.3333333333335,0.0,01
5836,2026-02-01,202602,5839,P.S. 15 DE ENERO,RIS 5,I-2,SAN JUAN DE LURIGANCHO,2447.0,2.0,15.0,42.0,236.0,27.0,2026-03-04,2134.0,313.0,1.7163874131589703,9.644462607274214,1.103391908459338,1223.5,87.20882713526767,12.791172864732326,2026,2,4.0,0.0,2561.0,2.0,15.0,1280.5,1.4837953924248342,0.1952362358453729,0.0,87.11440843420539,1.5235464154674634,4.235383386631848,2423.0,0.0,02
5836,2026-03-01,202603,5839,P.S. 15 DE ENERO,RIS 5,I-2,SAN JUAN DE LURIGANCHO,2525.0,1.0,15.0,61.0,0.0,0.0,2026-04-05,2248.0,277.0,2.4158415841584158,0.0,0.0,2525.0,89.02970297029702,10.970297029702971,2026,3,5.0,0.0,2447.0,2.0,15.0,1223.5,1.7163874131589703,9.644462607274214,1.103391908459338,87.20882713526767,1.637979724757671,3.3570958471970336,2389.0,0.0,03
5836,2026-04-01,202604,5839,P.S. 15 DE ENERO,RIS 5,I-2,SAN JUAN DE LURIGANCHO,2684.0,2.0,15.0,17.0,124.0,44.0,2026-05-05,2162.0,522.0,0.6333830104321908,4.619970193740685,1.639344262295082,1342.0,80.55141579731743,19.448584202682564,2026,4,5.0,0.0,2525.0,1.0,15.0,2525.0,2.4158415841584158,0.0,0.0,89.02970297029702,1.8720081299140734,3.2798996143731958,2511.0,0.0,04
5836,2026-05-01,202605,5839,P.S. 15 DE ENERO,RIS 5,I-2,SAN JUAN DE LURIGANCHO,2431.0,4.0,15.0,22.0,121.0,6.0,2026-06-04,1860.0,571.0,0.9049773755656109,4.97737556561086,0.24681201151789386,607.75,76.5117235705471,23.4882764294529,2026,5,4.0,0.0,2684.0,2.0,15.0,1342.0,0.6333830104321908,4.619970193740685,1.639344262295082,80.55141579731743,1.5885373359165254,4.754810933671632,2552.0,0.0,05
5836,2026-06-01,202606,5839,P.S. 15 DE ENERO,RIS 5,I-2,SAN JUAN DE LURIGANCHO,2530.0,2.0,14.0,11.0,3.0,0.0,2026-07-05,2269.0,261.0,0.43478260869565216,0.11857707509881422,0.0,1265.0,89.68379446640316,10.316205533596838,2026,6,5.0,0.0,2431.0,4.0,15.0,607.75,0.9049773755656109,4.97737556561086,0.24681201151789386,76.5117235705471,1.3180673233854059,3.1991152531171814,2546.6666666666665,0.0,06
5836,2026-07-01,202607,5839,P.S. 15 DE ENERO,RIS 5,I-2,SAN JUAN DE LURIGANCHO,2154.0,2.0,14.0,37.0,188.0,0.0,2026-08-04,1936.0,218.0,1.7177344475394614,8.72794800371402,0.0,1077.0,89.87929433611885,10.120705663881152,2026,7,4.0,0.0,2530.0,2.0,14.0,1265.0,0.43478260869565216,0.11857707509881422,0.0,89.68379446640316,0.6577143315644846,3.2386409448167863,2548.3333333333335,0.0,07
5836,2026-08-01,202608,5839,P.S. 15 DE ENERO,RIS 5,I-2,SAN JUAN DE LURIGANCHO,2770.0,2.0,16.0,32.0,96.0,0.0,2026-09-04,2400.0,370.0,1.1552346570397112,3.4657039711191335,0.0,1385.0,86.64259927797833,13.35740072202166,2026,8,4.0,0.0,2154.0,2.0,14.0,1077.0,1.7177344475394614,8.72794800371402,0.0,89.87929433611885,1.0191648106002413,4.607966881474565,2371.6666666666665,0.0,08
5837,2025-02-01,202502,5840,C.S. SANTA ROSA DE LIMA,RIS 5,I-3,SAN JUAN DE LURIGANCHO,2898.0,2.0,10.0,485.0,171.0,167.0,2025-03-04,2839.0,59.0,16.73567977915804,5.900621118012422,5.762594893029676,1449.0,97.96411318150449,2.035886818495514,2025,2,4.0,1.0,2419.0,1.0,10.0,2419.0,27.738735014468787,5.952873088052915,0.0413393964448119,99.09053327821414,27.738735014468787,5.952873088052915,2419.0,1.0,02
5837,2025-03-01,202503,5840,C.S. SANTA ROSA DE LIMA,RIS 5,I-3,SAN JUAN DE LURIGANCHO,2869.0,1.0,10.0,96.0,369.0,113.0,2025-04-05,2861.0,8.0,3.346113628441966,12.861624259323806,3.938654583478564,2869.0,99.72115719762984,0.27884280237016384,2025,3,5.0,0.0,2898.0,2.0,10.0,1449.0,16.73567977915804,5.900621118012422,5.762594893029676,97.96411318150449,22.237207396813414,5.926747103032668,2658.5,1.0,03
5837,2025-04-01,202504,5840,C.S. SANTA ROSA DE LIMA,RIS 5,I-3,SAN JUAN DE LURIGANCHO,3055.0,2.0,11.0,1310.0,0.0,0.0,2025-05-05,3014.0,41.0,42.88052373158756,0.0,0.0,1527.5,98.65793780687397,1.3420621931260228,2025,4,5.0,1.0,2869.0,1.0,10.0,2869.0,3.346113628441966,12.861624259323806,3.938654583478564,99.72115719762984,15.940176140689596,8.23837282179638,2728.6666666666665,0.0,04
5837,2025-05-01,202505,5840,C.S. SANTA ROSA DE LIMA,RIS 5,I-3,SAN JUAN DE LURIGANCHO,3811.0,3.0,10.0,993.0,540.0,0.0,2025-06-04,3688.0,123.0,26.05615324061926,14.169509315140383,0.0,1270.3333333333333,96.7725006559958,3.2274993440041984,2025,5,4.0,1.0,3055.0,2.0,11.0,1527.5,42.88052373158756,0.0,0.0,98.65793780687397,20.987439046395853,6.254081792445409,2940.6666666666665,1.0,05
5837,2025-06-01,202506,5840,C.S. SANTA ROSA DE LIMA,RIS 5,I-3,SAN JUAN DE LURIGANCHO,3092.0,3.0,10.0,206.0,1143.0,365.0,2025-07-05,2783.0,309.0,6.66235446313066,36.966364812419144,11.804657179818888,1030.6666666666667,90.00646830530401,9.99353169469599,2025,6,5.0,0.0,3811.0,3.0,10.0,1270.3333333333333,26.05615324061926,14.169509315140383,0.0,96.7725006559958,24.094263533549594,9.01037785815473,3245.0,1.0,06
5837,2025-07-01,202507,5840,C.S. SANTA ROSA DE LIMA,RIS 5,I-3,SAN JUAN DE LURIGANCHO,4159.0,2.0,11.0,947.0,1548.0,561.0,2025-08-04,4140.0,19.0,22.76989660976196,37.220485693676366,13.488819427747055,2079.5,99.54315941332051,0.45684058667949023,2025,7,4.0,1.0,3092.0,3.0,10.0,1030.6666666666667,6.66235446313066,36.966364812419144,11.804657179818888,90.00646830530401,25.19967714511249,17.045291375853175,3319.3333333333335,0.0,07
5837,2025-08-01,202508,5840,C.S. SANTA ROSA DE LIMA,RIS 5,I-3,SAN JUAN DE LURIGANCHO,4403.0,2.0,12.0,95.0,2325.0,409.0,2025-09-04,4366.0,37.0,2.157619804678628,52.80490574608222,9.289121053826936,2201.5,99.15966386554622,0.8403361344537815,2025,8,4.0,0.0,4159.0,2.0,11.0,2079.5,22.76989660976196,37.220485693676366,13.488819427747055,99.54315941332051,18.496134771170624,29.45211994041196,3687.3333333333335,1.0,08
5837,2025-09-01,202509,5840,C.S. SANTA ROSA DE LIMA,RIS 5,I-3,SAN JUAN DE LURIGANCHO,5026.0,1.0,12.0,2283.0,923.0,0.0,2025-10-04,4953.0,73.0,45.42379625945085,18.36450457620374,0.0,5026.0,98.54755272582571,1.4524472741742938,2025,9,4.0,1.0,4403.0,2.0,12.0,2201.5,2.157619804678628,52.80490574608222,9.289121053826936,99.15966386554622,10.529956959190413,42.33058541739258,3884.6666666666665,0.0,09
5837,2025-10-01,202510,5840,C.S. SANTA ROSA DE LIMA,RIS 5,I-3,SAN JUAN DE LURIGANCHO,2827.0,1.0,10.0,881.0,263.0,231.0,2025-11-04,2825.0,2.0,31.16377785638486,9.303148213654051,8.171206225680933,2827.0,99.92925362575168,0.07074637424831977,2025,10,4.0,1.0,5026.0,1.0,12.0,5026.0,45.42379625945085,18.36450457620374,0.0,98.54755272582571,23.450437557963813,36.12996533865411,4529.333333333333,1.0,10
5837,2025-11-01,202511,5840,C.S. SANTA ROSA DE LIMA,RIS 5,I-3,SAN JUAN DE LURIGANCHO,2063.0,1.0,10.0,664.0,85.0,34.0,2025-12-04,2053.0,10.0,32.18613669413475,4.120213281628696,1.6480853126514785,2063.0,99.51526902569074,0.4847309743092584,2025,11,4.0,1.0,2827.0,1.0,10.0,2827.0,31.16377785638486,9.303148213654051,8.171206225680933,99.92925362575168,26.24839797350478,26.82418617864667,4085.3333333333335,1.0,11
5837,2025-12-01,202512,5840,C.S. SANTA ROSA DE LIMA,RIS 5,I-3,SAN JUAN DE LURIGANCHO,2306.0,1.0,10.0,280.0,396.0,349.0,2026-01-05,2303.0,3.0,12.142237640936687,17.172593235039027,15.134431916738942,2306.0,99.86990459670425,0.13009540329575023,2025,12,5.0,1.0,2063.0,1.0,10.0,2063.0,32.18613669413475,4.120213281628696,1.6480853126514785,99.51526902569074,36.257903603323484,10.595955357162163,3305.3333333333335,1.0,12
5837,2026-01-01,202601,5840,C.S. SANTA ROSA DE LIMA,RIS 5,I-3,SAN JUAN DE LURIGANCHO,2426.0,2.0,10.0,878.0,541.0,541.0,2026-02-06,2359.0,67.0,36.19126133553174,22.30008244023083,22.30008244023083,1213.0,97.23825226710635,2.761747732893652,2026,1,6.0,1.0,2306.0,1.0,10.0,2306.0,12.142237640936687,17.172593235039027,15.134431916738942,99.86990459670425,25.164050730485428,10.198651576773925,2398.6666666666665,1.0,01
5837,2026-02-01,202602,5840,C.S. SANTA ROSA DE LIMA,RIS 5,I-3,SAN JUAN DE LURIGANCHO,2345.0,2.0,11.0,457.0,690.0,100.0,2026-03-04,2331.0,14.0,19.48827292110874,29.424307036247335,4.264392324093817,1172.5,99.40298507462687,0.5970149253731343,2026,2,4.0,1.0,2426.0,2.0,10.0,1213.0,36.19126133553174,22.30008244023083,22.30008244023083,97.23825226710635,26.83987855686772,14.530962985632852,2265.0,1.0,02
5837,2026-03-01,202603,5840,C.S. SANTA ROSA DE LIMA,RIS 5,I-3,SAN JUAN DE LURIGANCHO,2754.0,2.0,11.0,84.0,867.0,0.0,2026-04-05,2750.0,4.0,3.0501089324618738,31.48148148148148,0.0,1377.0,99.85475671750181,0.14524328249818447,2026,3,5.0,0.0,2345.0,2.0,11.0,1172.5,19.48827292110874,29.424307036247335,4.264392324093817,99.40298507462687,22.607257299192383,22.965660903839066,2359.0,1.0,03
5837,2026-04-01,202604,5840,C.S. SANTA ROSA DE LIMA,RIS 5,I-3,SAN JUAN DE LURIGANCHO,2978.0,2.0,11.0,915.0,515.0,0.0,2026-05-05,2795.0,183.0,30.725319006044327,17.293485560779047,0.0,1489.0,93.85493619879114,6.145063801208865,2026,4,5.0,1.0,2754.0,2.0,11.0,1377.0,3.0501089324618738,31.48148148148148,0.0,99.85475671750181,19.57654772970078,27.735290319319883,2508.3333333333335,0.0,04
5837,2026-05-01,202605,5840,C.S. SANTA ROSA DE LIMA,RIS 5,I-3,SAN JUAN DE LURIGANCHO,2968.0,2.0,10.0,65.0,728.0,165.0,2026-06-04,2923.0,45.0,2.1900269541778976,24.528301886792452,5.559299191374663,1484.0,98.48382749326146,1.5161725067385445,2026,5,4.0,0.0,2978.0,2.0,11.0,1489.0,30.725319006044327,17.293485560779047,0.0,93.85493619879114,17.754566953204975,26.066424692835955,2692.3333333333335,1.0,05
5837,2026-06-01,202606,5840,C.S. SANTA ROSA DE LIMA,RIS 5,I-3,SAN JUAN DE LURIGANCHO,3027.0,3.0,10.0,89.0,663.0,8.0,2026-07-05,3010.0,17.0,2.9402048232573503,21.902874132804758,0.26428807400066073,1009.0,99.4383878427486,0.561612157251404,2026,6,5.0,0.0,2968.0,2.0,10.0,1484.0,2.1900269541778976,24.528301886792452,5.559299191374663,98.48382749326146,11.988484964228027,24.43442297635099,2900.0,0.0,06
5837,2026-07-01,202607,5840,C.S. SANTA ROSA DE LIMA,RIS 5,I-3,SAN JUAN DE LURIGANCHO,2079.0,2.0,10.0,55.0,354.0,62.0,2026-08-04,2066.0,13.0,2.6455026455026456,17.027417027417027,2.982202982202982,1039.5,99.37469937469938,0.6253006253006252,2026,7,4.0,0.0,3027.0,3.0,10.0,1009.0,2.9402048232573503,21.902874132804758,0.26428807400066073,99.4383878427486,11.951850261159855,21.241553860125418,2991.0,0.0,07
5837,2026-08-01,202608,5840,C.S. SANTA ROSA DE LIMA,RIS 5,I-3,SAN JUAN DE LURIGANCHO,2426.0,1.0,10.0,345.0,465.0,0.0,2026-09-04,2352.0,74.0,14.220939818631493,19.167353668590273,0.0,2426.0,96.94971145919209,3.050288540807914,2026,8,4.0,1.0,2079.0,2.0,10.0,1039.5,2.6455026455026456,17.027417027417027,2.982202982202982,99.37469937469938,2.5919114743126266,21.152864349004744,2691.3333333333335,0.0,08
5838,2025-02-01,202502,5841,C.S. CHACARILLA DE OTERO,RIS 5,I-3,SAN JUAN DE LURIGANCHO,9867.0,5.0,29.0,1323.0,1400.0,886.0,2025-03-04,9758.0,109.0,13.408330799635147,14.188709840883753,8.97942637073072,1973.4,98.89530759095976,1.104692409040235,2025,2,4.0,1.0,10404.0,5.0,28.0,2080.8,2.970011534025375,12.370242214532873,5.680507497116493,99.30795847750865,2.970011534025375,12.370242214532873,10404.0,0.0,02
5838,2025-03-01,202503,5841,C.S. CHACARILLA DE OTERO,RIS 5,I-3,SAN JUAN DE LURIGANCHO,9698.0,7.0,27.0,198.0,1151.0,408.0,2025-04-05,9547.0,151.0,2.0416580738296557,11.868426479686534,4.207053000618684,1385.4285714285713,98.44297793359456,1.5570220664054444,2025,3,5.0,0.0,9867.0,5.0,29.0,1973.4,13.408330799635147,14.188709840883753,8.97942637073072,98.89530759095976,8.189171166830262,13.279476027708313,10135.5,1.0,03
5838,2025-04-01,202504,5841,C.S. CHACARILLA DE OTERO,RIS 5,I-3,SAN JUAN DE LURIGANCHO,9763.0,7.0,27.0,161.0,1145.0,540.0,2025-05-05,8810.0,953.0,1.6490832735839394,11.72795247362491,5.531086756120045,1394.7142857142858,90.23865615077332,9.761343849226671,2025,4,5.0,0.0,9698.0,7.0,27.0,1385.4285714285713,2.0416580738296557,11.868426479686534,4.207053000618684,98.44297793359456,6.14000013583006,12.80912617836772,9989.666666666666,0.0,04
5838,2025-05-01,202505,5841,C.S. CHACARILLA DE OTERO,RIS 5,I-3,SAN JUAN DE LURIGANCHO,10660.0,6.0,25.0,597.0,1368.0,274.0,2025-06-04,9817.0,843.0,5.600375234521576,12.833020637898686,2.5703564727954973,1776.6666666666667,92.09193245778611,7.9080675422138835,2025,5,4.0,0.0,9763.0,7.0,27.0,1394.7142857142858,1.6490832735839394,11.72795247362491,5.531086756120045,90.23865615077332,5.699690715682913,12.595029598065066,9776.0,0.0,05
5838,2025-06-01,202506,5841,C.S. CHACARILLA DE OTERO,RIS 5,I-3,SAN JUAN DE LURIGANCHO,9005.0,4.0,25.0,317.0,628.0,108.0,2025-07-05,8927.0,78.0,3.5202665186007773,6.973903387007218,1.1993337034980567,2251.25,99.13381454747362,0.8661854525263742,2025,6,5.0,0.0,10660.0,6.0,25.0,1776.6666666666667,5.600375234521576,12.833020637898686,2.5703564727954973,92.09193245778611,3.097038860645057,12.143133197070043,10040.333333333334,0.0,06
5838,2025-07-01,202507,5841,C.S. CHACARILLA DE OTERO,RIS 5,I-3,SAN JUAN DE LURIGANCHO,9012.0,5.0,25.0,488.0,874.0,405.0,2025-08-04,8843.0,169.0,5.415002219263204,9.698180204172214,4.494007989347536,1802.4,98.12472259209942,1.875277407900577,2025,7,4.0,0.0,9005.0,4.0,25.0,2251.25,3.5202665186007773,6.973903387007218,1.1993337034980567,99.13381454747362,3.589908342235431,10.511625499510272,9809.333333333334,0.0,07
5838,2025-08-01,202508,5841,C.S. CHACARILLA DE OTERO,RIS 5,I-3,SAN JUAN DE LURIGANCHO,9639.0,6.0,25.0,241.0,1406.0,422.0,2025-09-04,9601.0,38.0,2.500259363004461,14.586575370889097,4.378047515302417,1606.5,99.60576823321921,0.39423176678078636,2025,8,4.0,0.0,9012.0,5.0,25.0,1802.4,5.415002219263204,9.698180204172214,4.494007989347536,98.12472259209942,4.845214657461852,9.83503474302604,9559.0,0.0,08
5838,2025-09-01,202509,5841,C.S. CHACARILLA DE OTERO,RIS 5,I-3,SAN JUAN DE LURIGANCHO,12236.0,5.0,25.0,895.0,1635.0,724.0,2025-10-04,12153.0,83.0,7.314481856815953,13.362209872507355,5.916966328865643,2447.2,99.32167374959137,0.6783262504086303,2025,9,4.0,0.0,9639.0,6.0,25.0,1606.5,2.500259363004461,14.586575370889097,4.378047515302417,99.60576823321921,3.8118427002894806,10.419552987356175,9218.666666666666,0.0,09
5838,2025-10-01,202510,5841,C.S. CHACARILLA DE OTERO,RIS 5,I-3,SAN JUAN DE LURIGANCHO,9675.0,5.0,24.0,980.0,1517.0,963.0,2025-11-04,9641.0,34.0,10.12919896640827,15.679586563307494,9.953488372093023,1935.0,99.6485788113695,0.35142118863049093,2025,10,4.0,1.0,12236.0,5.0,25.0,2447.2,7.314481856815953,13.362209872507355,5.916966328865643,99.32167374959137,5.076581146361206,12.548988482522889,10295.666666666666,0.0,10
5838,2025-11-01,202511,5841,C.S. CHACARILLA DE OTERO,RIS 5,I-3,SAN JUAN DE LURIGANCHO,8353.0,5.0,24.0,436.0,1220.0,295.0,2025-12-04,8339.0,14.0,5.219681551538369,14.605530946965162,3.5316652699628874,1670.6,99.83239554651024,0.16760445348976416,2025,11,4.0,0.0,9675.0,5.0,24.0,1935.0,10.12919896640827,15.679586563307494,9.953488372093023,99.6485788113695,6.647980062076228,14.542790602234648,10516.666666666666,1.0,11
5838,2025-12-01,202512,5841,C.S. CHACARILLA DE OTERO,RIS 5,I-3,SAN JUAN DE LURIGANCHO,7184.0,5.0,28.0,113.0,209.0,49.0,2026-01-05,7167.0,17.0,1.5729398663697105,2.90924276169265,0.6820712694877505,1436.8,99.76336302895324,0.2366369710467706,2025,12,5.0,0.0,8353.0,5.0,24.0,1670.6,5.219681551538369,14.605530946965162,3.5316652699628874,99.83239554651024,7.554454124920864,14.549109127593338,10088.0,0.0,12
5838,2026-01-01,202601,5841,C.S. CHACARILLA DE OTERO,RIS 5,I-3,SAN JUAN DE LURIGANCHO,10139.0,5.0,21.0,214.0,678.0,21.0,2026-02-06,10121.0,18.0,2.110661800966565,6.687050004931453,0.20712101785185916,2027.8,99.82246769898413,0.17753230101587927,2026,1,6.0,0.0,7184.0,5.0,28.0,1436.8,1.5729398663697105,2.90924276169265,0.6820712694877505,99.76336302895324,5.640606794772116,11.064786757321768,8404.0,0.0,01
5838,2026-02-01,202602,5841,C.S. CHACARILLA DE OTERO,RIS 5,I-3,SAN JUAN DE LURIGANCHO,8857.0,5.0,21.0,167.0,1227.0,162.0,2026-03-04,8828.0,29.0,1.8855142824884272,13.853449249181438,1.82906175906063,1771.4,99.67257536411877,0.3274246358812239,2026,2,4.0,0.0,10139.0,5.0,21.0,2027.8,2.110661800966565,6.687050004931453,0.20712101785185916,99.82246769898413,2.967761072958215,8.067274571196421,8558.666666666666,0.0,02
5838,2026-03-01,202603,5841,C.S. CHACARILLA DE OTERO,RIS 5,I-3,SAN JUAN DE LURIGANCHO,10573.0,5.0,21.0,1075.0,269.0,0.0,2026-04-05,10547.0,26.0,10.16740754752672,2.5442164002648253,0.0,2114.6,99.75409060815284,0.24590939184715785,2026,3,5.0,1.0,8857.0,5.0,21.0,1771.4,1.8855142824884272,13.853449249181438,1.82906175906063,99.67257536411877,1.8563719832749008,7.8165806719351805,8726.666666666666,0.0,03
5838,2026-04-01,202604,5841,C.S. CHACARILLA DE OTERO,RIS 5,I-3,SAN JUAN DE LURIGANCHO,9890.0,4.0,24.0,270.0,1396.0,238.0,2026-05-05,9477.0,413.0,2.730030333670374,14.115267947421637,2.4064711830131444,2472.5,95.82406471183013,4.175935288169868,2026,4,5.0,0.0,10573.0,5.0,21.0,2114.6,10.16740754752672,2.5442164002648253,0.0,99.75409060815284,4.7211945436605705,7.694905218125906,9856.333333333334,1.0,04
5838,2026-05-01,202605,5841,C.S. CHACARILLA DE OTERO,RIS 5,I-3,SAN JUAN DE LURIGANCHO,10018.0,6.0,23.0,53.0,1698.0,321.0,2026-06-04,9765.0,253.0,0.5290477141145937,16.94949091635057,3.2042323817129166,1669.6666666666667,97.47454581752845,2.525454182471551,2026,5,4.0,0.0,9890.0,4.0,24.0,2472.5,2.730030333670374,14.115267947421637,2.4064711830131444,95.82406471183013,4.927650721228507,10.170977865622634,9773.333333333334,0.0,05
5838,2026-06-01,202606,5841,C.S. CHACARILLA DE OTERO,RIS 5,I-3,SAN JUAN DE LURIGANCHO,10879.0,6.0,24.0,151.0,1545.0,369.0,2026-07-05,10291.0,588.0,1.3879952201489107,14.201672947881239,3.3918558691056164,1813.1666666666667,94.5950914606122,5.404908539387812,2026,6,5.0,0.0,10018.0,6.0,23.0,1669.6666666666667,0.5290477141145937,16.94949091635057,3.2042323817129166,97.47454581752845,4.475495198437229,11.20299175467901,10160.333333333334,0.0,06
5838,2026-07-01,202607,5841,C.S. CHACARILLA DE OTERO,RIS 5,I-3,SAN JUAN DE LURIGANCHO,9973.0,6.0,22.0,441.0,1548.0,853.0,2026-08-04,9569.0,404.0,4.42193923593703,15.521909154717738,8.553093352050537,1662.1666666666667,95.9490624686654,4.050937531334603,2026,7,4.0,0.0,10879.0,6.0,24.0,1813.1666666666667,1.3879952201489107,14.201672947881239,3.3918558691056164,94.5950914606122,1.5490244226446261,15.088810603884482,10262.333333333334,0.0,07
5838,2026-08-01,202608,5841,C.S. CHACARILLA DE OTERO,RIS 5,I-3,SAN JUAN DE LURIGANCHO,10735.0,4.0,24.0,319.0,1111.0,270.0,2026-09-04,10600.0,135.0,2.9715882626921286,10.349324639031206,2.5151374010246856,2683.75,98.74243129948766,1.2575687005123428,2026,8,4.0,0.0,9973.0,6.0,22.0,1662.1666666666667,4.42193923593703,15.521909154717738,8.553093352050537,95.9490624686654,2.1129940567335113,15.557691006316515,10290.0,0.0,08
5841,2025-02-01,202502,5844,P.S. AZCARRUNZ ALTO,RIS 5,I-2,SAN JUAN DE LURIGANCHO,2612.0,1.0,11.0,5.0,143.0,24.0,2025-03-04,2424.0,188.0,0.19142419601837674,5.474732006125574,0.9188361408882083,2612.0,92.80245022970904,7.197549770290965,2025,2,4.0,0.0,2523.0,2.0,10.0,1261.5,0.5548949663099485,5.866032500990884,0.4756242568370987,93.97542608006341,0.5548949663099485,5.866032500990884,2523.0,0.0,02
5841,2025-03-01,202503,5844,P.S. AZCARRUNZ ALTO,RIS 5,I-2,SAN JUAN DE LURIGANCHO,2618.0,1.0,10.0,2.0,5.0,0.0,2025-04-05,2512.0,106.0,0.07639419404125286,0.19098548510313215,0.0,2618.0,95.95110771581359,4.048892284186402,2025,3,5.0,0.0,2612.0,1.0,11.0,2612.0,0.19142419601837674,5.474732006125574,0.9188361408882083,92.80245022970904,0.3731595811641626,5.670382253558229,2567.5,0.0,03
5841,2025-04-01,202504,5844,P.S. AZCARRUNZ ALTO,RIS 5,I-2,SAN JUAN DE LURIGANCHO,2822.0,1.0,11.0,4.0,112.0,0.0,2025-05-05,2342.0,480.0,0.14174344436569808,3.968816442239546,0.0,2822.0,82.99078667611623,17.00921332388377,2025,4,5.0,0.0,2618.0,1.0,10.0,2618.0,0.07639419404125286,0.19098548510313215,0.0,95.95110771581359,0.27423778545652605,3.8439166640731965,2584.3333333333335,0.0,04
5841,2025-05-01,202505,5844,P.S. AZCARRUNZ ALTO,RIS 5,I-2,SAN JUAN DE LURIGANCHO,3188.0,1.0,13.0,44.0,390.0,0.0,2025-06-04,2718.0,470.0,1.3801756587202008,12.233375156838143,0.0,3188.0,85.25721455457968,14.742785445420326,2025,5,4.0,0.0,2822.0,1.0,11.0,2822.0,0.14174344436569808,3.968816442239546,0.0,82.99078667611623,0.13652061147510922,3.2115113111560842,2684.0,0.0,05
5841,2025-06-01,202506,5844,P.S. AZCARRUNZ ALTO,RIS 5,I-2,SAN JUAN DE LURIGANCHO,3244.0,2.0,11.0,2.0,6.0,6.0,2025-07-05,2834.0,410.0,0.06165228113440197,0.18495684340320592,0.18495684340320592,1622.0,87.3612823674476,12.638717632552405,2025,6,5.0,0.0,3188.0,1.0,13.0,3188.0,1.3801756587202008,12.233375156838143,0.0,85.25721455457968,0.5327710990423838,5.464392361393607,2876.0,0.0,06
5841,2025-07-01,202507,5844,P.S. AZCARRUNZ ALTO,RIS 5,I-2,SAN JUAN DE LURIGANCHO,2710.0,3.0,11.0,1.0,57.0,0.0,2025-08-04,2478.0,232.0,0.03690036900369004,2.103321033210332,0.0,903.3333333333334,91.43911439114392,8.560885608856088,2025,7,4.0,0.0,3244.0,2.0,11.0,1622.0,0.06165228113440197,0.18495684340320592,0.18495684340320592,87.3612823674476,0.5278571280734335,5.462382814160299,3084.6666666666665,0.0,07
5841,2025-08-01,202508,5844,P.S. AZCARRUNZ ALTO,RIS 5,I-2,SAN JUAN DE LURIGANCHO,2837.0,1.0,12.0,4.0,149.0,43.0,2025-09-04,2535.0,302.0,0.14099400775467041,5.252026788861474,1.515685583362707,2837.0,89.35495241452239,10.645047585477617,2025,8,4.0,0.0,2710.0,3.0,11.0,903.3333333333334,0.03690036900369004,2.103321033210332,0.0,91.43911439114392,0.49290943628609757,4.84055101115056,3047.3333333333335,0.0,08
5841,2025-09-01,202509,5844,P.S. AZCARRUNZ ALTO,RIS 5,I-2,SAN JUAN DE LURIGANCHO,3339.0,1.0,13.0,1.0,708.0,147.0,2025-10-04,3088.0,251.0,0.02994908655286014,21.203953279424976,4.40251572327044,3339.0,92.4827792752321,7.517220724767895,2025,9,4.0,0.0,2837.0,1.0,12.0,2837.0,0.14099400775467041,5.252026788861474,1.515685583362707,89.35495241452239,0.07984888596425414,2.5134348884916706,2930.3333333333335,0.0,09
5841,2025-10-01,202510,5844,P.S. AZCARRUNZ ALTO,RIS 5,I-2,SAN JUAN DE LURIGANCHO,2455.0,1.0,12.0,25.0,421.0,265.0,2025-11-04,2318.0,137.0,1.0183299389002036,17.14867617107943,10.79429735234216,2455.0,94.41955193482688,5.580448065173116,2025,10,4.0,0.0,3339.0,1.0,13.0,3339.0,0.02994908655286014,21.203953279424976,4.40251572327044,92.4827792752321,0.06928115443707353,9.519767033832261,2962.0,0.0,10
5841,2025-11-01,202511,5844,P.S. AZCARRUNZ ALTO,RIS 5,I-2,SAN JUAN DE LURIGANCHO,2249.0,1.0,12.0,9.0,127.0,0.0,2025-12-04,2112.0,137.0,0.4001778568252557,5.646954201867497,0.0,2249.0,93.90840373499333,6.09159626500667,2025,11,4.0,0.0,2455.0,1.0,12.0,2455.0,1.0183299389002036,17.14867617107943,10.79429735234216,94.41955193482688,0.39642434440257807,14.53488541312196,2877.0,0.0,11
5841,2025-12-01,202512,5844,P.S. AZCARRUNZ ALTO,RIS 5,I-2,SAN JUAN DE LURIGANCHO,2154.0,1.0,12.0,2.0,33.0,0.0,2026-01-05,2016.0,138.0,0.09285051067780872,1.532033426183844,0.0,2154.0,93.59331476323119,6.406685236768802,2025,12,5.0,0.0,2249.0,1.0,12.0,2249.0,0.4001778568252557,5.646954201867497,0.0,93.90840373499333,0.48281896075943975,14.666527884123967,2681.0,0.0,12
5841,2026-01-01,202601,5844,P.S. AZCARRUNZ ALTO,RIS 5,I-2,SAN JUAN DE LURIGANCHO,2050.0,2.0,12.0,17.0,12.0,0.0,2026-02-06,1789.0,261.0,0.8292682926829268,0.5853658536585366,0.0,1025.0,87.26829268292683,12.731707317073171,2026,1,6.0,0.0,2154.0,1.0,12.0,2154.0,0.09285051067780872,1.532033426183844,0.0,93.59331476323119,0.5037861021344227,8.109221266376924,2286.0,0.0,01
5841,2026-02-01,202602,5844,P.S. AZCARRUNZ ALTO,RIS 5,I-2,SAN JUAN DE LURIGANCHO,2043.0,2.0,13.0,122.0,248.0,0.0,2026-03-04,1721.0,322.0,5.97161037689672,12.139011257953989,0.0,1021.5,84.23886441507587,15.761135584924132,2026,2,4.0,0.0,2050.0,2.0,12.0,1025.0,0.8292682926829268,0.5853658536585366,0.0,87.26829268292683,0.44076555339533047,2.588117827236626,2151.0,0.0,02
5841,2026-03-01,202603,5844,P.S. AZCARRUNZ ALTO,RIS 5,I-2,SAN JUAN DE LURIGANCHO,2739.0,2.0,12.0,98.0,46.0,0.0,2026-04-05,2442.0,297.0,3.5779481562614093,1.6794450529390288,0.0,1369.5,89.1566265060241,10.843373493975903,2026,3,5.0,0.0,2043.0,2.0,13.0,1021.5,5.97161037689672,12.139011257953989,0.0,84.23886441507587,2.297909726752485,4.752136845932124,2082.3333333333335,0.0,03
5841,2026-04-01,202604,5844,P.S. AZCARRUNZ ALTO,RIS 5,I-2,SAN JUAN DE LURIGANCHO,2726.0,2.0,10.0,240.0,384.0,65.0,2026-05-05,2286.0,440.0,8.804108584005869,14.086573734409392,2.3844460748349228,1363.0,83.8591342626559,16.140865737344093,2026,4,5.0,0.0,2739.0,2.0,12.0,1369.5,3.5779481562614093,1.6794450529390288,0.0,89.1566265060241,3.459608941947019,4.801274054850518,2277.3333333333335,0.0,04
5841,2026-05-01,202605,5844,P.S. AZCARRUNZ ALTO,RIS 5,I-2,SAN JUAN DE LURIGANCHO,2573.0,5.0,12.0,176.0,549.0,0.0,2026-06-04,2155.0,418.0,6.840264282938205,21.33696074621065,0.0,514.6,83.75437232802176,16.245627671978234,2026,5,4.0,0.0,2726.0,2.0,10.0,1363.0,8.804108584005869,14.086573734409392,2.3844460748349228,83.8591342626559,6.117889039054666,9.30167668176747,2502.6666666666665,0.0,05
5841,2026-06-01,202606,5844,P.S. AZCARRUNZ ALTO,RIS 5,I-2,SAN JUAN DE LURIGANCHO,2961.0,4.0,12.0,35.0,162.0,0.0,2026-07-05,2519.0,442.0,1.1820330969267139,5.47112462006079,0.0,740.25,85.0726106045255,14.927389395474503,2026,6,5.0,0.0,2573.0,5.0,12.0,514.6,6.840264282938205,21.33696074621065,0.0,83.75437232802176,6.407440341068494,12.367659844519691,2679.3333333333335,0.0,06
5841,2026-07-01,202607,5844,P.S. AZCARRUNZ ALTO,RIS 5,I-2,SAN JUAN DE LURIGANCHO,2480.0,2.0,13.0,22.0,265.0,6.0,2026-08-04,2056.0,424.0,0.8870967741935484,10.685483870967742,0.24193548387096775,1240.0,82.90322580645162,17.096774193548388,2026,7,4.0,0.0,2961.0,4.0,12.0,740.25,1.1820330969267139,5.47112462006079,0.0,85.0726106045255,5.608801987956929,13.631553033560278,2753.3333333333335,0.0,07
5841,2026-08-01,202608,5844,P.S. AZCARRUNZ ALTO,RIS 5,I-2,SAN JUAN DE LURIGANCHO,2109.0,2.0,13.0,31.0,97.0,28.0,2026-09-04,1860.0,249.0,1.4698909435751542,4.599336178283547,1.3276434329065907,1054.5,88.19345661450924,11.806543385490754,2026,8,4.0,0.0,2480.0,2.0,13.0,1240.0,0.8870967741935484,10.685483870967742,0.24193548387096775,82.90322580645162,2.969798051352822,12.497856412413062,2671.3333333333335,0.0,08
5842,2025-02-01,202502,5845,C.S. DANIEL ALCIDES CARRION,RIS 5,I-3,SAN JUAN DE LURIGANCHO,2877.0,4.0,10.0,1800.0,293.0,55.0,2025-03-04,2550.0,327.0,62.56517205422315,10.184219673270768,1.9117135905457074,719.25,88.63399374348279,11.366006256517206,2025,2,4.0,1.0,3495.0,3.0,11.0,1165.0,55.82260371959943,13.533619456366237,6.094420600858369,95.87982832618026,55.82260371959943,13.533619456366237,3495.0,1.0,02
5842,2025-03-01,202503,5845,C.S. DANIEL ALCIDES CARRION,RIS 5,I-3,SAN JUAN DE LURIGANCHO,4110.0,2.0,11.0,1638.0,761.0,198.0,2025-04-05,3913.0,197.0,39.85401459854015,18.515815085158152,4.817518248175182,2055.0,95.20681265206812,4.793187347931873,2025,3,5.0,1.0,2877.0,4.0,10.0,719.25,62.56517205422315,10.184219673270768,1.9117135905457074,88.63399374348279,59.193887886911284,11.858919564818503,3186.0,1.0,03
5842,2025-04-01,202504,5845,C.S. DANIEL ALCIDES CARRION,RIS 5,I-3,SAN JUAN DE LURIGANCHO,3848.0,2.0,10.0,1316.0,256.0,115.0,2025-05-05,3260.0,588.0,34.1995841995842,6.652806652806653,2.9885654885654884,1924.0,84.71933471933473,15.28066528066528,2025,4,5.0,1.0,4110.0,2.0,11.0,2055.0,39.85401459854015,18.515815085158152,4.817518248175182,95.20681265206812,52.74726345745424,14.077884738265054,3494.0,1.0,04
5842,2025-05-01,202505,5845,C.S. DANIEL ALCIDES CARRION,RIS 5,I-3,SAN JUAN DE LURIGANCHO,3724.0,2.0,11.0,1616.0,336.0,111.0,2025-06-04,2688.0,1036.0,43.39419978517723,9.022556390977444,2.9806659505907627,1862.0,72.18045112781955,27.81954887218045,2025,5,4.0,1.0,3848.0,2.0,10.0,1924.0,34.1995841995842,6.652806652806653,2.9885654885654884,84.71933471933473,45.53959028411583,11.784280470411858,3611.6666666666665,1.0,05
5842,2025-06-01,202506,5845,C.S. DANIEL ALCIDES CARRION,RIS 5,I-3,SAN JUAN DE LURIGANCHO,3105.0,2.0,11.0,1710.0,84.0,84.0,2025-07-05,2609.0,496.0,55.072463768115945,2.7053140096618358,2.7053140096618358,1552.5,84.02576489533011,15.974235104669887,2025,6,5.0,1.0,3724.0,2.0,11.0,1862.0,43.39419978517723,9.022556390977444,2.9806659505907627,72.18045112781955,39.14926619443386,11.397059376314083,3894.0,1.0,06
5842,2025-07-01,202507,5845,C.S. DANIEL ALCIDES CARRION,RIS 5,I-3,SAN JUAN DE LURIGANCHO,4194.0,2.0,12.0,1529.0,324.0,225.0,2025-08-04,3783.0,411.0,36.456843109203625,7.725321888412017,5.364806866952789,2097.0,90.20028612303291,9.799713876967095,2025,7,4.0,1.0,3105.0,2.0,11.0,1552.5,55.072463768115945,2.7053140096618358,2.7053140096618358,84.02576489533011,44.22208258429246,6.126892351148644,3559.0,1.0,07
5842,2025-08-01,202508,5845,C.S. DANIEL ALCIDES CARRION,RIS 5,I-3,SAN JUAN DE LURIGANCHO,3612.0,3.0,13.0,1586.0,431.0,173.0,2025-09-04,3362.0,250.0,43.90919158361019,11.932447397563676,4.789590254706534,1204.0,93.07862679955703,6.921373200442968,2025,8,4.0,1.0,4194.0,2.0,12.0,2097.0,36.456843109203625,7.725321888412017,5.364806866952789,90.20028612303291,44.97450222083227,6.4843974296837645,3674.3333333333335,1.0,08
5842,2025-09-01,202509,5845,C.S. DANIEL ALCIDES CARRION,RIS 5,I-3,SAN JUAN DE LURIGANCHO,3986.0,3.0,13.0,1385.0,594.0,199.0,2025-10-04,3753.0,233.0,34.746613146011036,14.902157551430005,4.992473657802308,1328.6666666666667,94.15454089312594,5.845459106874059,2025,9,4.0,1.0,3612.0,3.0,13.0,1204.0,43.90919158361019,11.932447397563676,4.789590254706534,93.07862679955703,45.14616615364326,7.454361098545843,3637.0,1.0,09
5842,2025-10-01,202510,5845,C.S. DANIEL ALCIDES CARRION,RIS 5,I-3,SAN JUAN DE LURIGANCHO,3729.0,3.0,12.0,1756.0,369.0,170.0,2025-11-04,3424.0,305.0,47.09037275408957,9.895414320193082,4.558862965942612,1243.0,91.82086350227944,8.179136497720568,2025,10,4.0,1.0,3986.0,3.0,13.0,1328.6666666666667,34.746613146011036,14.902157551430005,4.992473657802308,94.15454089312594,38.370882612941614,11.519975612468565,3930.6666666666665,1.0,10
5842,2025-11-01,202511,5845,C.S. DANIEL ALCIDES CARRION,RIS 5,I-3,SAN JUAN DE LURIGANCHO,4051.0,2.0,11.0,1944.0,221.0,30.0,2025-12-04,3803.0,248.0,47.988151073808936,5.45544310046902,0.7405578869414959,2025.5,93.87805480128364,6.121945198716366,2025,11,4.0,1.0,3729.0,3.0,12.0,1243.0,47.09037275408957,9.895414320193082,4.558862965942612,91.82086350227944,41.91539249457026,12.243339756395587,3775.6666666666665,1.0,11
5842,2025-12-01,202512,5845,C.S. DANIEL ALCIDES CARRION,RIS 5,I-3,SAN JUAN DE LURIGANCHO,3228.0,3.0,11.0,531.0,556.0,269.0,2026-01-05,3021.0,207.0,16.449814126394052,17.224287484510533,8.333333333333334,1076.0,93.58736059479554,6.412639405204461,2025,12,5.0,1.0,4051.0,2.0,11.0,2025.5,47.988151073808936,5.45544310046902,0.7405578869414959,93.87805480128364,43.27504565796985,10.084338324030702,3922.0,1.0,12
5842,2026-01-01,202601,5845,C.S. DANIEL ALCIDES CARRION,RIS 5,I-3,SAN JUAN DE LURIGANCHO,4850.0,5.0,12.0,2682.0,590.0,225.0,2026-02-06,4788.0,62.0,55.29896907216495,12.164948453608247,4.639175257731959,970.0,98.72164948453609,1.2783505154639174,2026,1,6.0,1.0,3228.0,3.0,11.0,1076.0,16.449814126394052,17.224287484510533,8.333333333333334,93.58736059479554,37.17611265143085,10.858381635057546,3669.3333333333335,1.0,01
5842,2026-02-01,202602,5845,C.S. DANIEL ALCIDES CARRION,RIS 5,I-3,SAN JUAN DE LURIGANCHO,4343.0,5.0,11.0,1728.0,533.0,274.0,2026-03-04,4191.0,152.0,39.78816486299793,12.272622611098319,6.309002993322588,868.6,96.50011512779184,3.4998848722081513,2026,2,4.0,1.0,4850.0,5.0,12.0,970.0,55.29896907216495,12.164948453608247,4.639175257731959,98.72164948453609,39.91231142412265,11.6148930128626,4043.0,1.0,02
5842,2026-03-01,202603,5845,C.S. DANIEL ALCIDES CARRION,RIS 5,I-3,SAN JUAN DE LURIGANCHO,4446.0,4.0,13.0,1525.0,430.0,0.0,2026-04-05,4363.0,83.0,34.30049482681061,9.67161493477283,0.0,1111.5,98.13315339631129,1.866846603688709,2026,3,5.0,1.0,4343.0,5.0,11.0,868.6,39.78816486299793,12.272622611098319,6.309002993322588,96.50011512779184,37.178982687185645,13.887286183072368,4140.333333333333,1.0,03
5842,2026-04-01,202604,5845,C.S. DANIEL ALCIDES CARRION,RIS 5,I-3,SAN JUAN DE LURIGANCHO,5338.0,5.0,11.0,2620.0,217.0,217.0,2026-05-05,4996.0,342.0,49.08205320344698,4.065192956163357,4.065192956163357,1067.6,93.59310603222181,6.406893967778194,2026,4,5.0,1.0,4446.0,4.0,13.0,1111.5,34.30049482681061,9.67161493477283,0.0,98.13315339631129,43.1292095873245,11.369728666493131,4546.333333333333,1.0,04
5842,2026-05-01,202605,5845,C.S. DANIEL ALCIDES CARRION,RIS 5,I-3,SAN JUAN DE LURIGANCHO,5639.0,4.0,12.0,2174.0,225.0,83.0,2026-06-04,5416.0,223.0,38.55293491753857,3.990069161198794,1.471892179464444,1409.75,96.04539812023408,3.954601879765916,2026,5,4.0,1.0,5338.0,5.0,11.0,1067.6,49.08205320344698,4.065192956163357,4.065192956163357,93.59310603222181,41.05690429775184,8.669810167344835,4709.0,1.0,05
5842,2026-06-01,202606,5845,C.S. DANIEL ALCIDES CARRION,RIS 5,I-3,SAN JUAN DE LURIGANCHO,5090.0,5.0,13.0,1882.0,829.0,0.0,2026-07-05,4990.0,100.0,36.97445972495088,16.286836935166995,0.0,1018.0,98.03536345776031,1.9646365422396856,2026,6,5.0,1.0,5639.0,4.0,12.0,1409.75,38.55293491753857,3.990069161198794,1.471892179464444,96.04539812023408,40.645160982598725,5.908959017378327,5141.0,1.0,06
5842,2026-07-01,202607,5845,C.S. DANIEL ALCIDES CARRION,RIS 5,I-3,SAN JUAN DE LURIGANCHO,4794.0,4.0,13.0,1953.0,251.0,98.0,2026-08-04,4523.0,271.0,40.73842302878598,5.235711305798915,2.0442219440967877,1198.5,94.34710054234459,5.652899457655403,2026,7,4.0,1.0,5090.0,5.0,13.0,1018.0,36.97445972495088,16.286836935166995,0.0,98.03536345776031,41.536482615312146,8.114033017509716,5355.666666666667,1.0,07
5842,2026-08-01,202608,5845,C.S. DANIEL ALCIDES CARRION,RIS 5,I-3,SAN JUAN DE LURIGANCHO,4994.0,2.0,14.0,1766.0,695.0,0.0,2026-09-04,4836.0,158.0,35.362434921906285,13.916700040048058,0.0,2497.0,96.83620344413296,3.1637965558670404,2026,8,4.0,1.0,4794.0,4.0,13.0,1198.5,40.73842302878598,5.235711305798915,2.0442219440967877,94.34710054234459,38.755272557091814,8.504205800721568,5174.333333333333,1.0,08
5843,2025-02-01,202502,5846,C.S. CAJA DE AGUA,RIS 5,I-3,SAN JUAN DE LURIGANCHO,7425.0,3.0,17.0,1893.0,837.0,428.0,2025-03-04,6990.0,435.0,25.494949494949495,11.272727272727273,5.764309764309765,2475.0,94.14141414141415,5.858585858585859,2025,2,4.0,1.0,7664.0,3.0,15.0,2554.6666666666665,20.26356993736952,7.47651356993737,1.9050104384133613,94.50678496868476,20.26356993736952,7.47651356993737,7664.0,1.0,02
5843,2025-03-01,202503,5846,C.S. CAJA DE AGUA,RIS 5,I-3,SAN JUAN DE LURIGANCHO,9025.0,2.0,16.0,48.0,1490.0,792.0,2025-04-05,8661.0,364.0,0.5318559556786704,16.509695290858726,8.77562326869806,4512.5,95.96675900277009,4.033240997229917,2025,3,5.0,0.0,7425.0,3.0,17.0,2475.0,25.494949494949495,11.272727272727273,5.764309764309765,94.14141414141415,22.87925971615951,9.374620421332322,7544.5,1.0,03
5843,2025-04-01,202504,5846,C.S. CAJA DE AGUA,RIS 5,I-3,SAN JUAN DE LURIGANCHO,9434.0,2.0,17.0,3986.0,800.0,451.0,2025-05-05,8765.0,669.0,42.25143099427602,8.479966080135679,4.780580877676489,4717.0,92.90862836548654,7.091371634513462,2025,4,5.0,1.0,9025.0,2.0,16.0,4512.5,0.5318559556786704,16.509695290858726,8.77562326869806,95.96675900277009,15.430125129332561,11.752978711174457,8038.0,0.0,04
5843,2025-05-01,202505,5846,C.S. CAJA DE AGUA,RIS 5,I-3,SAN JUAN DE LURIGANCHO,11663.0,2.0,19.0,2982.0,1598.0,686.0,2025-06-04,10606.0,1057.0,25.568035668352913,13.701449026837006,5.881848580982594,5831.5,90.9371516762411,9.062848323758896,2025,5,4.0,1.0,9434.0,2.0,17.0,4717.0,42.25143099427602,8.479966080135679,4.780580877676489,92.90862836548654,22.759412148301394,12.08746288124056,8628.0,1.0,05
5843,2025-06-01,202506,5846,C.S. CAJA DE AGUA,RIS 5,I-3,SAN JUAN DE LURIGANCHO,9892.0,6.0,20.0,60.0,872.0,162.0,2025-07-05,8804.0,1088.0,0.606550748079256,8.815204205418521,1.637687019813991,1648.6666666666667,89.00121310149616,10.998786898503841,2025,6,5.0,0.0,11663.0,2.0,19.0,5831.5,25.568035668352913,13.701449026837006,5.881848580982594,90.9371516762411,22.78377420610253,12.897036799277137,10040.666666666666,1.0,06
5843,2025-07-01,202507,5846,C.S. CAJA DE AGUA,RIS 5,I-3,SAN JUAN DE LURIGANCHO,9824.0,6.0,19.0,2296.0,1269.0,725.0,2025-08-04,8825.0,999.0,23.371335504885995,12.917345276872965,7.379885993485342,1637.3333333333333,89.83102605863192,10.168973941368078,2025,7,4.0,1.0,9892.0,6.0,20.0,1648.6666666666667,0.606550748079256,8.815204205418521,1.637687019813991,89.00121310149616,22.80867247023606,10.332206437463734,10329.666666666666,0.0,07
5843,2025-08-01,202508,5846,C.S. CAJA DE AGUA,RIS 5,I-3,SAN JUAN DE LURIGANCHO,8804.0,3.0,19.0,997.0,1070.0,364.0,2025-09-04,8286.0,518.0,11.324398000908678,12.153566560654248,4.134484325306679,2934.6666666666665,94.1163107678328,5.883689232167197,2025,8,4.0,1.0,9824.0,6.0,19.0,1637.3333333333333,23.371335504885995,12.917345276872965,7.379885993485342,89.83102605863192,16.515307307106053,11.811332836376165,10459.666666666666,1.0,08
5843,2025-09-01,202509,5846,C.S. CAJA DE AGUA,RIS 5,I-3,SAN JUAN DE LURIGANCHO,10479.0,4.0,19.0,472.0,2408.0,1152.0,2025-10-04,9874.0,605.0,4.504246588414925,22.979291917167668,10.993415402233037,2619.75,94.22654833476477,5.773451665235233,2025,9,4.0,0.0,8804.0,3.0,19.0,2934.6666666666665,11.324398000908678,12.153566560654248,4.134484325306679,94.1163107678328,11.76742808462464,11.295372014315246,9506.666666666666,1.0,09
5843,2025-10-01,202510,5846,C.S. CAJA DE AGUA,RIS 5,I-3,SAN JUAN DE LURIGANCHO,8284.0,4.0,17.0,667.0,1038.0,821.0,2025-11-04,7902.0,382.0,8.051665861902462,12.530178657653307,9.91067117334621,2071.0,95.3887011105746,4.611298889425399,2025,10,4.0,0.0,10479.0,4.0,19.0,2619.75,4.504246588414925,22.979291917167668,10.993415402233037,94.22654833476477,13.066660031403197,16.01673458489829,9702.333333333334,0.0,10
5843,2025-11-01,202511,5846,C.S. CAJA DE AGUA,RIS 5,I-3,SAN JUAN DE LURIGANCHO,8162.0,3.0,19.0,1159.0,1543.0,470.0,2025-12-04,7705.0,457.0,14.199950992403823,18.90468022543494,5.758392550845381,2720.6666666666665,94.4008821367312,5.599117863268806,2025,11,4.0,1.0,8284.0,4.0,17.0,2071.0,8.051665861902462,12.530178657653307,9.91067117334621,95.3887011105746,7.96010348374202,15.887679045158407,9189.0,0.0,11
5843,2025-12-01,202512,5846,C.S. CAJA DE AGUA,RIS 5,I-3,SAN JUAN DE LURIGANCHO,6913.0,2.0,17.0,26.0,839.0,167.0,2026-01-05,6680.0,233.0,0.37610299435845507,12.136554317951685,2.415738463763923,3456.5,96.62953855055692,3.3704614494430785,2025,12,5.0,0.0,8162.0,3.0,19.0,2720.6666666666665,14.199950992403823,18.90468022543494,5.758392550845381,94.4008821367312,8.918621147573734,18.13805026675197,8975.0,1.0,12
5843,2026-01-01,202601,5846,C.S. CAJA DE AGUA,RIS 5,I-3,SAN JUAN DE LURIGANCHO,8086.0,3.0,17.0,136.0,60.0,1.0,2026-02-06,7784.0,302.0,1.6819193668068266,0.7420232500618352,0.012367054167697254,2695.3333333333335,96.26514964135544,3.7348503586445707,2026,1,6.0,0.0,6913.0,2.0,17.0,3456.5,0.37610299435845507,12.136554317951685,2.415738463763923,96.62953855055692,7.542573282888244,14.523804400346643,7786.333333333333,0.0,01
5843,2026-02-01,202602,5846,C.S. CAJA DE AGUA,RIS 5,I-3,SAN JUAN DE LURIGANCHO,7621.0,3.0,19.0,976.0,1462.0,1015.0,2026-03-04,7323.0,298.0,12.80671827844115,19.183834142500984,13.31846214407558,2540.3333333333335,96.08975200104973,3.910247998950269,2026,2,4.0,1.0,8086.0,3.0,17.0,2695.3333333333335,1.6819193668068266,0.7420232500618352,0.012367054167697254,96.26514964135544,5.419324451189699,10.594419264482818,7720.333333333333,0.0,02
5843,2026-03-01,202603,5846,C.S. CAJA DE AGUA,RIS 5,I-3,SAN JUAN DE LURIGANCHO,9140.0,2.0,19.0,560.0,205.0,0.0,2026-04-05,8661.0,479.0,6.12691466083151,2.2428884026258205,0.0,4570.0,94.75929978118162,5.240700218818381,2026,3,5.0,0.0,7621.0,3.0,19.0,2540.3333333333335,12.80671827844115,19.183834142500984,13.31846214407558,96.08975200104973,4.954913546535475,10.6874705701715,7540.0,1.0,03
5843,2026-04-01,202604,5846,C.S. CAJA DE AGUA,RIS 5,I-3,SAN JUAN DE LURIGANCHO,9797.0,2.0,19.0,1010.0,1388.0,460.0,2026-05-05,8935.0,862.0,10.309278350515465,14.167602327243033,4.695314892313974,4898.5,91.20138818005512,8.798611819944881,2026,4,5.0,1.0,9140.0,2.0,19.0,4570.0,6.12691466083151,2.2428884026258205,0.0,94.75929978118162,6.87185076869316,7.389581931729546,8282.333333333334,0.0,04
5843,2026-05-01,202605,5846,C.S. CAJA DE AGUA,RIS 5,I-3,SAN JUAN DE LURIGANCHO,9581.0,4.0,18.0,217.0,1398.0,0.0,2026-06-04,8547.0,1034.0,2.264899279824653,14.591378770483248,0.0,2395.25,89.20780711825488,10.792192881745121,2026,5,4.0,0.0,9797.0,2.0,19.0,4898.5,10.309278350515465,14.167602327243033,4.695314892313974,91.20138818005512,9.747637096596039,11.864774957456612,8852.666666666666,1.0,05
5843,2026-06-01,202606,5846,C.S. CAJA DE AGUA,RIS 5,I-3,SAN JUAN DE LURIGANCHO,9469.0,3.0,16.0,617.0,1932.0,0.0,2026-07-05,8364.0,1105.0,6.515999577568909,20.40342169183652,0.0,3156.3333333333335,88.33034111310593,11.669658886894075,2026,6,5.0,0.0,9581.0,4.0,18.0,2395.25,2.264899279824653,14.591378770483248,0.0,89.20780711825488,6.233697430390541,10.333956500117367,9506.0,0.0,06
5843,2026-07-01,202607,5846,C.S. CAJA DE AGUA,RIS 5,I-3,SAN JUAN DE LURIGANCHO,8474.0,2.0,18.0,763.0,593.0,58.0,2026-08-04,7931.0,543.0,9.004012272834553,6.997875855558178,0.6844465423648808,4237.0,93.59216426717016,6.407835732829833,2026,7,4.0,0.0,9469.0,3.0,16.0,3156.3333333333335,6.515999577568909,20.40342169183652,0.0,88.33034111310593,6.36339240263634,16.387467596520935,9615.666666666666,0.0,07
5843,2026-08-01,202608,5846,C.S. CAJA DE AGUA,RIS 5,I-3,SAN JUAN DE LURIGANCHO,8219.0,3.0,18.0,519.0,843.0,20.0,2026-09-04,7699.0,520.0,6.314636817131038,10.256722228981628,0.24333860566978952,2739.6666666666665,93.67319625258547,6.326803747414528,2026,8,4.0,0.0,8474.0,2.0,18.0,4237.0,9.004012272834553,6.997875855558178,0.6844465423648808,93.59216426717016,5.928303710076037,13.997558772625984,9174.666666666666,0.0,08
5844,2025-02-01,202502,5847,C.S. MANGOMARCA,RIS 5,I-3,SAN JUAN DE LURIGANCHO,4790.0,8.0,18.0,2170.0,458.0,222.0,2025-03-04,4436.0,354.0,45.3027139874739,9.561586638830898,4.634655532359082,598.75,92.60960334029228,7.390396659707725,2025,2,4.0,1.0,3898.0,5.0,17.0,779.6,30.1693175987686,29.245767060030786,13.006670087224217,95.43355566957415,30.1693175987686,29.245767060030786,3898.0,1.0,02
5844,2025-03-01,202503,5847,C.S. MANGOMARCA,RIS 5,I-3,SAN JUAN DE LURIGANCHO,4513.0,7.0,19.0,2518.0,522.0,181.0,2025-04-05,4235.0,278.0,55.79437181475737,11.566585419898072,4.010635940615998,644.7142857142857,93.8400177265677,6.159982273432306,2025,3,5.0,1.0,4790.0,8.0,18.0,598.75,45.3027139874739,9.561586638830898,4.634655532359082,92.60960334029228,37.736015793121254,19.40367684943084,4344.0,1.0,03
5844,2025-04-01,202504,5847,C.S. MANGOMARCA,RIS 5,I-3,SAN JUAN DE LURIGANCHO,5130.0,6.0,19.0,3240.0,1091.0,424.0,2025-05-05,4636.0,494.0,63.1578947368421,21.267056530214425,8.265107212475634,855.0,90.37037037037037,9.62962962962963,2025,4,5.0,1.0,4513.0,7.0,19.0,644.7142857142857,55.79437181475737,11.566585419898072,4.010635940615998,93.8400177265677,43.75546780033329,16.791313039586587,4400.333333333333,1.0,04
5844,2025-05-01,202505,5847,C.S. MANGOMARCA,RIS 5,I-3,SAN JUAN DE LURIGANCHO,6246.0,6.0,22.0,2792.0,1104.0,499.0,2025-06-04,5615.0,631.0,44.700608389369194,17.675312199807877,7.989113032340698,1041.0,89.8975344220301,10.1024655779699,2025,5,4.0,1.0,5130.0,6.0,19.0,855.0,63.1578947368421,21.267056530214425,8.265107212475634,90.37037037037037,54.75166017969112,14.131742862981133,4811.0,1.0,05
5844,2025-06-01,202506,5847,C.S. MANGOMARCA,RIS 5,I-3,SAN JUAN DE LURIGANCHO,5555.0,8.0,18.0,915.0,924.0,416.0,2025-07-05,4801.0,754.0,16.471647164716472,16.633663366336634,7.488748874887489,694.375,86.42664266426642,13.573357335733574,2025,6,5.0,1.0,6246.0,6.0,22.0,1041.0,44.700608389369194,17.675312199807877,7.989113032340698,89.8975344220301,54.550958313656224,16.83631804997346,5296.333333333333,1.0,06
5844,2025-07-01,202507,5847,C.S. MANGOMARCA,RIS 5,I-3,SAN JUAN DE LURIGANCHO,5292.0,8.0,17.0,2723.0,719.0,656.0,2025-08-04,4827.0,465.0,51.455026455026456,13.586545729402872,12.396069538926682,661.5,91.21315192743764,8.786848072562359,2025,7,4.0,1.0,5555.0,8.0,18.0,694.375,16.471647164716472,16.633663366336634,7.488748874887489,86.42664266426642,41.443383430309254,18.525344032119644,5643.666666666667,1.0,07
5844,2025-08-01,202508,5847,C.S. MANGOMARCA,RIS 5,I-3,SAN JUAN DE LURIGANCHO,5587.0,9.0,16.0,877.0,2097.0,860.0,2025-09-04,4872.0,715.0,15.697154107750134,37.53356005011634,15.392876320028638,620.7777777777778,87.20243422230178,12.797565777698228,2025,8,4.0,1.0,5292.0,8.0,17.0,661.5,51.455026455026456,13.586545729402872,12.396069538926682,91.21315192743764,37.54242733637071,15.965173765182461,5697.666666666667,1.0,08
5844,2025-09-01,202509,5847,C.S. MANGOMARCA,RIS 5,I-3,SAN JUAN DE LURIGANCHO,6902.0,5.0,18.0,125.0,1069.0,270.0,2025-10-04,6377.0,525.0,1.8110692552883223,15.48826427122573,3.911909591422776,1380.4,92.39350912778905,7.606490872210953,2025,9,4.0,0.0,5587.0,9.0,16.0,620.7777777777778,15.697154107750134,37.53356005011634,15.392876320028638,87.20243422230178,27.874609242497687,22.58458971528528,5478.0,1.0,09
5844,2025-10-01,202510,5847,C.S. MANGOMARCA,RIS 5,I-3,SAN JUAN DE LURIGANCHO,6261.0,6.0,16.0,836.0,540.0,207.0,2025-11-04,5796.0,465.0,13.352499600702764,8.624820316243412,3.306181121226641,1043.5,92.57307139434594,7.426928605654049,2025,10,4.0,1.0,6902.0,5.0,18.0,1380.4,1.8110692552883223,15.48826427122573,3.911909591422776,92.39350912778905,22.98774993935497,22.202790016914985,5927.0,0.0,10
5844,2025-11-01,202511,5847,C.S. MANGOMARCA,RIS 5,I-3,SAN JUAN DE LURIGANCHO,3155.0,5.0,12.0,222.0,400.0,48.0,2025-12-04,2897.0,258.0,7.0364500792393025,12.678288431061807,1.5213946117274169,631.0,91.82250396196514,8.177496038034866,2025,11,4.0,0.0,6261.0,6.0,16.0,1043.5,13.352499600702764,8.624820316243412,3.306181121226641,92.57307139434594,10.286907654580405,20.54888154586183,6250.0,1.0,11
5844,2025-12-01,202512,5847,C.S. MANGOMARCA,RIS 5,I-3,SAN JUAN DE LURIGANCHO,2692.0,3.0,14.0,539.0,305.0,136.0,2026-01-05,2466.0,226.0,20.0222882615156,11.329866270430907,5.052005943536404,897.3333333333334,91.60475482912332,8.395245170876672,2025,12,5.0,1.0,3155.0,5.0,12.0,631.0,7.0364500792393025,12.678288431061807,1.5213946117274169,91.82250396196514,7.400006311743463,12.263791006176982,5439.333333333333,0.0,12
5844,2026-01-01,202601,5847,C.S. MANGOMARCA,RIS 5,I-3,SAN JUAN DE LURIGANCHO,2381.0,4.0,10.0,981.0,296.0,65.0,2026-02-06,2173.0,208.0,41.20117597648047,12.431751364972701,2.729945401091978,595.25,91.26417471650566,8.73582528349433,2026,1,6.0,1.0,2692.0,3.0,14.0,897.3333333333334,20.0222882615156,11.329866270430907,5.052005943536404,91.60475482912332,13.470412647152557,10.877658339245377,4036.0,1.0,01
5844,2026-02-01,202602,5847,C.S. MANGOMARCA,RIS 5,I-3,SAN JUAN DE LURIGANCHO,2277.0,4.0,12.0,1128.0,803.0,479.0,2026-03-04,2135.0,142.0,49.53886693017128,35.265700483091784,21.03645147123408,569.25,93.76372419850681,6.236275801493193,2026,2,4.0,1.0,2381.0,4.0,10.0,595.25,41.20117597648047,12.431751364972701,2.729945401091978,91.26417471650566,22.75330477241179,12.14663535548847,2742.6666666666665,1.0,02
5844,2026-03-01,202603,5847,C.S. MANGOMARCA,RIS 5,I-3,SAN JUAN DE LURIGANCHO,2405.0,4.0,12.0,1038.0,215.0,14.0,2026-04-05,2225.0,180.0,43.16008316008316,8.93970893970894,0.5821205821205822,601.25,92.51559251559252,7.484407484407485,2026,3,5.0,1.0,2277.0,4.0,12.0,569.25,49.53886693017128,35.265700483091784,21.03645147123408,93.76372419850681,36.92077705605578,19.67577270616513,2450.0,1.0,03
5844,2026-04-01,202604,5847,C.S. MANGOMARCA,RIS 5,I-3,SAN JUAN DE LURIGANCHO,2506.0,4.0,9.0,313.0,827.0,366.0,2026-05-05,2169.0,337.0,12.49002394253791,33.000798084596966,14.604948124501197,626.5,86.55227454110135,13.447725458898644,2026,4,5.0,1.0,2405.0,4.0,12.0,601.25,43.16008316008316,8.93970893970894,0.5821205821205822,92.51559251559252,44.6333753555783,18.879053595924475,2354.3333333333335,1.0,04
5844,2026-05-01,202605,5847,C.S. MANGOMARCA,RIS 5,I-3,SAN JUAN DE LURIGANCHO,3098.0,6.0,12.0,697.0,639.0,370.0,2026-06-04,2548.0,550.0,22.49838605551969,20.626210458360234,11.943189154293092,516.3333333333334,82.24661071659135,17.75338928340865,2026,5,4.0,1.0,2506.0,4.0,9.0,626.5,12.49002394253791,33.000798084596966,14.604948124501197,86.55227454110135,35.06299134426412,25.7354025024659,2396.0,1.0,05
5844,2026-06-01,202606,5847,C.S. MANGOMARCA,RIS 5,I-3,SAN JUAN DE LURIGANCHO,3209.0,5.0,12.0,271.0,654.0,0.0,2026-07-05,2758.0,451.0,8.444998441882205,20.38018074166407,0.0,641.8,85.94577750077906,14.054222499220941,2026,6,5.0,0.0,3098.0,6.0,12.0,516.3333333333334,22.49838605551969,20.626210458360234,11.943189154293092,82.24661071659135,26.049497719380255,20.855572494222045,2669.6666666666665,1.0,06
5844,2026-07-01,202607,5847,C.S. MANGOMARCA,RIS 5,I-3,SAN JUAN DE LURIGANCHO,2569.0,2.0,12.0,1440.0,167.0,83.0,2026-08-04,2372.0,197.0,56.05293888672635,6.50058388478007,3.2308291163876994,1284.5,92.3316465550798,7.668353444920203,2026,7,4.0,1.0,3209.0,5.0,12.0,641.8,8.444998441882205,20.38018074166407,0.0,85.94577750077906,14.47780281331327,24.669063094873753,2937.6666666666665,0.0,07
5844,2026-08-01,202608,5847,C.S. MANGOMARCA,RIS 5,I-3,SAN JUAN DE LURIGANCHO,3003.0,2.0,12.0,780.0,535.0,226.0,2026-09-04,2708.0,295.0,25.974025974025974,17.815517815517815,7.525807525807526,1501.5,90.17649017649018,9.823509823509823,2026,8,4.0,1.0,2569.0,2.0,12.0,1284.5,56.05293888672635,6.50058388478007,3.2308291163876994,92.3316465550798,28.998774461376087,15.835658361601459,2958.6666666666665,1.0,08
5845,2025-02-01,202502,5848,C.S. CAMPOY,RIS 5,I-3,SAN JUAN DE LURIGANCHO,7421.0,4.0,15.0,3135.0,368.0,172.0,2025-03-04,6748.0,673.0,42.24498046085433,4.958900417733459,2.317746934375421,1855.25,90.93114135561245,9.068858644387548,2025,2,4.0,1.0,6713.0,3.0,15.0,2237.6666666666665,52.24191866527633,8.11857589751229,3.0984656636377177,90.86846417399076,52.24191866527633,8.11857589751229,6713.0,1.0,02
5845,2025-03-01,202503,5848,C.S. CAMPOY,RIS 5,I-3,SAN JUAN DE LURIGANCHO,8060.0,3.0,16.0,3058.0,799.0,276.0,2025-04-05,7633.0,427.0,37.940446650124066,9.913151364764268,3.424317617866005,2686.6666666666665,94.70223325062035,5.297766749379653,2025,3,5.0,1.0,7421.0,4.0,15.0,1855.25,42.24498046085433,4.958900417733459,2.317746934375421,90.93114135561245,47.243449563065326,6.538738157622875,7067.0,1.0,03
5845,2025-04-01,202504,5848,C.S. CAMPOY,RIS 5,I-3,SAN JUAN DE LURIGANCHO,7947.0,4.0,15.0,2767.0,656.0,449.0,2025-05-05,6794.0,1153.0,34.818170378759284,8.254687303384925,5.649930791493645,1986.75,85.49138039511766,14.508619604882346,2025,4,5.0,1.0,8060.0,3.0,16.0,2686.6666666666665,37.940446650124066,9.913151364764268,3.424317617866005,94.70223325062035,44.14244859208491,7.663542560003339,7398.0,1.0,04
5845,2025-05-01,202505,5848,C.S. CAMPOY,RIS 5,I-3,SAN JUAN DE LURIGANCHO,11597.0,7.0,17.0,5564.0,732.0,326.0,2025-06-04,9876.0,1721.0,47.97792532551522,6.311977235491938,2.8110718289212726,1656.7142857142858,85.15995516081745,14.840044839182546,2025,5,4.0,1.0,7947.0,4.0,15.0,1986.75,34.818170378759284,8.254687303384925,5.649930791493645,85.49138039511766,38.33453249657922,7.708913028627552,7809.333333333333,1.0,05
5845,2025-06-01,202506,5848,C.S. CAMPOY,RIS 5,I-3,SAN JUAN DE LURIGANCHO,8162.0,7.0,16.0,1519.0,953.0,205.0,2025-07-05,6603.0,1559.0,18.610634648370496,11.676059789267336,2.5116393040921343,1166.0,80.89928938985543,19.10071061014457,2025,6,5.0,1.0,11597.0,7.0,17.0,1656.7142857142858,47.97792532551522,6.311977235491938,2.8110718289212726,85.15995516081745,40.24551411813286,8.159938634547045,9201.333333333334,1.0,06
5845,2025-07-01,202507,5848,C.S. CAMPOY,RIS 5,I-3,SAN JUAN DE LURIGANCHO,8521.0,4.0,16.0,1907.0,508.0,191.0,2025-08-04,7511.0,1010.0,22.380002347142355,5.961741579626804,2.241520948245511,2130.25,88.1469311113719,11.853068888628096,2025,7,4.0,1.0,8162.0,7.0,16.0,1166.0,18.610634648370496,11.676059789267336,2.5116393040921343,80.89928938985543,33.80224345088167,8.747574776048067,9235.333333333334,1.0,07
5845,2025-08-01,202508,5848,C.S. CAMPOY,RIS 5,I-3,SAN JUAN DE LURIGANCHO,8594.0,4.0,16.0,1367.0,1616.0,448.0,2025-09-04,7452.0,1142.0,15.906446357924134,18.803816616243893,5.212939259948802,2148.5,86.71165929718408,13.288340702815917,2025,8,4.0,1.0,8521.0,4.0,16.0,2130.25,22.380002347142355,5.961741579626804,2.241520948245511,88.1469311113719,29.656187440342688,7.9832595347953585,9426.666666666666,1.0,08
5845,2025-09-01,202509,5848,C.S. CAMPOY,RIS 5,I-3,SAN JUAN DE LURIGANCHO,10000.0,4.0,14.0,2929.0,1129.0,342.0,2025-10-04,9106.0,894.0,29.29,11.29,3.42,2500.0,91.06,8.94,2025,9,4.0,1.0,8594.0,4.0,16.0,2148.5,15.906446357924134,18.803816616243893,5.212939259948802,86.71165929718408,18.965694451145662,12.14720599504601,8425.666666666666,1.0,09
5845,2025-10-01,202510,5848,C.S. CAMPOY,RIS 5,I-3,SAN JUAN DE LURIGANCHO,7919.0,3.0,14.0,2035.0,255.0,196.0,2025-11-04,7205.0,714.0,25.697689102159362,3.220103548427832,2.475059982321,2639.6666666666665,90.98371006440208,9.016289935597928,2025,10,4.0,1.0,10000.0,4.0,14.0,2500.0,29.29,11.29,3.42,91.06,22.525482901688832,12.018519398623566,9038.333333333334,1.0,10
5845,2025-11-01,202511,5848,C.S. CAMPOY,RIS 5,I-3,SAN JUAN DE LURIGANCHO,6239.0,3.0,14.0,2901.0,350.0,134.0,2025-12-04,5604.0,635.0,46.49783619169739,5.609873377143773,2.147780092963616,2079.6666666666665,89.82208687289629,10.177913127103702,2025,11,4.0,1.0,7919.0,3.0,14.0,2639.6666666666665,25.697689102159362,3.220103548427832,2.475059982321,90.98371006440208,23.631378486694498,11.104640054890574,8837.666666666666,1.0,11
5845,2025-12-01,202512,5848,C.S. CAMPOY,RIS 5,I-3,SAN JUAN DE LURIGANCHO,4184.0,2.0,14.0,668.0,388.0,200.0,2026-01-05,3685.0,499.0,15.965583173996176,9.27342256214149,4.780114722753346,2092.0,88.0736137667304,11.926386233269598,2025,12,5.0,1.0,6239.0,3.0,14.0,2079.6666666666665,46.49783619169739,5.609873377143773,2.147780092963616,89.82208687289629,33.82850843128558,6.706658975190535,8052.666666666667,1.0,12
5845,2026-01-01,202601,5848,C.S. CAMPOY,RIS 5,I-3,SAN JUAN DE LURIGANCHO,8216.0,3.0,15.0,2205.0,365.0,30.0,2026-02-06,7539.0,677.0,26.837877312560856,4.44255111976631,0.36514118792599803,2738.6666666666665,91.75998052580331,8.24001947419669,2026,1,6.0,1.0,4184.0,2.0,14.0,2092.0,15.965583173996176,9.27342256214149,4.780114722753346,88.0736137667304,29.387036155950977,6.034466495904366,6114.0,1.0,01
5845,2026-02-01,202602,5848,C.S. CAMPOY,RIS 5,I-3,SAN JUAN DE LURIGANCHO,8543.0,3.0,14.0,2394.0,740.0,368.0,2026-03-04,7733.0,810.0,28.022942760154514,8.66206250731593,4.307620273908463,2847.6666666666665,90.51855320145148,9.48144679854852,2026,2,4.0,1.0,8216.0,3.0,15.0,2738.6666666666665,26.837877312560856,4.44255111976631,0.36514118792599803,91.75998052580331,29.767098892751473,6.441949019683857,6213.0,1.0,02
5845,2026-03-01,202603,5848,C.S. CAMPOY,RIS 5,I-3,SAN JUAN DE LURIGANCHO,9633.0,2.0,14.0,4201.0,320.0,0.0,2026-04-05,8643.0,990.0,43.61050555382539,3.3219142530883423,0.0,4816.5,89.72282777950794,10.277172220492059,2026,3,5.0,1.0,8543.0,3.0,14.0,2847.6666666666665,28.022942760154514,8.66206250731593,4.307620273908463,90.51855320145148,23.60880108223718,7.459345396407909,6981.0,1.0,03
5845,2026-04-01,202604,5848,C.S. CAMPOY,RIS 5,I-3,SAN JUAN DE LURIGANCHO,8635.0,2.0,13.0,3308.0,956.0,323.0,2026-05-05,7638.0,997.0,38.30920671685003,11.071221771858715,3.7405906195715115,4317.5,88.45396641574986,11.546033584250145,2026,4,5.0,1.0,9633.0,2.0,14.0,4816.5,43.61050555382539,3.3219142530883423,0.0,89.72282777950794,32.82377520884692,5.475509293390194,8797.333333333334,1.0,04
5845,2026-05-01,202605,5848,C.S. CAMPOY,RIS 5,I-3,SAN JUAN DE LURIGANCHO,9447.0,4.0,14.0,3734.0,790.0,288.0,2026-06-04,8251.0,1196.0,39.525775378427014,8.362443103630783,3.0485868529691964,2361.75,87.33989626336403,12.66010373663597,2026,5,4.0,1.0,8635.0,2.0,13.0,4317.5,38.30920671685003,11.071221771858715,3.7405906195715115,88.45396641574986,36.64755167694331,7.685066177420995,8937.0,1.0,05
5845,2026-06-01,202606,5848,C.S. CAMPOY,RIS 5,I-3,SAN JUAN DE LURIGANCHO,8357.0,4.0,13.0,3208.0,455.0,0.0,2026-07-05,7294.0,1063.0,38.38698097403375,5.444537513461769,0.0,2089.25,87.28012444657173,12.719875553428263,2026,6,5.0,1.0,9447.0,4.0,14.0,2361.75,39.525775378427014,8.362443103630783,3.0485868529691964,87.33989626336403,40.48182921636747,7.58519304285928,9238.333333333334,1.0,06
5845,2026-07-01,202607,5848,C.S. CAMPOY,RIS 5,I-3,SAN JUAN DE LURIGANCHO,7679.0,4.0,14.0,2132.0,429.0,107.0,2026-08-04,6630.0,1049.0,27.7640317749707,5.58666493032947,1.3934106003385858,1919.75,86.33936710509181,13.660632894908192,2026,7,4.0,1.0,8357.0,4.0,13.0,2089.25,38.38698097403375,5.444537513461769,0.0,87.28012444657173,38.74065435643693,8.292734129650421,8813.0,1.0,07
5845,2026-08-01,202608,5848,C.S. CAMPOY,RIS 5,I-3,SAN JUAN DE LURIGANCHO,6212.0,4.0,14.0,1667.0,664.0,111.0,2026-09-04,5465.0,747.0,26.83515775917579,10.688989053444946,1.7868641339343208,1553.0,87.97488731487444,12.025112685125563,2026,8,4.0,1.0,7679.0,4.0,14.0,1919.75,27.7640317749707,5.58666493032947,1.3934106003385858,86.33936710509181,35.22559604247715,6.46454851580734,8494.333333333334,1.0,08
5846,2025-02-01,202502,5849,C.S. ZARATE,RIS 5,I-3,SAN JUAN DE LURIGANCHO,9365.0,4.0,16.0,35.0,570.0,3.0,2025-03-04,8807.0,558.0,0.37373198077949815,6.08649225840897,0.03203416978109984,2341.25,94.04164442071543,5.958355579284571,2025,2,4.0,0.0,7985.0,4.0,16.0,1996.25,1.0018785222291797,1.5403882279273637,0.7013149655604258,92.96180338134002,1.0018785222291797,1.5403882279273637,7985.0,0.0,02
5846,2025-03-01,202503,5849,C.S. ZARATE,RIS 5,I-3,SAN JUAN DE LURIGANCHO,8001.0,5.0,16.0,81.0,6.0,0.0,2025-04-05,7475.0,526.0,1.0123734533183353,0.07499062617172854,0.0,1600.2,93.42582177227847,6.574178227721535,2025,3,5.0,0.0,9365.0,4.0,16.0,2341.25,0.37373198077949815,6.08649225840897,0.03203416978109984,94.04164442071543,0.6878052515043389,3.8134402431681664,8675.0,0.0,03
5846,2025-04-01,202504,5849,C.S. ZARATE,RIS 5,I-3,SAN JUAN DE LURIGANCHO,9087.0,4.0,16.0,1396.0,471.0,380.0,2025-05-05,7909.0,1178.0,15.362605920545835,5.183228788379003,4.181798173214482,2271.75,87.0364256630351,12.963574336964895,2025,4,5.0,1.0,8001.0,5.0,16.0,1600.2,1.0123734533183353,0.07499062617172854,0.0,93.42582177227847,0.7959946521090044,2.567290370836021,8450.333333333334,0.0,04
5846,2025-05-01,202505,5849,C.S. ZARATE,RIS 5,I-3,SAN JUAN DE LURIGANCHO,11774.0,6.0,16.0,3419.0,944.0,312.0,2025-06-04,9550.0,2224.0,29.038559537965007,8.017666043825377,2.649906573806693,1962.3333333333333,81.11092237132665,18.88907762867335,2025,5,4.0,1.0,9087.0,4.0,16.0,2271.75,15.362605920545835,5.183228788379003,4.181798173214482,87.0364256630351,5.582903784881222,3.7815705576532337,8817.666666666666,1.0,05
5846,2025-06-01,202506,5849,C.S. ZARATE,RIS 5,I-3,SAN JUAN DE LURIGANCHO,10903.0,6.0,17.0,4075.0,1199.0,520.0,2025-07-05,9634.0,1269.0,37.37503439420343,10.996973310098138,4.7693295423277995,1817.1666666666667,88.36100155920388,11.638998440796112,2025,6,5.0,1.0,11774.0,6.0,16.0,1962.3333333333333,29.038559537965007,8.017666043825377,2.649906573806693,81.11092237132665,15.137846303943059,4.425295152792036,9620.666666666666,1.0,06
5846,2025-07-01,202507,5849,C.S. ZARATE,RIS 5,I-3,SAN JUAN DE LURIGANCHO,8665.0,4.0,16.0,3975.0,282.0,160.0,2025-08-04,7895.0,770.0,45.874206578188115,3.254472013848817,1.8465089440276976,2166.25,91.1136757068667,8.886324293133296,2025,7,4.0,1.0,10903.0,6.0,17.0,1817.1666666666667,37.37503439420343,10.996973310098138,4.7693295423277995,88.36100155920388,27.25873328423809,8.065956047434172,10588.0,1.0,07
5846,2025-08-01,202508,5849,C.S. ZARATE,RIS 5,I-3,SAN JUAN DE LURIGANCHO,8700.0,2.0,15.0,3361.0,2108.0,921.0,2025-09-04,7889.0,811.0,38.632183908045974,24.229885057471265,10.586206896551724,4350.0,90.67816091954023,9.32183908045977,2025,8,4.0,1.0,8665.0,4.0,16.0,2166.25,45.874206578188115,3.254472013848817,1.8465089440276976,91.1136757068667,37.42926683678552,7.423037122590777,10447.333333333334,1.0,08
5846,2025-09-01,202509,5849,C.S. ZARATE,RIS 5,I-3,SAN JUAN DE LURIGANCHO,10826.0,3.0,16.0,5142.0,1028.0,299.0,2025-10-04,10265.0,561.0,47.496767042305564,9.495658599667467,2.761869573249584,3608.6666666666665,94.81803066691299,5.181969333087013,2025,9,4.0,1.0,8700.0,2.0,15.0,4350.0,38.632183908045974,24.229885057471265,10.586206896551724,90.67816091954023,40.62714162681251,12.827110127139406,9422.666666666666,1.0,09
5846,2025-10-01,202510,5849,C.S. ZARATE,RIS 5,I-3,SAN JUAN DE LURIGANCHO,7395.0,4.0,15.0,3195.0,674.0,302.0,2025-11-04,6867.0,528.0,43.20486815415821,9.114266396213658,4.083840432724814,1848.75,92.86004056795132,7.139959432048681,2025,10,4.0,1.0,10826.0,3.0,16.0,3608.6666666666665,47.496767042305564,9.495658599667467,2.761869573249584,94.81803066691299,44.001052509513215,12.326671890329182,9397.0,1.0,10
5846,2025-11-01,202511,5849,C.S. ZARATE,RIS 5,I-3,SAN JUAN DE LURIGANCHO,7807.0,5.0,15.0,3447.0,622.0,278.0,2025-12-04,7311.0,496.0,44.15268348917638,7.967208915076213,3.5609068784424234,1561.4,93.6467272960164,6.353272703983604,2025,11,4.0,1.0,7395.0,4.0,15.0,1848.75,43.20486815415821,9.114266396213658,4.083840432724814,92.86004056795132,43.111273034836586,14.279936684450796,8973.666666666666,1.0,11
5846,2025-12-01,202512,5849,C.S. ZARATE,RIS 5,I-3,SAN JUAN DE LURIGANCHO,6304.0,4.0,16.0,76.0,221.0,43.0,2026-01-05,5943.0,361.0,1.2055837563451777,3.5057106598984773,0.6821065989847716,1576.0,94.2734771573604,5.726522842639594,2025,12,5.0,0.0,7807.0,5.0,15.0,1561.4,44.15268348917638,7.967208915076213,3.5609068784424234,93.6467272960164,44.95143956188005,8.859044636985779,8676.0,1.0,12
5846,2026-01-01,202601,5849,C.S. ZARATE,RIS 5,I-3,SAN JUAN DE LURIGANCHO,6404.0,4.0,17.0,40.0,151.0,17.0,2026-02-06,5797.0,607.0,0.6246096189881324,2.3579013116802,0.2654590880699563,1601.0,90.52154903185509,9.478450968144909,2026,1,6.0,0.0,6304.0,4.0,16.0,1576.0,1.2055837563451777,3.5057106598984773,0.6821065989847716,94.2734771573604,29.52104513322659,6.862395323729449,7168.666666666667,0.0,01
5846,2026-02-01,202602,5849,C.S. ZARATE,RIS 5,I-3,SAN JUAN DE LURIGANCHO,6753.0,2.0,15.0,39.0,709.0,123.0,2026-03-04,5736.0,1017.0,0.5775211017325633,10.499037464830446,1.8214127054642382,3376.5,84.94002665482007,15.05997334517992,2026,2,4.0,0.0,6404.0,4.0,17.0,1601.0,0.6246096189881324,2.3579013116802,0.2654590880699563,90.52154903185509,15.327625621503229,4.610273628884962,6838.333333333333,0.0,02
5846,2026-03-01,202603,5849,C.S. ZARATE,RIS 5,I-3,SAN JUAN DE LURIGANCHO,7850.0,3.0,15.0,1592.0,357.0,0.0,2026-04-05,6737.0,1113.0,20.280254777070063,4.547770700636943,0.0,2616.6666666666665,85.82165605095541,14.178343949044587,2026,3,5.0,1.0,6753.0,2.0,15.0,3376.5,0.5775211017325633,10.499037464830446,1.8214127054642382,84.94002665482007,0.8025714923552888,5.4542164788030405,6487.0,0.0,03
5846,2026-04-01,202604,5849,C.S. ZARATE,RIS 5,I-3,SAN JUAN DE LURIGANCHO,8264.0,3.0,15.0,1487.0,407.0,139.0,2026-05-05,7035.0,1229.0,17.993707647628266,4.9249757986447245,1.6819941916747339,2754.6666666666665,85.12826718296225,14.871732817037755,2026,4,5.0,1.0,7850.0,3.0,15.0,2616.6666666666665,20.280254777070063,4.547770700636943,0.0,85.82165605095541,7.16079516593025,5.801569825715862,7002.333333333333,1.0,04
5846,2026-05-01,202605,5849,C.S. ZARATE,RIS 5,I-3,SAN JUAN DE LURIGANCHO,9259.0,3.0,16.0,1521.0,559.0,166.0,2026-06-04,7972.0,1287.0,16.42725996327897,6.037369046333297,1.7928501998055946,3086.3333333333335,86.10001080030241,13.899989199697592,2026,5,4.0,1.0,8264.0,3.0,15.0,2754.6666666666665,17.993707647628266,4.9249757986447245,1.6819941916747339,85.12826718296225,12.950494508810294,6.6572613213707035,7622.333333333333,1.0,05
5846,2026-06-01,202606,5849,C.S. ZARATE,RIS 5,I-3,SAN JUAN DE LURIGANCHO,7664.0,5.0,17.0,1330.0,106.0,0.0,2026-07-05,6491.0,1173.0,17.353862212943632,1.383089770354906,0.0,1532.8,84.6946764091858,15.305323590814195,2026,6,5.0,1.0,9259.0,3.0,16.0,3086.3333333333335,16.42725996327897,6.037369046333297,1.7928501998055946,86.10001080030241,18.233740795992432,5.170038515204987,8457.666666666666,1.0,06
5846,2026-07-01,202607,5849,C.S. ZARATE,RIS 5,I-3,SAN JUAN DE LURIGANCHO,6563.0,5.0,17.0,1316.0,293.0,161.0,2026-08-04,5520.0,1043.0,20.051805576717964,4.464421758342222,2.4531464269389,1312.6,84.107877495048,15.892122504952004,2026,7,4.0,1.0,7664.0,5.0,17.0,1532.8,17.353862212943632,1.383089770354906,0.0,84.6946764091858,17.25827660795029,4.115144871777642,8395.666666666666,1.0,07
5846,2026-08-01,202608,5849,C.S. ZARATE,RIS 5,I-3,SAN JUAN DE LURIGANCHO,6720.0,2.0,17.0,11.0,574.0,6.0,2026-09-04,5991.0,729.0,0.1636904761904762,8.541666666666666,0.08928571428571429,3360.0,89.15178571428571,10.848214285714286,2026,8,4.0,0.0,6563.0,5.0,17.0,1312.6,20.051805576717964,4.464421758342222,2.4531464269389,84.107877495048,17.944309250980186,3.961626858343474,7828.666666666667,1.0,08
6167,2025-02-01,202502,6170,C.S. MAX ARIAS SCHREIBER,RIS 4,I-3,LA VICTORIA,8245.0,6.0,22.0,2061.0,1221.0,432.0,2025-03-04,7787.0,458.0,24.996967859308672,14.808975136446332,5.239539114614918,1374.1666666666667,94.44511825348697,5.554881746513038,2025,2,4.0,1.0,7812.0,6.0,19.0,1302.0,18.189964157706093,24.603174603174605,9.549411162314389,94.79006656426012,18.189964157706093,24.603174603174605,7812.0,1.0,02
6167,2025-03-01,202503,6170,C.S. MAX ARIAS SCHREIBER,RIS 4,I-3,LA VICTORIA,8817.0,6.0,20.0,1499.0,1634.0,368.0,2025-04-05,8374.0,443.0,17.00124758988318,18.532380628331634,4.173755245548373,1469.5,94.97561528864694,5.0243847113530675,2025,3,5.0,1.0,8245.0,6.0,22.0,1374.1666666666667,24.996967859308672,14.808975136446332,5.239539114614918,94.44511825348697,21.593466008507384,19.706074869810468,8028.5,1.0,03
6167,2025-04-01,202504,6170,C.S. MAX ARIAS SCHREIBER,RIS 4,I-3,LA VICTORIA,8720.0,8.0,18.0,2341.0,971.0,431.0,2025-05-05,7497.0,1223.0,26.84633027522936,11.135321100917432,4.942660550458716,1090.0,85.97477064220183,14.025229357798166,2025,4,5.0,1.0,8817.0,6.0,20.0,1469.5,17.00124758988318,18.532380628331634,4.173755245548373,94.97561528864694,20.06272653563265,19.31484345598419,8291.333333333334,1.0,04
6167,2025-05-01,202505,6170,C.S. MAX ARIAS SCHREIBER,RIS 4,I-3,LA VICTORIA,12782.0,11.0,21.0,3617.0,1779.0,292.0,2025-06-04,10915.0,1867.0,28.29760600844938,13.918009701142232,2.284462525426381,1162.0,85.39352214051009,14.606477859489909,2025,5,4.0,1.0,8720.0,8.0,18.0,1090.0,26.84633027522936,11.135321100917432,4.942660550458716,85.97477064220183,22.948181908140402,14.825558955231799,8594.0,1.0,05
6167,2025-06-01,202506,6170,C.S. MAX ARIAS SCHREIBER,RIS 4,I-3,LA VICTORIA,10148.0,7.0,21.0,1541.0,1851.0,382.0,2025-07-05,8872.0,1276.0,15.185258178951518,18.240047299960583,3.7642885297595585,1449.7142857142858,87.42609381158849,12.57390618841151,2025,6,5.0,1.0,12782.0,11.0,21.0,1162.0,28.29760600844938,13.918009701142232,2.284462525426381,85.39352214051009,24.048394624520643,14.5285704767971,10106.333333333334,1.0,06
6167,2025-07-01,202507,6170,C.S. MAX ARIAS SCHREIBER,RIS 4,I-3,LA VICTORIA,8611.0,8.0,20.0,886.0,747.0,327.0,2025-08-04,7647.0,964.0,10.289165021484148,8.674950644524445,3.7974683544303796,1076.375,88.80501683892696,11.194983161073045,2025,7,4.0,1.0,10148.0,7.0,21.0,1449.7142857142858,15.185258178951518,18.240047299960583,3.7642885297595585,87.42609381158849,23.443064820876753,14.431126034006747,10550.0,1.0,07
6167,2025-08-01,202508,6170,C.S. MAX ARIAS SCHREIBER,RIS 4,I-3,LA VICTORIA,8485.0,7.0,22.0,1261.0,652.0,387.0,2025-09-04,7831.0,654.0,14.861520329994107,7.684148497348262,4.560989982321744,1212.142857142857,92.29228049499116,7.707719505008839,2025,8,4.0,1.0,8611.0,8.0,20.0,1076.375,10.289165021484148,8.674950644524445,3.7974683544303796,88.80501683892696,17.924009736295016,13.611002548542421,10513.666666666666,1.0,08
6167,2025-09-01,202509,6170,C.S. MAX ARIAS SCHREIBER,RIS 4,I-3,LA VICTORIA,10745.0,10.0,20.0,951.0,3572.0,1696.0,2025-10-04,9764.0,981.0,8.8506281991624,33.24336900884132,15.784085621219171,1074.5,90.87017217310377,9.12982782689623,2025,9,4.0,0.0,8485.0,7.0,22.0,1212.142857142857,14.861520329994107,7.684148497348262,4.560989982321744,92.29228049499116,13.445314510143257,11.533048813944431,9081.333333333334,1.0,09
6167,2025-10-01,202510,6170,C.S. MAX ARIAS SCHREIBER,RIS 4,I-3,LA VICTORIA,8009.0,8.0,16.0,1857.0,1088.0,560.0,2025-11-04,7423.0,586.0,23.18641528280684,13.584717193157697,6.992133849419403,1001.125,92.6832313647147,7.316768635285304,2025,10,4.0,1.0,10745.0,10.0,20.0,1074.5,8.8506281991624,33.24336900884132,15.784085621219171,90.87017217310377,11.333771183546887,16.534156050238007,9280.333333333334,0.0,10
6167,2025-11-01,202511,6170,C.S. MAX ARIAS SCHREIBER,RIS 4,I-3,LA VICTORIA,9063.0,8.0,20.0,166.0,1077.0,138.0,2025-12-04,8493.0,570.0,1.8316230828643938,11.88348229063224,1.5226746110559417,1132.875,93.71069182389937,6.289308176100629,2025,11,4.0,0.0,8009.0,8.0,16.0,1001.125,23.18641528280684,13.584717193157697,6.992133849419403,92.6832313647147,15.632854603987782,18.170744899782424,9079.666666666666,1.0,11
6167,2025-12-01,202512,6170,C.S. MAX ARIAS SCHREIBER,RIS 4,I-3,LA VICTORIA,8458.0,10.0,21.0,178.0,598.0,28.0,2026-01-05,7978.0,480.0,2.104516434145188,7.0702293686450695,0.3310475289666588,845.8,94.32489950342871,5.675100496571293,2025,12,5.0,0.0,9063.0,8.0,20.0,1132.875,1.8316230828643938,11.88348229063224,1.5226746110559417,93.71069182389937,11.289555521611213,19.570522830877085,9272.333333333334,0.0,12
6167,2026-01-01,202601,6170,C.S. MAX ARIAS SCHREIBER,RIS 4,I-3,LA VICTORIA,8541.0,9.0,18.0,187.0,2.0,0.0,2026-02-06,7959.0,582.0,2.189439175740546,0.023416461772626157,0.0,949.0,93.18580962416578,6.814190375834212,2026,1,6.0,0.0,8458.0,10.0,21.0,845.8,2.104516434145188,7.0702293686450695,0.3310475289666588,94.32489950342871,9.040851599938808,10.846142950811668,8510.0,0.0,01
6167,2026-02-01,202602,6170,C.S. MAX ARIAS SCHREIBER,RIS 4,I-3,LA VICTORIA,9123.0,8.0,19.0,176.0,985.0,3.0,2026-03-04,8402.0,721.0,1.9291899594431656,10.79688698892908,0.03288391976323578,1140.375,92.09689795023567,7.903102049764332,2026,2,4.0,0.0,8541.0,9.0,18.0,949.0,2.189439175740546,0.023416461772626157,0.0,93.18580962416578,2.0418595642500423,6.3257093736833125,8687.333333333334,0.0,02
6167,2026-03-01,202603,6170,C.S. MAX ARIAS SCHREIBER,RIS 4,I-3,LA VICTORIA,10476.0,9.0,20.0,248.0,35.0,0.0,2026-04-05,9600.0,876.0,2.3673157693776252,0.3340969835815197,0.0,1164.0,91.63802978235968,8.361970217640321,2026,3,5.0,0.0,9123.0,8.0,19.0,1140.375,1.9291899594431656,10.79688698892908,0.03288391976323578,92.09689795023567,2.0743818564429666,5.963510939782258,8707.333333333334,0.0,03
6167,2026-04-01,202604,6170,C.S. MAX ARIAS SCHREIBER,RIS 4,I-3,LA VICTORIA,10062.0,7.0,22.0,329.0,483.0,131.0,2026-05-05,8911.0,1151.0,3.2697276883323396,4.800238521168754,1.3019280461140925,1437.4285714285713,88.56092228185251,11.439077718147486,2026,4,5.0,0.0,10476.0,9.0,20.0,1164.0,2.3673157693776252,0.3340969835815197,0.0,91.63802978235968,2.161981634853779,3.7181334780944084,9380.0,0.0,04
6167,2026-05-01,202605,6170,C.S. MAX ARIAS SCHREIBER,RIS 4,I-3,LA VICTORIA,9351.0,8.0,20.0,138.0,368.0,19.0,2026-06-04,8359.0,992.0,1.4757779916586462,3.9354079777563897,0.20318682493850926,1168.875,89.39150892952625,10.608491070473747,2026,5,4.0,0.0,10062.0,7.0,22.0,1437.4285714285713,3.2697276883323396,4.800238521168754,1.3019280461140925,88.56092228185251,2.5220778057177102,5.3104074978931175,9887.0,0.0,05
6167,2026-06-01,202606,6170,C.S. MAX ARIAS SCHREIBER,RIS 4,I-3,LA VICTORIA,10781.0,9.0,18.0,144.0,377.0,0.0,2026-07-05,9787.0,994.0,1.3356831462758556,3.496892681569428,0.0,1197.888888888889,90.78007605973472,9.219923940265282,2026,6,5.0,0.0,9351.0,8.0,20.0,1168.875,1.4757779916586462,3.9354079777563897,0.20318682493850926,89.39150892952625,2.37094048312287,3.023247827502221,9963.0,0.0,06
6167,2026-07-01,202607,6170,C.S. MAX ARIAS SCHREIBER,RIS 4,I-3,LA VICTORIA,9891.0,9.0,20.0,243.0,399.0,12.0,2026-08-04,9134.0,757.0,2.4567788898999092,4.033970276008493,0.12132241431604489,1099.0,92.34657769689616,7.653422303103832,2026,7,4.0,0.0,10781.0,9.0,18.0,1197.888888888889,1.3356831462758556,3.496892681569428,0.0,90.78007605973472,2.027062942088947,4.077513060164858,10064.666666666666,0.0,07
6167,2026-08-01,202608,6170,C.S. MAX ARIAS SCHREIBER,RIS 4,I-3,LA VICTORIA,9871.0,8.0,21.0,70.0,604.0,14.0,2026-09-04,9148.0,723.0,0.709148009320231,6.1189342518488505,0.1418296018640462,1233.875,92.67551413230676,7.324485867693243,2026,8,4.0,0.0,9891.0,9.0,20.0,1099.0,2.4567788898999092,4.033970276008493,0.12132241431604489,92.34657769689616,1.756080009278137,3.8220903117781035,10007.666666666666,0.0,08
6168,2025-02-01,202502,6171,C.S. JUAN PEREZ CARRANZA,RIS 1,I-3,LIMA,8941.0,3.0,19.0,107.0,1248.0,318.0,2025-03-04,8379.0,562.0,1.1967341460686725,13.958170227043954,3.5566491443910078,2980.3333333333335,93.71434962532155,6.285650374678448,2025,2,4.0,0.0,7052.0,2.0,20.0,3526.0,0.2127056154282473,4.2257515598411794,0.0,93.85989790130459,0.2127056154282473,4.2257515598411794,7052.0,0.0,02
6168,2025-03-01,202503,6171,C.S. JUAN PEREZ CARRANZA,RIS 1,I-3,LIMA,8214.0,2.0,19.0,15.0,50.0,26.0,2025-04-05,7831.0,383.0,0.18261504747991233,0.6087168249330411,0.3165327489651814,4107.0,95.33722912101291,4.662770878987096,2025,3,5.0,0.0,8941.0,3.0,19.0,2980.3333333333335,1.1967341460686725,13.958170227043954,3.5566491443910078,93.71434962532155,0.7047198807484599,9.091960893442566,7996.5,0.0,03
6168,2025-04-01,202504,6171,C.S. JUAN PEREZ CARRANZA,RIS 1,I-3,LIMA,9314.0,6.0,18.0,51.0,321.0,12.0,2025-05-05,8432.0,882.0,0.5475628086751128,3.4464247369551213,0.12883830792355594,1552.3333333333333,90.53038436761864,9.46961563238136,2025,4,5.0,0.0,8214.0,2.0,19.0,4107.0,0.18261504747991233,0.6087168249330411,0.3165327489651814,95.33722912101291,0.5306849363256108,6.264212870606058,8069.0,0.0,04
6168,2025-05-01,202505,6171,C.S. JUAN PEREZ CARRANZA,RIS 1,I-3,LIMA,11415.0,6.0,21.0,27.0,1175.0,0.0,2025-06-04,9518.0,1897.0,0.23653088042049936,10.29347349978099,0.0,1902.5,83.38151554971529,16.61848445028471,2025,5,4.0,0.0,9314.0,6.0,18.0,1552.3333333333333,0.5475628086751128,3.4464247369551213,0.12883830792355594,90.53038436761864,0.6423040007412325,6.004437262977373,8823.0,0.0,05
6168,2025-06-01,202506,6171,C.S. JUAN PEREZ CARRANZA,RIS 1,I-3,LIMA,11441.0,6.0,19.0,32.0,250.0,0.0,2025-07-05,9632.0,1809.0,0.2796958307840224,2.1851236780001746,0.0,1906.8333333333333,84.18844506599073,15.811554934009266,2025,6,5.0,0.0,11415.0,6.0,21.0,1902.5,0.23653088042049936,10.29347349978099,0.0,83.38151554971529,0.3222362455251748,4.782871687223051,9647.666666666666,0.0,06
6168,2025-07-01,202507,6171,C.S. JUAN PEREZ CARRANZA,RIS 1,I-3,LIMA,10360.0,6.0,19.0,90.0,197.0,24.0,2025-08-04,9328.0,1032.0,0.8687258687258688,1.9015444015444016,0.23166023166023167,1726.6666666666667,90.03861003861005,9.961389961389962,2025,7,4.0,0.0,11441.0,6.0,19.0,1906.8333333333333,0.2796958307840224,2.1851236780001746,0.0,84.18844506599073,0.35459650662654485,5.308340638245429,10723.333333333334,0.0,07
6168,2025-08-01,202508,6171,C.S. JUAN PEREZ CARRANZA,RIS 1,I-3,LIMA,9209.0,5.0,17.0,224.0,601.0,0.0,2025-09-04,8178.0,1031.0,2.4324030839396245,6.526224345748724,0.0,1841.8,88.80443044847432,11.195569551525681,2025,8,4.0,0.0,10360.0,6.0,19.0,1726.6666666666667,0.8687258687258688,1.9015444015444016,0.23166023166023167,90.03861003861005,0.46165085997679683,4.793380526441855,11072.0,0.0,08
6168,2025-09-01,202509,6171,C.S. JUAN PEREZ CARRANZA,RIS 1,I-3,LIMA,11370.0,5.0,21.0,34.0,474.0,0.0,2025-10-04,10641.0,729.0,0.2990325417766051,4.1688654353562,0.0,2274.0,93.58839050131927,6.411609498680739,2025,9,4.0,0.0,9209.0,5.0,17.0,1841.8,2.4324030839396245,6.526224345748724,0.0,88.80443044847432,1.1936082611498386,3.5376308084311,10336.666666666666,0.0,09
6168,2025-10-01,202510,6171,C.S. JUAN PEREZ CARRANZA,RIS 1,I-3,LIMA,8434.0,4.0,22.0,45.0,751.0,72.0,2025-11-04,8001.0,433.0,0.5335546597106948,8.904434432060707,0.8536874555371117,2108.5,94.86601849656154,5.133981503438464,2025,10,4.0,0.0,11370.0,5.0,21.0,2274.0,0.2990325417766051,4.1688654353562,0.0,93.58839050131927,1.2000538314806997,4.198878060883108,10313.0,0.0,10
6168,2025-11-01,202511,6171,C.S. JUAN PEREZ CARRANZA,RIS 1,I-3,LIMA,8898.0,5.0,20.0,92.0,337.0,0.0,2025-12-04,7802.0,1096.0,1.0339402112834344,3.78736794785345,0.0,1779.6,87.68262530905821,12.317374690941785,2025,11,4.0,0.0,8434.0,4.0,22.0,2108.5,0.5335546597106948,8.904434432060707,0.8536874555371117,94.86601849656154,1.088330095142308,6.533174737721876,9671.0,0.0,11
6168,2025-12-01,202512,6171,C.S. JUAN PEREZ CARRANZA,RIS 1,I-3,LIMA,8230.0,3.0,19.0,61.0,12.0,0.0,2026-01-05,7546.0,684.0,0.741190765492102,0.14580801944106925,0.0,2743.3333333333335,91.68894289185906,8.311057108140949,2025,12,5.0,0.0,8898.0,5.0,20.0,1779.6,1.0339402112834344,3.78736794785345,0.0,87.68262530905821,0.6221758042569114,5.620222605090119,9567.333333333334,0.0,12
6168,2026-01-01,202601,6171,C.S. JUAN PEREZ CARRANZA,RIS 1,I-3,LIMA,6340.0,3.0,21.0,275.0,0.0,0.0,2026-02-06,5964.0,376.0,4.337539432176656,0.0,0.0,2113.3333333333335,94.06940063091483,5.930599369085174,2026,1,6.0,0.0,8230.0,3.0,19.0,2743.3333333333335,0.741190765492102,0.14580801944106925,0.0,91.68894289185906,0.7695618788287438,4.279203466451742,8520.666666666666,0.0,01
6168,2026-02-01,202602,6171,C.S. JUAN PEREZ CARRANZA,RIS 1,I-3,LIMA,7876.0,5.0,21.0,248.0,831.0,2.0,2026-03-04,7150.0,726.0,3.148806500761808,10.551041137633316,0.025393600812595226,1575.2,90.78212290502793,9.217877094972067,2026,2,4.0,0.0,6340.0,3.0,21.0,2113.3333333333335,4.337539432176656,0.0,0.0,94.06940063091483,2.037556802984064,1.3110586557648398,7822.666666666667,0.0,02
6168,2026-03-01,202603,6171,C.S. JUAN PEREZ CARRANZA,RIS 1,I-3,LIMA,9767.0,7.0,22.0,211.0,158.0,96.0,2026-04-05,9174.0,593.0,2.16033582471588,1.617692228934166,0.9829016074536705,1395.2857142857142,93.92853486229139,6.071465137708611,2026,3,5.0,0.0,7876.0,5.0,21.0,1575.2,3.148806500761808,10.551041137633316,0.025393600812595226,90.78212290502793,2.7425122328101885,3.5656163856914618,7482.0,0.0,03
6168,2026-04-01,202604,6171,C.S. JUAN PEREZ CARRANZA,RIS 1,I-3,LIMA,8352.0,4.0,20.0,22.0,546.0,40.0,2026-05-05,7391.0,961.0,0.26340996168582376,6.537356321839081,0.4789272030651341,2088.0,88.49377394636015,11.506226053639846,2026,4,5.0,0.0,9767.0,7.0,22.0,1395.2857142857142,2.16033582471588,1.617692228934166,0.9829016074536705,93.92853486229139,3.215560585884781,4.056244455522494,7994.333333333333,0.0,04
6168,2026-05-01,202605,6171,C.S. JUAN PEREZ CARRANZA,RIS 1,I-3,LIMA,7958.0,5.0,18.0,51.0,182.0,0.0,2026-06-04,6822.0,1136.0,0.6408645388288514,2.287006785624529,0.0,1591.6,85.72505654687107,14.274943453128927,2026,5,4.0,0.0,8352.0,4.0,20.0,2088.0,0.26340996168582376,6.537356321839081,0.4789272030651341,88.49377394636015,1.8575174290545038,6.235363229468855,8665.0,0.0,05
6168,2026-06-01,202606,6171,C.S. JUAN PEREZ CARRANZA,RIS 1,I-3,LIMA,8930.0,5.0,18.0,87.0,0.0,0.0,2026-07-05,8212.0,718.0,0.9742441209406495,0.0,0.0,1786.0,91.95968645016798,8.040313549832026,2026,6,5.0,0.0,7958.0,5.0,18.0,1591.6,0.6408645388288514,2.287006785624529,0.0,85.72505654687107,1.0215367750768516,3.480685112132592,8692.333333333334,0.0,06
6168,2026-07-01,202607,6171,C.S. JUAN PEREZ CARRANZA,RIS 1,I-3,LIMA,6693.0,4.0,19.0,56.0,111.0,61.0,2026-08-04,6157.0,536.0,0.8366950545345884,1.6584491259524876,0.9113999701180338,1673.25,91.99163304945465,8.008366950545346,2026,7,4.0,0.0,8930.0,5.0,18.0,1786.0,0.9742441209406495,0.0,0.0,91.95968645016798,0.6261728738184416,2.9414543691545365,8413.333333333334,0.0,07
6168,2026-08-01,202608,6171,C.S. JUAN PEREZ CARRANZA,RIS 1,I-3,LIMA,7991.0,4.0,18.0,75.0,165.0,3.0,2026-09-04,7338.0,653.0,0.9385558753597798,2.0648229257915154,0.03754223501439119,1997.75,91.82830684520086,8.171693154799149,2026,8,4.0,0.0,6693.0,4.0,19.0,1673.25,0.8366950545345884,1.6584491259524876,0.9113999701180338,91.99163304945465,0.8172679047680299,1.3151519705256722,7860.333333333333,0.0,08
6169,2025-02-01,202502,6172,P.S. JARDIN ROSA DE SANTA MARIA,RIS 1,I-2,LIMA,932.0,2.0,11.0,77.0,45.0,1.0,2025-03-04,645.0,287.0,8.261802575107296,4.828326180257511,0.1072961373390558,466.0,69.20600858369099,30.793991416309012,2025,2,4.0,0.0,624.0,2.0,10.0,312.0,18.75,24.03846153846154,8.012820512820513,79.00641025641026,18.75,24.03846153846154,624.0,1.0,02
6169,2025-03-01,202503,6172,P.S. JARDIN ROSA DE SANTA MARIA,RIS 1,I-2,LIMA,613.0,2.0,11.0,95.0,99.0,42.0,2025-04-05,533.0,80.0,15.497553017944535,16.150081566068515,6.851549755301795,306.5,86.94942903752039,13.05057096247961,2025,3,5.0,1.0,932.0,2.0,11.0,466.0,8.261802575107296,4.828326180257511,0.1072961373390558,69.20600858369099,13.505901287553648,14.433393859359526,778.0,0.0,03
6169,2025-04-01,202504,6172,P.S. JARDIN ROSA DE SANTA MARIA,RIS 1,I-2,LIMA,1218.0,4.0,11.0,387.0,158.0,134.0,2025-05-05,961.0,257.0,31.773399014778324,12.97208538587849,11.001642036124794,304.5,78.89983579638752,21.10016420361248,2025,4,5.0,1.0,613.0,2.0,11.0,306.5,15.497553017944535,16.150081566068515,6.851549755301795,86.94942903752039,14.169785197683943,15.00562309492919,723.0,1.0,04
6169,2025-05-01,202505,6172,P.S. JARDIN ROSA DE SANTA MARIA,RIS 1,I-2,LIMA,1735.0,4.0,12.0,162.0,52.0,46.0,2025-06-04,1049.0,686.0,9.337175792507205,2.9971181556195967,2.6512968299711814,433.75,60.461095100864554,39.538904899135446,2025,5,4.0,0.0,1218.0,4.0,11.0,304.5,31.773399014778324,12.97208538587849,11.001642036124794,78.89983579638752,18.510918202610053,11.316831044068172,921.0,1.0,05
6169,2025-06-01,202506,6172,P.S. JARDIN ROSA DE SANTA MARIA,RIS 1,I-2,LIMA,1461.0,4.0,12.0,324.0,8.0,0.0,2025-07-05,950.0,511.0,22.17659137577002,0.5475701574264202,0.0,365.25,65.02395619438741,34.97604380561259,2025,6,5.0,1.0,1735.0,4.0,12.0,433.75,9.337175792507205,2.9971181556195967,2.6512968299711814,60.461095100864554,18.869375941743353,10.706428369188869,1188.6666666666667,0.0,06
6169,2025-07-01,202507,6172,P.S. JARDIN ROSA DE SANTA MARIA,RIS 1,I-2,LIMA,1857.0,7.0,13.0,965.0,34.0,12.0,2025-08-04,1253.0,604.0,51.96553581044696,1.830910070005385,0.6462035541195477,265.2857142857143,67.4744211093161,32.525578890683896,2025,7,4.0,1.0,1461.0,4.0,12.0,365.25,22.17659137577002,0.5475701574264202,0.0,65.02395619438741,21.095722061018517,5.505591232974836,1471.3333333333333,1.0,07
6169,2025-08-01,202508,6172,P.S. JARDIN ROSA DE SANTA MARIA,RIS 1,I-2,LIMA,1373.0,3.0,11.0,154.0,415.0,293.0,2025-09-04,1120.0,253.0,11.2163146394756,30.225782957028404,21.3401310997815,457.6666666666667,81.57319737800437,18.42680262199563,2025,8,4.0,1.0,1857.0,7.0,13.0,265.2857142857143,51.96553581044696,1.830910070005385,0.6462035541195477,67.4744211093161,27.826434326241394,1.7918661276838008,1684.3333333333333,1.0,08
6169,2025-09-01,202509,6172,P.S. JARDIN ROSA DE SANTA MARIA,RIS 1,I-2,LIMA,1741.0,2.0,11.0,211.0,181.0,179.0,2025-10-04,1589.0,152.0,12.11947156806433,10.396323951751867,10.281447443997703,870.5,91.26938541068351,8.730614589316485,2025,9,4.0,1.0,1373.0,3.0,11.0,457.6666666666667,11.2163146394756,30.225782957028404,21.3401310997815,81.57319737800437,28.452813941897528,10.868087728153403,1563.6666666666667,1.0,09
6169,2025-10-01,202510,6172,P.S. JARDIN ROSA DE SANTA MARIA,RIS 1,I-2,LIMA,1436.0,2.0,12.0,199.0,275.0,189.0,2025-11-04,1229.0,207.0,13.857938718662952,19.15041782729805,13.161559888579387,718.0,85.5849582172702,14.415041782729805,2025,10,4.0,1.0,1741.0,2.0,11.0,870.5,12.11947156806433,10.396323951751867,10.281447443997703,91.26938541068351,25.100440672662298,14.151005659595219,1657.0,1.0,10
6169,2025-11-01,202511,6172,P.S. JARDIN ROSA DE SANTA MARIA,RIS 1,I-2,LIMA,1709.0,2.0,12.0,596.0,364.0,192.0,2025-12-04,1447.0,262.0,34.87419543592744,21.299005266237565,11.234640140433001,854.5,84.66939730836746,15.330602691632533,2025,11,4.0,1.0,1436.0,2.0,12.0,718.0,13.857938718662952,19.15041782729805,13.161559888579387,85.5849582172702,12.397908308734294,19.924174912026107,1516.6666666666667,1.0,11
6169,2025-12-01,202512,6172,P.S. JARDIN ROSA DE SANTA MARIA,RIS 1,I-2,LIMA,866.0,1.0,12.0,180.0,131.0,131.0,2026-01-05,784.0,82.0,20.785219399538107,15.127020785219399,15.127020785219399,866.0,90.5311778290993,9.468822170900692,2025,12,5.0,1.0,1709.0,2.0,12.0,854.5,34.87419543592744,21.299005266237565,11.234640140433001,84.66939730836746,20.283868574218243,16.94858234842916,1628.6666666666667,1.0,12
6169,2026-01-01,202601,6172,P.S. JARDIN ROSA DE SANTA MARIA,RIS 1,I-2,LIMA,691.0,1.0,12.0,293.0,143.0,1.0,2026-02-06,589.0,102.0,42.40231548480463,20.69464544138929,0.1447178002894356,691.0,85.23878437047757,14.76121562952243,2026,1,6.0,1.0,866.0,1.0,12.0,866.0,20.785219399538107,15.127020785219399,15.127020785219399,90.5311778290993,23.1724511847095,18.52548129291834,1337.0,1.0,01
6169,2026-02-01,202602,6172,P.S. JARDIN ROSA DE SANTA MARIA,RIS 1,I-2,LIMA,835.0,2.0,11.0,47.0,299.0,138.0,2026-03-04,532.0,303.0,5.62874251497006,35.808383233532936,16.526946107784433,417.5,63.712574850299404,36.287425149700596,2026,2,4.0,0.0,691.0,1.0,12.0,691.0,42.40231548480463,20.69464544138929,0.1447178002894356,85.23878437047757,32.687243440090064,19.04022383094875,1088.6666666666667,1.0,02
6169,2026-03-01,202603,6172,P.S. JARDIN ROSA DE SANTA MARIA,RIS 1,I-2,LIMA,787.0,2.0,11.0,158.0,5.0,0.0,2026-04-05,616.0,171.0,20.076238881829735,0.6353240152477764,0.0,393.5,78.27191867852605,21.72808132147395,2026,3,5.0,1.0,835.0,2.0,11.0,417.5,5.62874251497006,35.808383233532936,16.526946107784433,63.712574850299404,22.938759133104266,23.876683153380544,797.3333333333334,0.0,03
6169,2026-04-01,202604,6172,P.S. JARDIN ROSA DE SANTA MARIA,RIS 1,I-2,LIMA,1355.0,2.0,12.0,360.0,95.0,39.0,2026-05-05,646.0,709.0,26.568265682656826,7.011070110701107,2.878228782287823,677.5,47.67527675276753,52.32472324723247,2026,4,5.0,1.0,787.0,2.0,11.0,393.5,20.076238881829735,0.6353240152477764,0.0,78.27191867852605,22.702432293868142,19.046117563390002,771.0,1.0,04
6169,2026-05-01,202605,6172,P.S. JARDIN ROSA DE SANTA MARIA,RIS 1,I-2,LIMA,1044.0,4.0,11.0,69.0,155.0,93.0,2026-06-04,452.0,592.0,6.609195402298851,14.846743295019158,8.908045977011493,261.0,43.29501915708812,56.70498084291188,2026,5,4.0,0.0,1355.0,2.0,12.0,677.5,26.568265682656826,7.011070110701107,2.878228782287823,47.67527675276753,17.42441569315221,14.484925786493939,992.3333333333334,1.0,05
6169,2026-06-01,202606,6172,P.S. JARDIN ROSA DE SANTA MARIA,RIS 1,I-2,LIMA,732.0,3.0,13.0,171.0,183.0,0.0,2026-07-05,509.0,223.0,23.360655737704917,25.0,0.0,244.0,69.53551912568307,30.46448087431694,2026,6,5.0,1.0,1044.0,4.0,11.0,261.0,6.609195402298851,14.846743295019158,8.908045977011493,43.29501915708812,17.751233322261804,7.497712473656013,1062.0,0.0,06
6169,2026-07-01,202607,6172,P.S. JARDIN ROSA DE SANTA MARIA,RIS 1,I-2,LIMA,853.0,1.0,13.0,194.0,293.0,216.0,2026-08-04,715.0,138.0,22.743259085580306,34.34935521688159,25.322391559202813,853.0,83.82180539273153,16.178194607268463,2026,7,4.0,1.0,732.0,3.0,13.0,244.0,23.360655737704917,25.0,0.0,69.53551912568307,18.846038940886867,15.619271135240089,1043.6666666666667,1.0,07
6169,2026-08-01,202608,6172,P.S. JARDIN ROSA DE SANTA MARIA,RIS 1,I-2,LIMA,1296.0,1.0,10.0,339.0,486.0,352.0,2026-09-04,1192.0,104.0,26.15740740740741,37.5,27.160493827160494,1296.0,91.9753086419753,8.024691358024691,2026,8,4.0,1.0,853.0,1.0,13.0,853.0,22.743259085580306,34.34935521688159,25.322391559202813,83.82180539273153,17.57103674186136,24.73203283730025,876.3333333333334,1.0,08
6170,2025-02-01,202502,6173,C.S. EL PINO,RIS 4,I-3,LA VICTORIA,3453.0,2.0,14.0,31.0,1341.0,505.0,2025-03-04,3250.0,203.0,0.8977700550246163,38.83579496090356,14.624963799594555,1726.5,94.12105415580655,5.878945844193455,2025,2,4.0,0.0,3513.0,1.0,13.0,3513.0,0.6831767719897524,22.374039282664388,0.3700540848277825,95.10389980074011,0.6831767719897524,22.374039282664388,3513.0,0.0,02
6170,2025-03-01,202503,6173,C.S. EL PINO,RIS 4,I-3,LA VICTORIA,3519.0,2.0,13.0,59.0,960.0,0.0,2025-04-05,3293.0,226.0,1.6766126740551293,27.280477408354646,0.0,1759.5,93.57772094344985,6.422279056550156,2025,3,5.0,0.0,3453.0,2.0,14.0,1726.5,0.8977700550246163,38.83579496090356,14.624963799594555,94.12105415580655,0.7904734135071843,30.604917121783977,3483.0,0.0,03
6170,2025-04-01,202504,6173,C.S. EL PINO,RIS 4,I-3,LA VICTORIA,4370.0,5.0,13.0,10.0,1421.0,0.0,2025-05-05,3624.0,746.0,0.2288329519450801,32.51716247139588,0.0,874.0,82.92906178489703,17.070938215102974,2025,4,5.0,0.0,3519.0,2.0,13.0,1759.5,1.6766126740551293,27.280477408354646,0.0,93.57772094344985,1.085853167023166,29.496770550640864,3495.0,0.0,04
6170,2025-05-01,202505,6173,C.S. EL PINO,RIS 4,I-3,LA VICTORIA,5993.0,5.0,14.0,73.0,1253.0,167.0,2025-06-04,4442.0,1551.0,1.2180877690639078,20.907725679959952,2.7865843484064743,1198.6,74.11980644084765,25.880193559152346,2025,5,4.0,0.0,4370.0,5.0,13.0,874.0,0.2288329519450801,32.51716247139588,0.0,82.92906178489703,0.9344052270082753,32.877811613551366,3780.6666666666665,0.0,05
6170,2025-06-01,202506,6173,C.S. EL PINO,RIS 4,I-3,LA VICTORIA,3602.0,3.0,13.0,24.0,1.0,0.0,2025-07-05,2879.0,723.0,0.6662965019433648,0.0277623542476402,0.0,1200.6666666666667,79.92781787895613,20.072182121043866,2025,6,5.0,0.0,5993.0,5.0,14.0,1198.6,1.2180877690639078,20.907725679959952,2.7865843484064743,74.11980644084765,1.041177798354706,26.90178851990349,4627.333333333333,0.0,06
6170,2025-07-01,202507,6173,C.S. EL PINO,RIS 4,I-3,LA VICTORIA,3534.0,3.0,14.0,13.0,18.0,0.0,2025-08-04,3036.0,498.0,0.3678551216751556,0.5093378607809848,0.0,1178.0,85.90831918505943,14.091680814940577,2025,7,4.0,0.0,3602.0,3.0,13.0,1200.6666666666667,0.6662965019433648,0.0277623542476402,0.0,79.92781787895613,0.7044057409841176,17.817550168534492,4655.0,0.0,07
6170,2025-08-01,202508,6173,C.S. EL PINO,RIS 4,I-3,LA VICTORIA,3556.0,5.0,13.0,17.0,95.0,0.0,2025-09-04,3069.0,487.0,0.4780652418447694,2.671541057367829,0.0,711.2,86.30483689538808,13.695163104611924,2025,8,4.0,0.0,3534.0,3.0,14.0,1178.0,0.3678551216751556,0.5093378607809848,0.0,85.90831918505943,0.750746464227476,7.148275298329526,4376.333333333333,0.0,08
6170,2025-09-01,202509,6173,C.S. EL PINO,RIS 4,I-3,LA VICTORIA,4813.0,5.0,16.0,367.0,773.0,92.0,2025-10-04,4525.0,288.0,7.62518179929358,16.060669021400376,1.911489715354249,962.6,94.01620610845626,5.983793891543736,2025,9,4.0,0.0,3556.0,5.0,13.0,711.2,0.4780652418447694,2.671541057367829,0.0,86.30483689538808,0.5040722884877632,1.069547090798818,3564.0,0.0,09
6170,2025-10-01,202510,6173,C.S. EL PINO,RIS 4,I-3,LA VICTORIA,3964.0,5.0,15.0,133.0,393.0,31.0,2025-11-04,3497.0,467.0,3.355196770938446,9.91422805247225,0.7820383451059536,792.8,88.21897073662967,11.781029263370334,2025,10,4.0,0.0,4813.0,5.0,16.0,962.6,7.62518179929358,16.060669021400376,1.911489715354249,94.01620610845626,2.823700720937835,6.413849313183063,3967.6666666666665,0.0,10
6170,2025-11-01,202511,6173,C.S. EL PINO,RIS 4,I-3,LA VICTORIA,3928.0,5.0,17.0,16.0,40.0,0.0,2025-12-04,3532.0,396.0,0.4073319755600815,1.0183299389002036,0.0,785.6,89.91853360488798,10.081466395112017,2025,11,4.0,0.0,3964.0,5.0,15.0,792.8,3.355196770938446,9.91422805247225,0.7820383451059536,88.21897073662967,3.8194812706922647,9.548812710413484,4111.0,0.0,11
6170,2025-12-01,202512,6173,C.S. EL PINO,RIS 4,I-3,LA VICTORIA,3592.0,3.0,17.0,7.0,0.0,0.0,2026-01-05,3350.0,242.0,0.19487750556792874,0.0,0.0,1197.3333333333333,93.26280623608018,6.737193763919822,2025,12,5.0,0.0,3928.0,5.0,17.0,785.6,0.4073319755600815,1.0183299389002036,0.0,89.91853360488798,3.7959035152640355,8.997742337590944,4235.0,0.0,12
6170,2026-01-01,202601,6173,C.S. EL PINO,RIS 4,I-3,LA VICTORIA,4365.0,4.0,16.0,53.0,0.0,0.0,2026-02-06,4153.0,212.0,1.2142038946162657,0.0,0.0,1091.25,95.14318442153494,4.856815578465063,2026,1,6.0,0.0,3592.0,3.0,17.0,1197.3333333333333,0.19487750556792874,0.0,0.0,93.26280623608018,1.3191354173554852,3.644185997124151,3828.0,0.0,01
6170,2026-02-01,202602,6173,C.S. EL PINO,RIS 4,I-3,LA VICTORIA,4171.0,3.0,16.0,7.0,463.0,6.0,2026-03-04,3705.0,466.0,0.16782546152001918,11.100455526252697,0.14385039558858786,1390.3333333333333,88.82761927595301,11.172380724046992,2026,2,4.0,0.0,4365.0,4.0,16.0,1091.25,1.2142038946162657,0.0,0.0,95.14318442153494,0.605471125248092,0.3394433129667345,3961.6666666666665,0.0,02
6170,2026-03-01,202603,6173,C.S. EL PINO,RIS 4,I-3,LA VICTORIA,4989.0,4.0,17.0,215.0,0.0,0.0,2026-04-05,4437.0,552.0,4.309480857887352,0.0,0.0,1247.25,88.93565844858689,11.06434155141311,2026,3,5.0,0.0,4171.0,3.0,16.0,1390.3333333333333,0.16782546152001918,11.100455526252697,0.14385039558858786,88.82761927595301,0.5256356205680712,3.700151842084232,4042.6666666666665,0.0,03
6170,2026-04-01,202604,6173,C.S. EL PINO,RIS 4,I-3,LA VICTORIA,4904.0,3.0,17.0,11.0,574.0,204.0,2026-05-05,4103.0,801.0,0.22430668841761828,11.7047308319739,4.159869494290375,1634.6666666666667,83.66639477977162,16.333605220228385,2026,4,5.0,0.0,4989.0,4.0,17.0,1247.25,4.309480857887352,0.0,0.0,88.93565844858689,1.8971700713412123,3.700151842084232,4508.333333333333,0.0,04
6170,2026-05-01,202605,6173,C.S. EL PINO,RIS 4,I-3,LA VICTORIA,4579.0,5.0,15.0,9.0,170.0,0.0,2026-06-04,3599.0,980.0,0.19654946494867875,3.7126010045861544,0.0,915.8,78.59794715003275,21.40205284996724,2026,5,4.0,0.0,4904.0,3.0,17.0,1634.6666666666667,0.22430668841761828,11.7047308319739,4.159869494290375,83.66639477977162,1.5672043359416632,7.601728786075532,4688.0,0.0,05
6170,2026-06-01,202606,6173,C.S. EL PINO,RIS 4,I-3,LA VICTORIA,5043.0,7.0,17.0,34.0,528.0,0.0,2026-07-05,4226.0,817.0,0.6742018639698593,10.469958358120167,0.0,720.4285714285714,83.79932579813602,16.20067420186397,2026,6,5.0,0.0,4579.0,5.0,15.0,915.8,0.19654946494867875,3.7126010045861544,0.0,78.59794715003275,1.5767790037512164,5.139110612186685,4824.0,0.0,06
6170,2026-07-01,202607,6173,C.S. EL PINO,RIS 4,I-3,LA VICTORIA,4280.0,8.0,16.0,346.0,917.0,659.0,2026-08-04,3420.0,860.0,8.08411214953271,21.425233644859812,15.397196261682243,535.0,79.90654205607477,20.093457943925234,2026,7,4.0,0.0,5043.0,7.0,17.0,720.4285714285714,0.6742018639698593,10.469958358120167,0.0,83.79932579813602,0.36501933911205214,8.629096731560074,4842.0,0.0,07
6170,2026-08-01,202608,6173,C.S. EL PINO,RIS 4,I-3,LA VICTORIA,4801.0,4.0,17.0,15.0,296.0,2.0,2026-09-04,3857.0,944.0,0.3124349093938763,6.165382212039159,0.0416579879191835,1200.25,80.33742970214539,19.662570297854614,2026,8,4.0,0.0,4280.0,8.0,16.0,535.0,8.08411214953271,21.425233644859812,15.397196261682243,79.90654205607477,2.9849544928170832,11.869264335855378,4634.0,0.0,08
6171,2025-02-01,202502,6174,P.S. CERRO EL PINO,RIS 4,I-2,LA VICTORIA,1322.0,1.0,11.0,262.0,101.0,62.0,2025-03-04,1117.0,205.0,19.818456883509832,7.639939485627837,4.689863842662632,1322.0,84.49319213313161,15.506807866868382,2025,2,4.0,1.0,1491.0,1.0,12.0,1491.0,26.894701542588866,21.462105969148222,13.883299798792757,88.53118712273641,26.894701542588866,21.462105969148222,1491.0,1.0,02
6171,2025-03-01,202503,6174,P.S. CERRO EL PINO,RIS 4,I-2,LA VICTORIA,1998.0,1.0,11.0,12.0,581.0,305.0,2025-04-05,1835.0,163.0,0.6006006006006006,29.07907907907908,15.265265265265265,1998.0,91.84184184184184,8.158158158158159,2025,3,5.0,0.0,1322.0,1.0,11.0,1322.0,19.818456883509832,7.639939485627837,4.689863842662632,84.49319213313161,23.35657921304935,14.55102272738803,1406.5,1.0,03
6171,2025-04-01,202504,6174,P.S. CERRO EL PINO,RIS 4,I-2,LA VICTORIA,2185.0,2.0,11.0,214.0,354.0,157.0,2025-05-05,1742.0,443.0,9.794050343249427,16.20137299771167,7.185354691075515,1092.5,79.7254004576659,20.274599542334094,2025,4,5.0,0.0,1998.0,1.0,11.0,1998.0,0.6006006006006006,29.07907907907908,15.265265265265265,91.84184184184184,15.771253008899768,19.393708177951712,1603.6666666666667,0.0,04
6171,2025-05-01,202505,6174,P.S. CERRO EL PINO,RIS 4,I-2,LA VICTORIA,3118.0,2.0,12.0,740.0,546.0,183.0,2025-06-04,2659.0,459.0,23.733162283515075,17.511225144323284,5.8691468890314304,1559.0,85.27902501603592,14.72097498396408,2025,5,4.0,1.0,2185.0,2.0,11.0,1092.5,9.794050343249427,16.20137299771167,7.185354691075515,79.7254004576659,10.071035942453287,17.640130520806196,1835.0,0.0,05
6171,2025-06-01,202506,6174,P.S. CERRO EL PINO,RIS 4,I-2,LA VICTORIA,2665.0,2.0,11.0,647.0,455.0,0.0,2025-07-05,2365.0,300.0,24.27767354596623,17.073170731707318,0.0,1332.5,88.74296435272045,11.25703564727955,2025,6,5.0,1.0,3118.0,2.0,12.0,1559.0,23.733162283515075,17.511225144323284,5.8691468890314304,85.27902501603592,11.375937742455035,20.930559073704675,2433.6666666666665,1.0,06
6171,2025-07-01,202507,6174,P.S. CERRO EL PINO,RIS 4,I-2,LA VICTORIA,1930.0,3.0,11.0,82.0,0.0,0.0,2025-08-04,1673.0,257.0,4.248704663212435,0.0,0.0,643.3333333333334,86.6839378238342,13.316062176165802,2025,7,4.0,0.0,2665.0,2.0,11.0,1332.5,24.27767354596623,17.073170731707318,0.0,88.74296435272045,19.268295390910243,16.928589624580756,2656.0,1.0,07
6171,2025-08-01,202508,6174,P.S. CERRO EL PINO,RIS 4,I-2,LA VICTORIA,1987.0,4.0,13.0,31.0,214.0,162.0,2025-09-04,1602.0,385.0,1.560140915953699,10.770005032712632,8.152994464016105,496.75,80.62405636638148,19.37594363361852,2025,8,4.0,0.0,1930.0,3.0,11.0,643.3333333333334,4.248704663212435,0.0,0.0,86.6839378238342,17.419846830897914,11.528131958676866,2571.0,0.0,08
6171,2025-09-01,202509,6174,P.S. CERRO EL PINO,RIS 4,I-2,LA VICTORIA,2697.0,2.0,13.0,416.0,281.0,0.0,2025-10-04,2474.0,223.0,15.42454579162032,10.418984056358918,0.0,1348.5,91.73155357804968,8.268446421950316,2025,9,4.0,1.0,1987.0,4.0,13.0,496.75,1.560140915953699,10.770005032712632,8.152994464016105,80.62405636638148,10.028839708377456,9.281058588139983,2194.0,0.0,09
6171,2025-10-01,202510,6174,P.S. CERRO EL PINO,RIS 4,I-2,LA VICTORIA,2132.0,2.0,11.0,577.0,244.0,167.0,2025-11-04,1927.0,205.0,27.063789868667918,11.444652908067543,7.833020637898687,1066.0,90.38461538461539,9.615384615384615,2025,10,4.0,1.0,2697.0,2.0,13.0,1348.5,15.42454579162032,10.418984056358918,0.0,91.73155357804968,7.077797123595484,7.062996363023849,2204.6666666666665,1.0,10
6171,2025-11-01,202511,6174,P.S. CERRO EL PINO,RIS 4,I-2,LA VICTORIA,2289.0,1.0,11.0,696.0,71.0,0.0,2025-12-04,2080.0,209.0,30.40629095674967,3.1017911751856704,0.0,2289.0,90.869375273045,9.130624726955002,2025,11,4.0,1.0,2132.0,2.0,11.0,1066.0,27.063789868667918,11.444652908067543,7.833020637898687,90.38461538461539,14.68282552541398,10.87788066571303,2272.0,1.0,11
6171,2025-12-01,202512,6174,P.S. CERRO EL PINO,RIS 4,I-2,LA VICTORIA,1644.0,3.0,11.0,15.0,1.0,1.0,2026-01-05,1485.0,159.0,0.9124087591240876,0.06082725060827251,0.06082725060827251,548.0,90.32846715328468,9.671532846715328,2025,12,5.0,0.0,2289.0,1.0,11.0,2289.0,30.40629095674967,3.1017911751856704,0.0,90.869375273045,24.29820887234597,8.32180937987071,2372.6666666666665,1.0,12
6171,2026-01-01,202601,6174,P.S. CERRO EL PINO,RIS 4,I-2,LA VICTORIA,1730.0,2.0,11.0,13.0,1.0,1.0,2026-02-06,1585.0,145.0,0.7514450867052023,0.057803468208092484,0.057803468208092484,865.0,91.61849710982659,8.38150289017341,2026,1,6.0,0.0,1644.0,3.0,11.0,548.0,0.9124087591240876,0.06082725060827251,0.06082725060827251,90.32846715328468,19.460829861513893,4.869090444620495,2021.6666666666667,0.0,01
6171,2026-02-01,202602,6174,P.S. CERRO EL PINO,RIS 4,I-2,LA VICTORIA,2126.0,2.0,11.0,10.0,319.0,1.0,2026-03-04,1836.0,290.0,0.4703668861712135,15.004703668861712,0.047036688617121354,1063.0,86.35936030103481,13.640639698965193,2026,2,4.0,0.0,1730.0,2.0,11.0,865.0,0.7514450867052023,0.057803468208092484,0.057803468208092484,91.61849710982659,10.69004826752632,1.0734739646673452,1887.6666666666667,0.0,02
6171,2026-03-01,202603,6174,P.S. CERRO EL PINO,RIS 4,I-2,LA VICTORIA,2597.0,3.0,11.0,11.0,0.0,0.0,2026-04-05,2239.0,358.0,0.4235656526761648,0.0,0.0,865.6666666666666,86.2148633038121,13.785136696187909,2026,3,5.0,0.0,2126.0,2.0,11.0,1063.0,0.4703668861712135,15.004703668861712,0.047036688617121354,86.35936030103481,0.7114069106668345,5.04111146255936,1833.3333333333333,0.0,03
6171,2026-04-01,202604,6174,P.S. CERRO EL PINO,RIS 4,I-2,LA VICTORIA,2052.0,2.0,12.0,10.0,187.0,15.0,2026-05-05,1640.0,412.0,0.4873294346978557,9.113060428849902,0.7309941520467836,1026.0,79.92202729044834,20.077972709551656,2026,4,5.0,0.0,2597.0,3.0,11.0,865.6666666666666,0.4235656526761648,0.0,0.0,86.2148633038121,0.5484592085175268,5.020835712356602,2151.0,0.0,04
6171,2026-05-01,202605,6174,P.S. CERRO EL PINO,RIS 4,I-2,LA VICTORIA,2603.0,1.0,10.0,11.0,38.0,2.0,2026-06-04,2020.0,583.0,0.42258932001536686,1.4598540145985401,0.0768344218209758,2603.0,77.60276603918555,22.397233960814447,2026,5,4.0,0.0,2052.0,2.0,12.0,1026.0,0.4873294346978557,9.113060428849902,0.7309941520467836,79.92202729044834,0.46042065784841135,8.039254699237205,2258.3333333333335,0.0,05
6171,2026-06-01,202606,6174,P.S. CERRO EL PINO,RIS 4,I-2,LA VICTORIA,2243.0,4.0,12.0,5.0,0.0,0.0,2026-07-05,1764.0,479.0,0.22291573785109228,0.0,0.0,560.75,78.64467231386536,21.35532768613464,2026,6,5.0,0.0,2603.0,1.0,10.0,2603.0,0.42258932001536686,1.4598540145985401,0.0768344218209758,77.60276603918555,0.44449480246312917,3.5243048144828144,2417.3333333333335,0.0,06
6171,2026-07-01,202607,6174,P.S. CERRO EL PINO,RIS 4,I-2,LA VICTORIA,2046.0,4.0,13.0,6.0,31.0,18.0,2026-08-04,1482.0,564.0,0.2932551319648094,1.5151515151515151,0.8797653958944281,511.5,72.43401759530792,27.565982404692082,2026,7,4.0,0.0,2243.0,4.0,12.0,560.75,0.22291573785109228,0.0,0.0,78.64467231386536,0.37761149752143824,3.5243048144828144,2299.3333333333335,0.0,07
6171,2026-08-01,202608,6174,P.S. CERRO EL PINO,RIS 4,I-2,LA VICTORIA,1533.0,1.0,13.0,6.0,65.0,0.0,2026-09-04,1302.0,231.0,0.3913894324853229,4.240052185257665,0.0,1533.0,84.93150684931507,15.068493150684931,2026,8,4.0,0.0,2046.0,4.0,13.0,511.5,0.2932551319648094,1.5151515151515151,0.8797653958944281,72.43401759530792,0.3129200632770895,0.9916685099166856,2297.3333333333335,0.0,08
6172,2025-02-01,202502,6175,C.S. EL PORVENIR,RIS 4,I-4,LA VICTORIA,6584.0,4.0,17.0,569.0,982.0,70.0,2025-03-04,6584.0,0.0,8.642162818955043,14.91494532199271,1.06318347509113,1646.0,100.0,0.0,2025,2,4.0,0.0,5630.0,4.0,15.0,1407.5,0.9946714031971581,8.845470692717585,0.0,100.0,0.9946714031971581,8.845470692717585,5630.0,0.0,02
6172,2025-03-01,202503,6175,C.S. EL PORVENIR,RIS 4,I-4,LA VICTORIA,6899.0,4.0,17.0,55.0,0.0,0.0,2025-04-05,6669.0,230.0,0.7972169879692709,0.0,0.0,1724.75,96.66618350485578,3.333816495144224,2025,3,5.0,0.0,6584.0,4.0,17.0,1646.0,8.642162818955043,14.91494532199271,1.06318347509113,100.0,4.8184171110761005,11.880208007355147,6107.0,0.0,03
6172,2025-04-01,202504,6175,C.S. EL PORVENIR,RIS 4,I-4,LA VICTORIA,6972.0,6.0,17.0,75.0,1138.0,410.0,2025-05-05,5910.0,1062.0,1.0757314974182444,16.322432587492827,5.880665519219736,1162.0,84.76764199655766,15.232358003442341,2025,4,5.0,0.0,6899.0,4.0,17.0,1724.75,0.7972169879692709,0.0,0.0,96.66618350485578,3.4780170700404907,7.920138671570098,6371.0,0.0,04
6172,2025-05-01,202505,6175,C.S. EL PORVENIR,RIS 4,I-4,LA VICTORIA,8885.0,6.0,21.0,72.0,1909.0,1191.0,2025-06-04,7778.0,1107.0,0.8103545301069218,21.48564997186269,13.404614518851998,1480.8333333333333,87.54079909960608,12.459200900393922,2025,5,4.0,0.0,6972.0,6.0,17.0,1162.0,1.0757314974182444,16.322432587492827,5.880665519219736,84.76764199655766,3.505037101447519,10.412459303161846,6818.333333333333,0.0,05
6172,2025-06-01,202506,6175,C.S. EL PORVENIR,RIS 4,I-4,LA VICTORIA,6390.0,5.0,17.0,62.0,0.0,0.0,2025-07-05,6012.0,378.0,0.9702660406885759,0.0,0.0,1278.0,94.08450704225352,5.915492957746479,2025,6,5.0,0.0,8885.0,6.0,21.0,1480.8333333333333,0.8103545301069218,21.48564997186269,13.404614518851998,87.54079909960608,0.8944343384981456,12.602694186451837,7585.333333333333,0.0,06
6172,2025-07-01,202507,6175,C.S. EL PORVENIR,RIS 4,I-4,LA VICTORIA,6126.0,6.0,17.0,53.0,523.0,514.0,2025-08-04,5686.0,440.0,0.8651648710414627,8.537381651975188,8.390466862553053,1021.0,92.81749918380673,7.182500816193275,2025,7,4.0,0.0,6390.0,5.0,17.0,1278.0,0.9702660406885759,0.0,0.0,94.08450704225352,0.9521173560712474,12.602694186451837,7415.666666666667,0.0,07
6172,2025-08-01,202508,6175,C.S. EL PORVENIR,RIS 4,I-4,LA VICTORIA,6402.0,6.0,17.0,50.0,769.0,665.0,2025-09-04,5882.0,520.0,0.7810059356451109,12.011871290221805,10.387378944079975,1067.0,91.87753826929085,8.122461730709153,2025,8,4.0,0.0,6126.0,6.0,17.0,1021.0,0.8651648710414627,8.537381651975188,8.390466862553053,92.81749918380673,0.8819284806123201,10.007677207945958,7133.666666666667,0.0,08
6172,2025-09-01,202509,6175,C.S. EL PORVENIR,RIS 4,I-4,LA VICTORIA,7493.0,5.0,19.0,173.0,1681.0,178.0,2025-10-04,7321.0,172.0,2.308821566795676,22.43427198718804,2.375550513812892,1498.6,97.70452422260777,2.295475777392233,2025,9,4.0,0.0,6402.0,6.0,17.0,1067.0,0.7810059356451109,12.011871290221805,10.387378944079975,91.87753826929085,0.8721456157917166,6.849750980732331,6306.0,0.0,09
6172,2025-10-01,202510,6175,C.S. EL PORVENIR,RIS 4,I-4,LA VICTORIA,5193.0,4.0,17.0,186.0,705.0,437.0,2025-11-04,5193.0,0.0,3.5817446562680533,13.575967648757944,8.415174273059888,1298.25,100.0,0.0,2025,10,4.0,0.0,7493.0,5.0,19.0,1498.6,2.308821566795676,22.43427198718804,2.375550513812892,97.70452422260777,1.31833079116075,14.327841643128345,6673.666666666667,0.0,10
6172,2025-11-01,202511,6175,C.S. EL PORVENIR,RIS 4,I-4,LA VICTORIA,5872.0,5.0,19.0,153.0,728.0,295.0,2025-12-04,5865.0,7.0,2.6055858310626703,12.397820163487738,5.023841961852861,1174.4,99.8807901907357,0.11920980926430517,2025,11,4.0,0.0,5193.0,4.0,17.0,1298.25,3.5817446562680533,13.575967648757944,8.415174273059888,100.0,2.2238573862362805,16.007370308722596,6362.666666666667,0.0,11
6172,2025-12-01,202512,6175,C.S. EL PORVENIR,RIS 4,I-4,LA VICTORIA,4060.0,4.0,16.0,40.0,212.0,212.0,2026-01-05,4060.0,0.0,0.9852216748768473,5.221674876847291,5.221674876847291,1015.0,100.0,0.0,2025,12,5.0,0.0,5872.0,5.0,19.0,1174.4,2.6055858310626703,12.397820163487738,5.023841961852861,99.8807901907357,2.8320506847088,16.136019933144574,6186.0,0.0,12
6172,2026-01-01,202601,6175,C.S. EL PORVENIR,RIS 4,I-4,LA VICTORIA,4715.0,4.0,19.0,518.0,483.0,94.0,2026-02-06,4714.0,1.0,10.986214209968187,10.24390243902439,1.9936373276776247,1178.75,99.97879109225875,0.021208907741251327,2026,1,6.0,1.0,4060.0,4.0,16.0,1015.0,0.9852216748768473,5.221674876847291,5.221674876847291,100.0,2.3908507207358567,10.398487563030992,5041.666666666667,0.0,01
6172,2026-02-01,202602,6175,C.S. EL PORVENIR,RIS 4,I-4,LA VICTORIA,5969.0,4.0,19.0,81.0,1090.0,225.0,2026-03-04,5968.0,1.0,1.357011224660747,18.261015245434745,3.7694756240576313,1492.25,99.98324677500419,0.016753224995811694,2026,2,4.0,0.0,4715.0,4.0,19.0,1178.75,10.986214209968187,10.24390243902439,1.9936373276776247,99.97879109225875,4.859007238635901,9.287799159786474,4882.333333333333,1.0,02
6172,2026-03-01,202603,6175,C.S. EL PORVENIR,RIS 4,I-4,LA VICTORIA,7088.0,4.0,22.0,1165.0,236.0,48.0,2026-04-05,7079.0,9.0,16.436230248306998,3.329571106094808,0.6772009029345373,1772.0,99.87302483069978,0.12697516930022573,2026,3,5.0,1.0,5969.0,4.0,19.0,1492.25,1.357011224660747,18.261015245434745,3.7694756240576313,99.98324677500419,4.442815703168594,11.242197520435475,4914.666666666667,0.0,03
6172,2026-04-01,202604,6175,C.S. EL PORVENIR,RIS 4,I-4,LA VICTORIA,6655.0,4.0,18.0,154.0,1300.0,500.0,2026-05-05,6024.0,631.0,2.3140495867768593,19.53418482344102,7.513148009015778,1663.75,90.5184072126221,9.481592787377911,2026,4,5.0,0.0,7088.0,4.0,22.0,1772.0,16.436230248306998,3.329571106094808,0.6772009029345373,99.87302483069978,9.593151894311978,10.61149626351798,5924.0,1.0,04
6172,2026-05-01,202605,6175,C.S. EL PORVENIR,RIS 4,I-4,LA VICTORIA,7250.0,6.0,19.0,55.0,1046.0,265.0,2026-06-04,6752.0,498.0,0.7586206896551724,14.427586206896551,3.6551724137931036,1208.3333333333333,93.13103448275862,6.86896551724138,2026,5,4.0,0.0,6655.0,4.0,18.0,1663.75,2.3140495867768593,19.53418482344102,7.513148009015778,90.5184072126221,6.702430353248201,13.708257058323525,6570.666666666667,0.0,05
6172,2026-06-01,202606,6175,C.S. EL PORVENIR,RIS 4,I-4,LA VICTORIA,7295.0,6.0,22.0,901.0,710.0,2.0,2026-07-05,6588.0,707.0,12.350925291295408,9.732693625771075,0.027416038382453736,1215.8333333333333,90.3084304318026,9.691569568197396,2026,6,5.0,1.0,7250.0,6.0,19.0,1208.3333333333333,0.7586206896551724,14.427586206896551,3.6551724137931036,93.13103448275862,6.502966841579677,12.430447378810792,6997.666666666667,0.0,06
6172,2026-07-01,202607,6175,C.S. EL PORVENIR,RIS 4,I-4,LA VICTORIA,6697.0,5.0,22.0,368.0,585.0,491.0,2026-08-04,6392.0,305.0,5.49499776019113,8.735254591608182,7.331641033298492,1339.4,95.44572196505898,4.554278034941018,2026,7,4.0,0.0,7295.0,6.0,22.0,1215.8333333333333,12.350925291295408,9.732693625771075,0.027416038382453736,90.3084304318026,5.141198522575813,14.564821552036214,7066.666666666667,1.0,07
6172,2026-08-01,202608,6175,C.S. EL PORVENIR,RIS 4,I-4,LA VICTORIA,6827.0,5.0,21.0,760.0,1267.0,397.0,2026-09-04,6297.0,530.0,11.132268932181045,18.55866412772814,5.815145744836678,1365.4,92.23670719203164,7.7632928079683605,2026,8,4.0,1.0,6697.0,5.0,22.0,1339.4,5.49499776019113,8.735254591608182,7.331641033298492,95.44572196505898,6.201514580380571,10.96517814142527,7080.666666666667,0.0,08
6173,2025-02-01,202502,6176,C.S. SAN COSME,RIS 4,I-3,LA VICTORIA,4259.0,3.0,11.0,1271.0,565.0,308.0,2025-03-04,4259.0,0.0,29.84268607654379,13.266024888471472,7.231744540972059,1419.6666666666667,100.0,0.0,2025,2,4.0,1.0,3320.0,3.0,10.0,1106.6666666666667,23.253012048192772,16.867469879518072,12.198795180722891,100.0,23.253012048192772,16.867469879518072,3320.0,1.0,02
6173,2025-03-01,202503,6176,C.S. SAN COSME,RIS 4,I-3,LA VICTORIA,3221.0,3.0,13.0,13.0,61.0,0.0,2025-04-05,3216.0,5.0,0.40360136603539276,1.8938217944737659,0.0,1073.6666666666667,99.84476870537101,0.1552312946289972,2025,3,5.0,0.0,4259.0,3.0,11.0,1419.6666666666667,29.84268607654379,13.266024888471472,7.231744540972059,100.0,26.54784906236828,15.066747383994773,3789.5,1.0,03
6173,2025-04-01,202504,6176,C.S. SAN COSME,RIS 4,I-3,LA VICTORIA,3166.0,2.0,16.0,103.0,236.0,203.0,2025-05-05,2569.0,597.0,3.253316487681617,7.454200884396715,6.411876184459886,1583.0,81.14339861023373,18.856601389766265,2025,4,5.0,0.0,3221.0,3.0,13.0,1073.6666666666667,0.40360136603539276,1.8938217944737659,0.0,99.84476870537101,17.833099830257318,10.675772187487771,3600.0,0.0,04
6173,2025-05-01,202505,6176,C.S. SAN COSME,RIS 4,I-3,LA VICTORIA,7361.0,5.0,12.0,1385.0,730.0,226.0,2025-06-04,5467.0,1894.0,18.815378345333514,9.91713082461622,3.070235022415433,1472.2,74.26980029887244,25.730199701127564,2025,5,4.0,1.0,3166.0,2.0,16.0,1583.0,3.253316487681617,7.454200884396715,6.411876184459886,81.14339861023373,11.166534643420265,7.5380158557806505,3548.6666666666665,0.0,05
6173,2025-06-01,202506,6176,C.S. SAN COSME,RIS 4,I-3,LA VICTORIA,3932.0,5.0,10.0,46.0,373.0,13.0,2025-07-05,3015.0,917.0,1.1698880976602237,9.486266531027466,0.3306205493387589,786.4,76.67853509664293,23.32146490335707,2025,6,5.0,0.0,7361.0,5.0,12.0,1472.2,18.815378345333514,9.91713082461622,3.070235022415433,74.26980029887244,7.490765399683507,6.421717834495567,4582.666666666667,1.0,06
6173,2025-07-01,202507,6176,C.S. SAN COSME,RIS 4,I-3,LA VICTORIA,3345.0,4.0,11.0,31.0,225.0,90.0,2025-08-04,2723.0,622.0,0.9267563527653214,6.726457399103139,2.690582959641256,836.25,81.4050822122571,18.5949177877429,2025,7,4.0,0.0,3932.0,5.0,10.0,786.4,1.1698880976602237,9.486266531027466,0.3306205493387589,76.67853509664293,7.746194310225118,8.952532746680134,4819.666666666667,0.0,07
6173,2025-08-01,202508,6176,C.S. SAN COSME,RIS 4,I-3,LA VICTORIA,3613.0,4.0,13.0,314.0,393.0,0.0,2025-09-04,3012.0,601.0,8.690838638250762,10.877387212842514,0.0,903.25,83.3656241350678,16.63437586493219,2025,8,4.0,0.0,3345.0,4.0,11.0,836.25,0.9267563527653214,6.726457399103139,2.690582959641256,81.4050822122571,6.970674265253018,8.70995158491561,4879.333333333333,0.0,08
6173,2025-09-01,202509,6176,C.S. SAN COSME,RIS 4,I-3,LA VICTORIA,4636.0,2.0,13.0,4.0,105.0,5.0,2025-10-04,4240.0,396.0,0.08628127696289906,2.2648835202761,0.10785159620362382,2318.0,91.458153580673,8.541846419327007,2025,9,4.0,0.0,3613.0,4.0,13.0,903.25,8.690838638250762,10.877387212842514,0.0,83.3656241350678,3.5958276962254345,9.030037047657707,3630.0,0.0,09
6173,2025-10-01,202510,6176,C.S. SAN COSME,RIS 4,I-3,LA VICTORIA,3398.0,3.0,11.0,164.0,197.0,48.0,2025-11-04,3136.0,262.0,4.826368452030606,5.797527957622131,1.412595644496763,1132.6666666666667,92.28958210712183,7.710417892878164,2025,10,4.0,0.0,4636.0,2.0,13.0,2318.0,0.08628127696289906,2.2648835202761,0.10785159620362382,91.458153580673,3.2346254226596596,6.622909377407251,3864.6666666666665,0.0,10
6173,2025-11-01,202511,6176,C.S. SAN COSME,RIS 4,I-3,LA VICTORIA,3444.0,3.0,14.0,70.0,800.0,171.0,2025-12-04,3273.0,171.0,2.032520325203252,23.228803716608596,4.965156794425087,1148.0,95.03484320557492,4.965156794425087,2025,11,4.0,0.0,3398.0,3.0,11.0,1132.6666666666667,4.826368452030606,5.797527957622131,1.412595644496763,92.28958210712183,4.534496122414755,6.313266230246916,3882.3333333333335,0.0,11
6173,2025-12-01,202512,6176,C.S. SAN COSME,RIS 4,I-3,LA VICTORIA,3625.0,3.0,14.0,908.0,37.0,19.0,2026-01-05,3350.0,275.0,25.048275862068966,1.0206896551724138,0.5241379310344828,1208.3333333333333,92.41379310344827,7.586206896551724,2025,12,5.0,1.0,3444.0,3.0,14.0,1148.0,2.032520325203252,23.228803716608596,4.965156794425087,95.03484320557492,2.3150566847322516,10.43040506483561,3826.0,0.0,12
6173,2026-01-01,202601,6176,C.S. SAN COSME,RIS 4,I-3,LA VICTORIA,3367.0,3.0,13.0,811.0,314.0,0.0,2026-02-06,3361.0,6.0,24.086724086724086,9.325809325809326,0.0,1122.3333333333333,99.82179982179983,0.1782001782001782,2026,1,6.0,1.0,3625.0,3.0,14.0,1208.3333333333333,25.048275862068966,1.0206896551724138,0.5241379310344828,92.41379310344827,10.635721546434274,10.015673776467715,3489.0,1.0,01
6173,2026-02-01,202602,6176,C.S. SAN COSME,RIS 4,I-3,LA VICTORIA,3781.0,3.0,12.0,886.0,423.0,56.0,2026-03-04,3300.0,481.0,23.432954244908753,11.187516530018513,1.4810896588204179,1260.3333333333333,87.27849775191748,12.721502248082517,2026,2,4.0,1.0,3367.0,3.0,13.0,1122.3333333333333,24.086724086724086,9.325809325809326,0.0,99.82179982179983,17.0558400913321,11.191767565863445,3478.6666666666665,1.0,02
6173,2026-03-01,202603,6176,C.S. SAN COSME,RIS 4,I-3,LA VICTORIA,4371.0,3.0,14.0,1088.0,2.0,0.0,2026-04-05,3847.0,524.0,24.891329215282543,0.04575611988103409,0.0,1457.0,88.01189659116906,11.98810340883093,2026,3,5.0,1.0,3781.0,3.0,12.0,1260.3333333333333,23.432954244908753,11.187516530018513,1.4810896588204179,87.27849775191748,24.18931806456727,7.178005170333418,3591.0,1.0,03
6173,2026-04-01,202604,6176,C.S. SAN COSME,RIS 4,I-3,LA VICTORIA,4053.0,3.0,13.0,369.0,78.0,4.0,2026-05-05,3337.0,716.0,9.104367135455218,1.924500370096225,0.09869232667160129,1351.0,82.33407352578337,17.66592647421663,2026,4,5.0,0.0,4371.0,3.0,14.0,1457.0,24.891329215282543,0.04575611988103409,0.0,88.01189659116906,24.13700251563846,6.853027325236291,3839.6666666666665,1.0,04
6173,2026-05-01,202605,6176,C.S. SAN COSME,RIS 4,I-3,LA VICTORIA,4703.0,5.0,13.0,28.0,155.0,21.0,2026-06-04,3488.0,1215.0,0.5953646608547736,3.295768658303211,0.4465234956410802,940.6,74.16542632362322,25.83457367637678,2026,5,4.0,0.0,4053.0,3.0,13.0,1351.0,9.104367135455218,1.924500370096225,0.09869232667160129,82.33407352578337,19.14288353188217,4.385924339998592,4068.3333333333335,0.0,05
6173,2026-06-01,202606,6176,C.S. SAN COSME,RIS 4,I-3,LA VICTORIA,4246.0,4.0,15.0,147.0,603.0,0.0,2026-07-05,3560.0,686.0,3.462081959491286,14.201601507300989,0.0,1061.5,83.843617522374,16.156382477626,2026,6,5.0,0.0,4703.0,5.0,13.0,940.6,0.5953646608547736,3.295768658303211,0.4465234956410802,74.16542632362322,11.530353670530845,1.755341716093491,4375.666666666667,0.0,06
6173,2026-07-01,202607,6176,C.S. SAN COSME,RIS 4,I-3,LA VICTORIA,4169.0,5.0,15.0,32.0,434.0,367.0,2026-08-04,3320.0,849.0,0.7675701607100024,10.410170304629407,8.80307028064284,833.8,79.63540417366275,20.36459582633725,2026,7,4.0,0.0,4246.0,4.0,15.0,1061.5,3.462081959491286,14.201601507300989,0.0,83.843617522374,4.387271251933758,6.473956845233476,4334.0,0.0,07
6173,2026-08-01,202608,6176,C.S. SAN COSME,RIS 4,I-3,LA VICTORIA,4374.0,3.0,15.0,70.0,695.0,73.0,2026-09-04,3652.0,722.0,1.6003657978966621,15.889346136259716,1.6689529035208048,1458.0,83.493369913123,16.506630086877,2026,8,4.0,0.0,4169.0,5.0,15.0,833.8,0.7675701607100024,10.410170304629407,8.80307028064284,79.63540417366275,1.6083389270186863,9.30251349007787,4372.666666666667,0.0,08
6174,2025-02-01,202502,6177,C.S. SAN LUIS,RIS 4,I-3,SAN LUIS,5403.0,5.0,18.0,1988.0,500.0,210.0,2025-03-04,5390.0,13.0,36.794373496205814,9.254118082546734,3.886729594669628,1080.6,99.75939292985379,0.24060707014621507,2025,2,4.0,1.0,5305.0,4.0,15.0,1326.25,43.864278982092365,15.83411875589067,4.354382657869934,99.66069745523092,43.864278982092365,15.83411875589067,5305.0,1.0,02
6174,2025-03-01,202503,6177,C.S. SAN LUIS,RIS 4,I-3,SAN LUIS,5978.0,5.0,18.0,1204.0,986.0,480.0,2025-04-05,5858.0,120.0,20.140515222482435,16.493810639009702,8.029441284710606,1195.6,97.99263967882234,2.0073603211776514,2025,3,5.0,1.0,5403.0,5.0,18.0,1080.6,36.794373496205814,9.254118082546734,3.886729594669628,99.75939292985379,40.32932623914909,12.544118419218702,5354.0,1.0,03
6174,2025-04-01,202504,6177,C.S. SAN LUIS,RIS 4,I-3,SAN LUIS,6666.0,5.0,18.0,2753.0,410.0,181.0,2025-05-05,5581.0,1085.0,41.2991299129913,6.150615061506151,2.7152715271527152,1333.2,83.72337233723373,16.276627662766277,2025,4,5.0,1.0,5978.0,5.0,18.0,1195.6,20.140515222482435,16.493810639009702,8.029441284710606,97.99263967882234,33.59972256692687,13.860682492482368,5562.0,1.0,04
6174,2025-05-01,202505,6177,C.S. SAN LUIS,RIS 4,I-3,SAN LUIS,9629.0,5.0,18.0,3443.0,1184.0,590.0,2025-06-04,8138.0,1491.0,35.75656869872261,12.296188596946724,6.127323709627168,1925.8,84.51552601516254,15.48447398483747,2025,5,4.0,1.0,6666.0,5.0,18.0,1333.2,41.2991299129913,6.150615061506151,2.7152715271527152,83.72337233723373,32.74467287722651,10.632847927687529,6015.666666666667,1.0,05
6174,2025-06-01,202506,6177,C.S. SAN LUIS,RIS 4,I-3,SAN LUIS,6638.0,4.0,17.0,2582.0,753.0,376.0,2025-07-05,6463.0,175.0,38.89725821030431,11.343778246459777,5.664356733956011,1659.5,97.36366375414282,2.6363362458571857,2025,6,5.0,1.0,9629.0,5.0,18.0,1925.8,35.75656869872261,12.296188596946724,6.127323709627168,84.51552601516254,32.39873794473211,11.646871432487524,7424.333333333333,1.0,06
6174,2025-07-01,202507,6177,C.S. SAN LUIS,RIS 4,I-3,SAN LUIS,5906.0,5.0,18.0,2544.0,537.0,398.0,2025-08-04,5511.0,395.0,43.074839146630545,9.092448357602438,6.738909583474433,1181.2,93.31188621740603,6.688113782593972,2025,7,4.0,1.0,6638.0,4.0,17.0,1659.5,38.89725821030431,11.343778246459777,5.664356733956011,97.36366375414282,38.65098560733941,9.930193968304218,7644.333333333333,1.0,07
6174,2025-08-01,202508,6177,C.S. SAN LUIS,RIS 4,I-3,SAN LUIS,5635.0,3.0,17.0,1620.0,1027.0,531.0,2025-09-04,5589.0,46.0,28.748890860692104,18.225377107364686,9.423247559893523,1878.3333333333333,99.18367346938776,0.8163265306122449,2025,8,4.0,1.0,5906.0,5.0,18.0,1181.2,43.074839146630545,9.092448357602438,6.738909583474433,93.31188621740603,39.24288868521915,10.91080506700298,7391.0,1.0,08
6174,2025-09-01,202509,6177,C.S. SAN LUIS,RIS 4,I-3,SAN LUIS,9079.0,4.0,18.0,4343.0,878.0,210.0,2025-10-04,8835.0,244.0,47.83566472078423,9.670668575834343,2.3130300693909023,2269.75,97.31247934794581,2.6875206520541908,2025,9,4.0,1.0,5635.0,3.0,17.0,1878.3333333333333,28.748890860692104,18.225377107364686,9.423247559893523,99.18367346938776,36.90699607254232,12.887201237142301,6059.666666666667,1.0,09
6174,2025-10-01,202510,6177,C.S. SAN LUIS,RIS 4,I-3,SAN LUIS,5105.0,3.0,17.0,1900.0,1166.0,547.0,2025-11-04,5103.0,2.0,37.218413320274244,22.840352595494615,10.714985308521058,1701.6666666666667,99.96082272282077,0.039177277179236046,2025,10,4.0,1.0,9079.0,4.0,18.0,2269.75,47.83566472078423,9.670668575834343,2.3130300693909023,97.31247934794581,39.88646490936896,12.32949801360049,6873.333333333333,1.0,10
6174,2025-11-01,202511,6177,C.S. SAN LUIS,RIS 4,I-3,SAN LUIS,5878.0,4.0,14.0,2768.0,359.0,127.0,2025-12-04,5809.0,69.0,47.09084722694794,6.107519564477713,2.1605988431439265,1469.5,98.82613133718952,1.1738686628104797,2025,11,4.0,1.0,5105.0,3.0,17.0,1701.6666666666667,37.218413320274244,22.840352595494615,10.714985308521058,99.96082272282077,37.93432296725019,16.91213275956455,6606.333333333333,1.0,11
6174,2025-12-01,202512,6177,C.S. SAN LUIS,RIS 4,I-3,SAN LUIS,3831.0,3.0,16.0,579.0,346.0,27.0,2026-01-05,3831.0,0.0,15.113547376664057,9.031584442704254,0.7047768206734534,1277.0,100.0,0.0,2025,12,5.0,1.0,5878.0,4.0,14.0,1469.5,47.09084722694794,6.107519564477713,2.1605988431439265,98.82613133718952,44.04830842266881,12.872846911935559,6687.333333333333,1.0,12
6174,2026-01-01,202601,6177,C.S. SAN LUIS,RIS 4,I-3,SAN LUIS,4388.0,3.0,17.0,1875.0,738.0,59.0,2026-02-06,4388.0,0.0,42.73017319963537,16.81859617137648,1.3445761166818597,1462.6666666666667,100.0,0.0,2026,1,6.0,1.0,3831.0,3.0,16.0,1277.0,15.113547376664057,9.031584442704254,0.7047768206734534,100.0,33.140935974628746,12.659818867558863,4938.0,1.0,01
6174,2026-02-01,202602,6177,C.S. SAN LUIS,RIS 4,I-3,SAN LUIS,4187.0,3.0,16.0,1220.0,895.0,593.0,2026-03-04,4187.0,0.0,29.137807499402914,21.375686649152136,14.162885120611417,1395.6666666666667,100.0,0.0,2026,2,4.0,1.0,4388.0,3.0,17.0,1462.6666666666667,42.73017319963537,16.81859617137648,1.3445761166818597,100.0,34.97818926774912,10.652566726186151,4699.0,1.0,02
6174,2026-03-01,202603,6177,C.S. SAN LUIS,RIS 4,I-3,SAN LUIS,5498.0,3.0,17.0,2161.0,930.0,0.0,2026-04-05,5498.0,0.0,39.305201891596944,16.91524190614769,0.0,1832.6666666666667,100.0,0.0,2026,3,5.0,1.0,4187.0,3.0,16.0,1395.6666666666667,29.137807499402914,21.375686649152136,14.162885120611417,100.0,28.99384269190078,15.74195575441096,4135.333333333333,1.0,03
6174,2026-04-01,202604,6177,C.S. SAN LUIS,RIS 4,I-3,SAN LUIS,5631.0,2.0,14.0,2051.0,697.0,239.0,2026-05-05,5050.0,581.0,36.42337062688688,12.377908009234595,4.244361569881016,2815.5,89.68211685313443,10.317883146865565,2026,4,5.0,1.0,5498.0,3.0,17.0,1832.6666666666667,39.305201891596944,16.91524190614769,0.0,100.0,37.05772753021174,18.36984157555877,4691.0,1.0,04
6174,2026-05-01,202605,6177,C.S. SAN LUIS,RIS 4,I-3,SAN LUIS,4214.0,3.0,16.0,962.0,1371.0,16.0,2026-06-04,4078.0,136.0,22.828666350261035,32.5344091124822,0.37968675842429994,1404.6666666666667,96.77266255339345,3.2273374466065494,2026,5,4.0,1.0,5631.0,2.0,14.0,2815.5,36.42337062688688,12.377908009234595,4.244361569881016,89.68211685313443,34.955460005962244,16.889612188178145,5105.333333333333,1.0,05
6174,2026-06-01,202606,6177,C.S. SAN LUIS,RIS 4,I-3,SAN LUIS,5464.0,5.0,17.0,2414.0,991.0,125.0,2026-07-05,5378.0,86.0,44.1800878477306,18.136896046852122,2.287701317715959,1092.8,98.42606149341142,1.5739385065885798,2026,6,5.0,1.0,4214.0,3.0,16.0,1404.6666666666667,22.828666350261035,32.5344091124822,0.37968675842429994,96.77266255339345,32.85241295624828,20.609186342621495,5114.333333333333,1.0,06
6174,2026-07-01,202607,6177,C.S. SAN LUIS,RIS 4,I-3,SAN LUIS,5762.0,5.0,16.0,2205.0,942.0,486.0,2026-08-04,5516.0,246.0,38.267962513016315,16.348490107601528,8.434571329399514,1152.4,95.7306490801805,4.269350919819507,2026,7,4.0,1.0,5464.0,5.0,17.0,1092.8,44.1800878477306,18.136896046852122,2.287701317715959,98.42606149341142,34.477374941626174,21.01640438952297,5103.0,1.0,07
6174,2026-08-01,202608,6177,C.S. SAN LUIS,RIS 4,I-3,SAN LUIS,5289.0,3.0,16.0,2077.0,1298.0,160.0,2026-09-04,5118.0,171.0,39.27018339950841,24.541501228965778,3.0251465305350727,1763.0,96.76687464549065,3.233125354509359,2026,8,4.0,1.0,5762.0,5.0,16.0,1152.4,38.267962513016315,16.348490107601528,8.434571329399514,95.7306490801805,35.09223890366932,22.339931755645285,5146.666666666667,1.0,08
6175,2025-02-01,202502,6178,C.S. SURQUILLO,RIS 3,I-4,SURQUILLO,8866.0,5.0,25.0,1583.0,866.0,220.0,2025-03-04,8052.0,814.0,17.85472591924205,9.767651703135574,2.4813895781637716,1773.2,90.81885856079404,9.181141439205955,2025,2,4.0,1.0,8728.0,6.0,25.0,1454.6666666666667,11.560494958753438,8.21494042163153,7.779560036663612,90.61640696608616,11.560494958753438,8.21494042163153,8728.0,1.0,02
6175,2025-03-01,202503,6178,C.S. SURQUILLO,RIS 3,I-4,SURQUILLO,9324.0,10.0,30.0,82.0,411.0,1.0,2025-04-05,8448.0,876.0,0.8794508794508794,4.407979407979408,0.010725010725010725,932.4,90.6048906048906,9.395109395109396,2025,3,5.0,0.0,8866.0,5.0,25.0,1773.2,17.85472591924205,9.767651703135574,2.4813895781637716,90.81885856079404,14.707610438997744,8.991296062383551,8797.0,1.0,03
6175,2025-04-01,202504,6178,C.S. SURQUILLO,RIS 3,I-4,SURQUILLO,8817.0,7.0,24.0,1284.0,521.0,34.0,2025-05-05,7892.0,925.0,14.562776454576387,5.909039355789951,0.3856186911647953,1259.5714285714287,89.50890325507542,10.491096744924578,2025,4,5.0,1.0,9324.0,10.0,30.0,932.4,0.8794508794508794,4.407979407979408,0.010725010725010725,90.6048906048906,10.098223919148788,7.463523844248837,8972.666666666666,0.0,04
6175,2025-05-01,202505,6178,C.S. SURQUILLO,RIS 3,I-4,SURQUILLO,11756.0,6.0,27.0,2277.0,1579.0,810.0,2025-06-04,10194.0,1562.0,19.368832936372915,13.431439265056142,6.890098673018033,1959.3333333333333,86.71316774413066,13.286832255869344,2025,5,4.0,1.0,8817.0,7.0,24.0,1259.5714285714287,14.562776454576387,5.909039355789951,0.3856186911647953,89.50890325507542,11.098984417756439,6.694890155634977,9002.333333333334,1.0,05
6175,2025-06-01,202506,6178,C.S. SURQUILLO,RIS 3,I-4,SURQUILLO,11250.0,7.0,25.0,1358.0,1526.0,1156.0,2025-07-05,9042.0,2208.0,12.071111111111112,13.564444444444444,10.275555555555556,1607.142857142857,80.37333333333333,19.626666666666665,2025,6,5.0,1.0,11756.0,6.0,27.0,1959.3333333333333,19.368832936372915,13.431439265056142,6.890098673018033,86.71316774413066,11.603686756800059,7.916152676275167,9965.666666666666,1.0,06
6175,2025-07-01,202507,6178,C.S. SURQUILLO,RIS 3,I-4,SURQUILLO,9262.0,7.0,28.0,2963.0,1360.0,904.0,2025-08-04,8304.0,958.0,31.990930684517384,14.683653638522998,9.760310947959404,1323.142857142857,89.65666162815806,10.343338371841934,2025,7,4.0,1.0,11250.0,7.0,25.0,1607.142857142857,12.071111111111112,13.564444444444444,10.275555555555556,80.37333333333333,15.334240167353471,10.968307688430178,10607.666666666666,1.0,07
6175,2025-08-01,202508,6178,C.S. SURQUILLO,RIS 3,I-4,SURQUILLO,10195.0,6.0,25.0,2271.0,384.0,1.0,2025-09-04,8560.0,1635.0,22.275625306522805,3.7665522314860227,0.00980872976949485,1699.1666666666667,83.96272682687592,16.03727317312408,2025,8,4.0,1.0,9262.0,7.0,28.0,1323.142857142857,31.990930684517384,14.683653638522998,9.760310947959404,89.65666162815806,21.14362491066714,13.893179116007863,10756.0,1.0,08
6175,2025-09-01,202509,6178,C.S. SURQUILLO,RIS 3,I-4,SURQUILLO,14003.0,7.0,26.0,2191.0,1653.0,760.0,2025-10-04,12417.0,1586.0,15.64664714703992,11.80461329715061,5.4274084124830395,2000.4285714285713,88.67385560237092,11.32614439762908,2025,9,4.0,1.0,10195.0,6.0,25.0,1699.1666666666667,22.275625306522805,3.7665522314860227,0.00980872976949485,83.96272682687592,22.1125557007171,10.67155010481782,10235.666666666666,1.0,09
6175,2025-10-01,202510,6178,C.S. SURQUILLO,RIS 3,I-4,SURQUILLO,10986.0,6.0,24.0,2996.0,1739.0,384.0,2025-11-04,9435.0,1551.0,27.27107227380302,15.829237210995814,3.495357728017477,1831.0,85.8820316766794,14.11796832332059,2025,10,4.0,1.0,14003.0,7.0,26.0,2000.4285714285713,15.64664714703992,11.80461329715061,5.4274084124830395,88.67385560237092,23.3044010460267,10.084939722386544,11153.333333333334,1.0,10
6175,2025-11-01,202511,6178,C.S. SURQUILLO,RIS 3,I-4,SURQUILLO,7232.0,5.0,26.0,207.0,371.0,130.0,2025-12-04,6295.0,937.0,2.862278761061947,5.129977876106195,1.7975663716814159,1446.4,87.04369469026548,12.956305309734514,2025,11,4.0,0.0,10986.0,6.0,24.0,1831.0,27.27107227380302,15.829237210995814,3.495357728017477,85.8820316766794,21.731114909121914,10.466800913210816,11728.0,1.0,11
6175,2025-12-01,202512,6178,C.S. SURQUILLO,RIS 3,I-4,SURQUILLO,6024.0,4.0,23.0,275.0,659.0,0.0,2026-01-05,5120.0,904.0,4.565073041168659,10.939575033200532,0.0,1506.0,84.9933598937583,15.0066401062417,2025,12,5.0,0.0,7232.0,5.0,26.0,1446.4,2.862278761061947,5.129977876106195,1.7975663716814159,87.04369469026548,15.259999393968293,10.921276128084207,10740.333333333334,0.0,12
6175,2026-01-01,202601,6178,C.S. SURQUILLO,RIS 3,I-4,SURQUILLO,6386.0,4.0,24.0,539.0,15.0,2.0,2026-02-06,5393.0,993.0,8.44033823989978,0.23488881929220168,0.03131850923896023,1596.5,84.45036016285624,15.549639837143753,2026,1,6.0,0.0,6024.0,4.0,23.0,1506.0,4.565073041168659,10.939575033200532,0.0,84.9933598937583,11.566141358677875,10.632930040100847,8080.666666666667,0.0,01
6175,2026-02-01,202602,6178,C.S. SURQUILLO,RIS 3,I-4,SURQUILLO,7769.0,4.0,20.0,324.0,1351.0,0.0,2026-03-04,6282.0,1487.0,4.170420903591196,17.389625434418843,0.0,1942.25,80.85982751962929,19.140172480370705,2026,2,4.0,0.0,6386.0,4.0,24.0,1596.5,8.44033823989978,0.23488881929220168,0.03131850923896023,84.45036016285624,5.289230014043462,5.434813909532977,6547.333333333333,0.0,02
6175,2026-03-01,202603,6178,C.S. SURQUILLO,RIS 3,I-4,SURQUILLO,9659.0,5.0,24.0,699.0,130.0,0.0,2026-04-05,7780.0,1879.0,7.236773993166994,1.3458950201884252,0.0,1931.8,80.54664043896884,19.453359561031164,2026,3,5.0,0.0,7769.0,4.0,20.0,1942.25,4.170420903591196,17.389625434418843,0.0,80.85982751962929,5.725277394886544,9.521363095637193,6726.333333333333,0.0,03
6175,2026-04-01,202604,6178,C.S. SURQUILLO,RIS 3,I-4,SURQUILLO,8412.0,4.0,26.0,246.0,1049.0,165.0,2026-05-05,6194.0,2218.0,2.9243937232524964,12.470280551592962,1.9614835948644793,2103.0,73.63290537327627,26.367094626723727,2026,4,5.0,0.0,9659.0,5.0,24.0,1931.8,7.236773993166994,1.3458950201884252,0.0,80.54664043896884,6.615844378885991,6.32346975796649,7938.0,0.0,04
6175,2026-05-01,202605,6178,C.S. SURQUILLO,RIS 3,I-4,SURQUILLO,9349.0,6.0,24.0,374.0,387.0,83.0,2026-06-04,6816.0,2533.0,4.000427853246337,4.139480158305701,0.8877954861482511,1558.1666666666667,72.90619317574073,27.09380682425928,2026,5,4.0,0.0,8412.0,4.0,26.0,2103.0,2.9243937232524964,12.470280551592962,1.9614835948644793,73.63290537327627,4.7771962066702285,10.401933668733411,8613.333333333334,0.0,05
6175,2026-06-01,202606,6178,C.S. SURQUILLO,RIS 3,I-4,SURQUILLO,8655.0,6.0,24.0,408.0,22.0,0.0,2026-07-05,6983.0,1672.0,4.714038128249567,0.2541883304448296,0.0,1442.5,80.68168688619295,19.318313113807047,2026,6,5.0,0.0,9349.0,6.0,24.0,1558.1666666666667,4.000427853246337,4.139480158305701,0.8877954861482511,72.90619317574073,4.720531856555276,5.985218576695696,9140.0,0.0,06
6175,2026-07-01,202607,6178,C.S. SURQUILLO,RIS 3,I-4,SURQUILLO,7800.0,5.0,25.0,425.0,1129.0,87.0,2026-08-04,6160.0,1640.0,5.448717948717949,14.474358974358974,1.1153846153846154,1560.0,78.97435897435898,21.025641025641026,2026,7,4.0,0.0,8655.0,6.0,24.0,1442.5,4.714038128249567,0.2541883304448296,0.0,80.68168688619295,3.8796199015828,5.621316346781164,8805.333333333334,0.0,07
6175,2026-08-01,202608,6178,C.S. SURQUILLO,RIS 3,I-4,SURQUILLO,9235.0,5.0,24.0,250.0,769.0,0.0,2026-09-04,6835.0,2400.0,2.707092582566324,8.327016783974011,0.0,1847.0,74.0119112073633,25.98808879263671,2026,8,4.0,0.0,7800.0,5.0,25.0,1560.0,5.448717948717949,14.474358974358974,1.1153846153846154,78.97435897435898,4.721061310071284,6.289342487703169,8601.333333333334,0.0,08
6176,2025-02-01,202502,6179,C.S. SAN ATANACIO DE PEDREGAL,RIS 3,I-3,SURQUILLO,1952.0,3.0,12.0,895.0,176.0,171.0,2025-03-04,1793.0,159.0,45.85040983606557,9.01639344262295,8.760245901639344,650.6666666666666,91.85450819672131,8.145491803278688,2025,2,4.0,1.0,2310.0,1.0,13.0,2310.0,9.220779220779221,9.220779220779221,3.6796536796536796,94.15584415584415,9.220779220779221,9.220779220779221,2310.0,0.0,02
6176,2025-03-01,202503,6179,C.S. SAN ATANACIO DE PEDREGAL,RIS 3,I-3,SURQUILLO,2736.0,1.0,12.0,981.0,259.0,95.0,2025-04-05,2579.0,157.0,35.85526315789474,9.466374269005849,3.4722222222222223,2736.0,94.26169590643275,5.738304093567251,2025,3,5.0,1.0,1952.0,3.0,12.0,650.6666666666666,45.85040983606557,9.01639344262295,8.760245901639344,91.85450819672131,27.535594528422397,9.118586331701085,2131.0,1.0,03
6176,2025-04-01,202504,6179,C.S. SAN ATANACIO DE PEDREGAL,RIS 3,I-3,SURQUILLO,3240.0,1.0,13.0,725.0,310.0,86.0,2025-05-05,2781.0,459.0,22.376543209876544,9.567901234567902,2.654320987654321,3240.0,85.83333333333333,14.166666666666666,2025,4,5.0,1.0,2736.0,1.0,12.0,2736.0,35.85526315789474,9.466374269005849,3.4722222222222223,94.26169590643275,30.308817404913174,9.234515644136007,2332.6666666666665,1.0,04
6176,2025-05-01,202505,6179,C.S. SAN ATANACIO DE PEDREGAL,RIS 3,I-3,SURQUILLO,3431.0,1.0,14.0,989.0,381.0,219.0,2025-06-04,2293.0,1138.0,28.825415330807346,11.104634217429322,6.382978723404255,3431.0,66.83182745555231,33.168172544447685,2025,5,4.0,1.0,3240.0,1.0,13.0,3240.0,22.376543209876544,9.567901234567902,2.654320987654321,85.83333333333333,34.69407206794562,9.350222982065567,2642.6666666666665,1.0,05
6176,2025-06-01,202506,6179,C.S. SAN ATANACIO DE PEDREGAL,RIS 3,I-3,SURQUILLO,3324.0,3.0,16.0,538.0,446.0,125.0,2025-07-05,2468.0,856.0,16.18531889290012,13.417569193742478,3.760529482551143,1108.0,74.24789410348977,25.75210589651023,2025,6,5.0,1.0,3431.0,1.0,14.0,3431.0,28.825415330807346,11.104634217429322,6.382978723404255,66.83182745555231,29.01907389952621,10.046303240334359,3135.6666666666665,1.0,06
6176,2025-07-01,202507,6179,C.S. SAN ATANACIO DE PEDREGAL,RIS 3,I-3,SURQUILLO,2956.0,4.0,14.0,1395.0,410.0,222.0,2025-08-04,2545.0,411.0,47.19215155615697,13.870094722598106,7.510148849797023,739.0,86.09607577807849,13.903924221921516,2025,7,4.0,1.0,3324.0,3.0,16.0,1108.0,16.18531889290012,13.417569193742478,3.760529482551143,74.24789410348977,22.462425811194674,11.363368215246567,3331.6666666666665,1.0,07
6176,2025-08-01,202508,6179,C.S. SAN ATANACIO DE PEDREGAL,RIS 3,I-3,SURQUILLO,2403.0,1.0,14.0,819.0,144.0,113.0,2025-09-04,2144.0,259.0,34.08239700374532,5.992509363295881,4.702455264253017,2403.0,89.22180607573866,10.77819392426134,2025,8,4.0,1.0,2956.0,4.0,14.0,739.0,47.19215155615697,13.870094722598106,7.510148849797023,86.09607577807849,30.73429525995481,12.797432711256635,3237.0,1.0,08
6176,2025-09-01,202509,6179,C.S. SAN ATANACIO DE PEDREGAL,RIS 3,I-3,SURQUILLO,2449.0,2.0,14.0,385.0,349.0,188.0,2025-10-04,2148.0,301.0,15.720702327480604,14.250714577378522,7.676602694977542,1224.5,87.70926908942425,12.290730910575745,2025,9,4.0,1.0,2403.0,1.0,14.0,2403.0,34.08239700374532,5.992509363295881,4.702455264253017,89.22180607573866,32.48662248426747,11.093391093212155,2894.3333333333335,1.0,09
6176,2025-10-01,202510,6179,C.S. SAN ATANACIO DE PEDREGAL,RIS 3,I-3,SURQUILLO,2161.0,3.0,15.0,462.0,341.0,121.0,2025-11-04,1767.0,394.0,21.378991207774177,15.779731605738084,5.599259602036095,720.3333333333334,81.76770013882462,18.23229986117538,2025,10,4.0,1.0,2449.0,2.0,14.0,1224.5,15.720702327480604,14.250714577378522,7.676602694977542,87.70926908942425,32.3317502957943,11.371106221090836,2602.6666666666665,1.0,10
6176,2025-11-01,202511,6179,C.S. SAN ATANACIO DE PEDREGAL,RIS 3,I-3,SURQUILLO,798.0,1.0,12.0,375.0,54.0,0.0,2025-12-04,572.0,226.0,46.99248120300752,6.7669172932330826,0.0,798.0,71.67919799498746,28.32080200501253,2025,11,4.0,1.0,2161.0,3.0,15.0,720.3333333333334,21.378991207774177,15.779731605738084,5.599259602036095,81.76770013882462,23.727363513000032,12.007651848804164,2337.6666666666665,1.0,11
6176,2025-12-01,202512,6179,C.S. SAN ATANACIO DE PEDREGAL,RIS 3,I-3,SURQUILLO,1068.0,1.0,11.0,465.0,241.0,127.0,2026-01-05,498.0,570.0,43.53932584269663,22.56554307116105,11.891385767790263,1068.0,46.62921348314607,53.37078651685393,2025,12,5.0,1.0,798.0,1.0,12.0,798.0,46.99248120300752,6.7669172932330826,0.0,71.67919799498746,28.0307249127541,12.265787825449896,1802.6666666666667,1.0,12
6176,2026-01-01,202601,6179,C.S. SAN ATANACIO DE PEDREGAL,RIS 3,I-3,SURQUILLO,679.0,2.0,10.0,118.0,7.0,0.0,2026-02-06,509.0,170.0,17.378497790868924,1.0309278350515463,0.0,339.5,74.96318114874816,25.03681885125184,2026,1,6.0,1.0,1068.0,1.0,11.0,1068.0,43.53932584269663,22.56554307116105,11.891385767790263,46.62921348314607,37.303599417826106,15.037397323377405,1342.3333333333333,1.0,01
6176,2026-02-01,202602,6179,C.S. SAN ATANACIO DE PEDREGAL,RIS 3,I-3,SURQUILLO,1543.0,2.0,14.0,66.0,429.0,67.0,2026-03-04,1250.0,293.0,4.277381723914452,27.802981205443942,4.342190537913156,771.5,81.01101749837979,18.98898250162022,2026,2,4.0,0.0,679.0,2.0,10.0,339.5,17.378497790868924,1.0309278350515463,0.0,74.96318114874816,35.97010161219102,10.121129399815226,848.3333333333334,1.0,02
6176,2026-03-01,202603,6179,C.S. SAN ATANACIO DE PEDREGAL,RIS 3,I-3,SURQUILLO,3639.0,2.0,14.0,1106.0,0.0,0.0,2026-04-05,3015.0,624.0,30.39296510030228,0.0,0.0,1819.5,82.85243198680956,17.147568013190437,2026,3,5.0,1.0,1543.0,2.0,14.0,771.5,4.277381723914452,27.802981205443942,4.342190537913156,81.01101749837979,21.731735119160003,17.133150703885512,1096.6666666666667,0.0,03
6176,2026-04-01,202604,6179,C.S. SAN ATANACIO DE PEDREGAL,RIS 3,I-3,SURQUILLO,3994.0,2.0,14.0,461.0,574.0,297.0,2026-05-05,3262.0,732.0,11.542313470205308,14.371557336004006,7.436154231347021,1997.0,81.67250876314472,18.327491236855284,2026,4,5.0,1.0,3639.0,2.0,14.0,1819.5,30.39296510030228,0.0,0.0,82.85243198680956,17.34961487169522,9.611303013498496,1953.6666666666667,1.0,04
6176,2026-05-01,202605,6179,C.S. SAN ATANACIO DE PEDREGAL,RIS 3,I-3,SURQUILLO,4065.0,2.0,15.0,1291.0,7.0,0.0,2026-06-04,3141.0,924.0,31.75891758917589,0.17220172201722017,0.0,2032.5,77.26937269372694,22.730627306273064,2026,5,4.0,1.0,3994.0,2.0,14.0,1997.0,11.542313470205308,14.371557336004006,7.436154231347021,81.67250876314472,15.404220098140682,14.05817951381598,3058.6666666666665,1.0,05
6176,2026-06-01,202606,6179,C.S. SAN ATANACIO DE PEDREGAL,RIS 3,I-3,SURQUILLO,3997.0,3.0,14.0,1631.0,218.0,0.0,2026-07-05,3223.0,774.0,40.80560420315236,5.454090567925944,0.0,1332.3333333333333,80.63547660745559,19.36452339254441,2026,6,5.0,1.0,4065.0,2.0,15.0,2032.5,31.75891758917589,0.17220172201722017,0.0,77.26937269372694,24.56473205322783,4.847919686007075,3899.3333333333335,1.0,06
6176,2026-07-01,202607,6179,C.S. SAN ATANACIO DE PEDREGAL,RIS 3,I-3,SURQUILLO,3376.0,2.0,14.0,970.0,603.0,323.0,2026-08-04,3010.0,366.0,28.732227488151658,17.86137440758294,9.567535545023697,1688.0,89.15876777251185,10.841232227488153,2026,7,4.0,1.0,3997.0,3.0,14.0,1332.3333333333333,40.80560420315236,5.454090567925944,0.0,80.63547660745559,28.035611754177854,6.665949875315724,4018.6666666666665,1.0,07
6176,2026-08-01,202608,6179,C.S. SAN ATANACIO DE PEDREGAL,RIS 3,I-3,SURQUILLO,3599.0,2.0,15.0,1014.0,562.0,226.0,2026-09-04,3206.0,393.0,28.174492914698526,15.615448735759934,6.279522089469297,1799.5,89.08030008335649,10.919699916643513,2026,8,4.0,1.0,3376.0,2.0,14.0,1688.0,28.732227488151658,17.86137440758294,9.567535545023697,89.15876777251185,33.765583093493305,7.829222232508702,3812.6666666666665,1.0,08
6177,2025-02-01,202502,6180,C.S. VILLA VICTORIA PORVENIR,RIS 3,I-3,SURQUILLO,4959.0,3.0,18.0,851.0,671.0,370.0,2025-03-04,4804.0,155.0,17.1607178866707,13.530953821334947,7.461181689856826,1653.0,96.87436983262755,3.1256301673724542,2025,2,4.0,1.0,3539.0,2.0,16.0,1769.5,13.33710087595366,14.636903079966093,9.29641141565414,98.21983611189602,13.33710087595366,14.636903079966093,3539.0,1.0,02
6177,2025-03-01,202503,6180,C.S. VILLA VICTORIA PORVENIR,RIS 3,I-3,SURQUILLO,5993.0,4.0,17.0,423.0,1042.0,241.0,2025-04-05,5974.0,19.0,7.058234607041548,17.386951443350576,4.021358251293176,1498.25,99.68296345736692,0.3170365426330719,2025,3,5.0,0.0,4959.0,3.0,18.0,1653.0,17.1607178866707,13.530953821334947,7.461181689856826,96.87436983262755,15.24890938131218,14.08392845065052,4249.0,1.0,03
6177,2025-04-01,202504,6180,C.S. VILLA VICTORIA PORVENIR,RIS 3,I-3,SURQUILLO,5210.0,4.0,20.0,44.0,869.0,630.0,2025-05-05,4982.0,228.0,0.8445297504798465,16.679462571976966,12.092130518234166,1302.5,95.62380038387715,4.3761996161228405,2025,4,5.0,0.0,5993.0,4.0,17.0,1498.25,7.058234607041548,17.386951443350576,4.021358251293176,99.68296345736692,12.5186844565553,15.184936114883874,4830.333333333333,0.0,04
6177,2025-05-01,202505,6180,C.S. VILLA VICTORIA PORVENIR,RIS 3,I-3,SURQUILLO,6717.0,4.0,17.0,361.0,1366.0,609.0,2025-06-04,6379.0,338.0,5.374423105553074,20.336459729045703,9.066547565877624,1679.25,94.96799166294477,5.032008337055233,2025,5,4.0,0.0,5210.0,4.0,20.0,1302.5,0.8445297504798465,16.679462571976966,12.092130518234166,95.62380038387715,8.354494081397364,15.865789278887496,5387.333333333333,0.0,05
6177,2025-06-01,202506,6180,C.S. VILLA VICTORIA PORVENIR,RIS 3,I-3,SURQUILLO,5360.0,4.0,17.0,9.0,243.0,1.0,2025-07-05,5276.0,84.0,0.16791044776119404,4.5335820895522385,0.018656716417910446,1340.0,98.43283582089552,1.5671641791044777,2025,6,5.0,0.0,6717.0,4.0,17.0,1679.25,5.374423105553074,20.336459729045703,9.066547565877624,94.96799166294477,4.425729154358156,18.134291248124416,5973.333333333333,0.0,06
6177,2025-07-01,202507,6180,C.S. VILLA VICTORIA PORVENIR,RIS 3,I-3,SURQUILLO,5140.0,4.0,20.0,1380.0,249.0,78.0,2025-08-04,4830.0,310.0,26.848249027237355,4.844357976653696,1.517509727626459,1285.0,93.96887159533074,6.031128404669261,2025,7,4.0,1.0,5360.0,4.0,17.0,1340.0,0.16791044776119404,4.5335820895522385,0.018656716417910446,98.43283582089552,2.1289544345980382,13.849834796858303,5762.333333333333,0.0,07
6177,2025-08-01,202508,6180,C.S. VILLA VICTORIA PORVENIR,RIS 3,I-3,SURQUILLO,5573.0,4.0,19.0,670.0,1261.0,483.0,2025-09-04,5451.0,122.0,12.022250134577426,22.626951372689753,8.666786291046115,1393.25,97.81087385609187,2.1891261439081284,2025,8,4.0,1.0,5140.0,4.0,20.0,1285.0,26.848249027237355,4.844357976653696,1.517509727626459,93.96887159533074,10.796860860183875,9.904799931750546,5739.0,1.0,08
6177,2025-09-01,202509,6180,C.S. VILLA VICTORIA PORVENIR,RIS 3,I-3,SURQUILLO,8583.0,4.0,19.0,979.0,1054.0,164.0,2025-10-04,8351.0,232.0,11.40626820459047,12.280088547128043,1.9107538156821624,2145.75,97.29698240708377,2.70301759291623,2025,9,4.0,1.0,5573.0,4.0,19.0,1393.25,12.022250134577426,22.626951372689753,8.666786291046115,97.81087385609187,13.012803203191993,10.668297146298562,5357.666666666667,1.0,09
6177,2025-10-01,202510,6180,C.S. VILLA VICTORIA PORVENIR,RIS 3,I-3,SURQUILLO,7006.0,5.0,17.0,837.0,1186.0,528.0,2025-11-04,6785.0,221.0,11.946902654867257,16.928347131030545,7.536397373679703,1401.2,96.84556094775907,3.1544390522409365,2025,10,4.0,1.0,8583.0,4.0,19.0,2145.75,11.40626820459047,12.280088547128043,1.9107538156821624,97.29698240708377,16.75892245546842,13.250465965490497,6432.0,1.0,10
6177,2025-11-01,202511,6180,C.S. VILLA VICTORIA PORVENIR,RIS 3,I-3,SURQUILLO,6671.0,4.0,18.0,24.0,728.0,135.0,2025-12-04,6660.0,11.0,0.3597661520011992,10.912906610703043,2.0236846050067454,1667.75,99.83510718033278,0.1648928196672163,2025,11,4.0,0.0,7006.0,5.0,17.0,1401.2,11.946902654867257,16.928347131030545,7.536397373679703,96.84556094775907,11.791806998011717,17.27846235028278,7054.0,1.0,11
6177,2025-12-01,202512,6180,C.S. VILLA VICTORIA PORVENIR,RIS 3,I-3,SURQUILLO,5420.0,5.0,19.0,1070.0,267.0,264.0,2026-01-05,5408.0,12.0,19.74169741697417,4.92619926199262,4.870848708487085,1084.0,99.77859778597787,0.22140221402214022,2025,12,5.0,1.0,6671.0,4.0,18.0,1667.75,0.3597661520011992,10.912906610703043,2.0236846050067454,99.83510718033278,7.904312337152976,13.373780762953878,7420.0,0.0,12
6177,2026-01-01,202601,6180,C.S. VILLA VICTORIA PORVENIR,RIS 3,I-3,SURQUILLO,6401.0,4.0,18.0,329.0,856.0,331.0,2026-02-06,6397.0,4.0,5.139821902827683,13.372910482737073,5.171067020778003,1600.25,99.93750976409936,0.062490235900640526,2026,1,6.0,0.0,5420.0,5.0,19.0,1084.0,19.74169741697417,4.92619926199262,4.870848708487085,99.77859778597787,10.682788741280875,10.922484334575403,6365.666666666667,1.0,01
6177,2026-02-01,202602,6180,C.S. VILLA VICTORIA PORVENIR,RIS 3,I-3,SURQUILLO,6505.0,4.0,17.0,1275.0,872.0,191.0,2026-03-04,6336.0,169.0,19.60030745580323,13.405073020753267,2.9362029208301306,1626.25,97.40199846272098,2.598001537279016,2026,2,4.0,1.0,6401.0,4.0,18.0,1600.25,5.139821902827683,13.372910482737073,5.171067020778003,99.93750976409936,8.413761823934351,9.737338785144246,6164.0,0.0,02
6177,2026-03-01,202603,6180,C.S. VILLA VICTORIA PORVENIR,RIS 3,I-3,SURQUILLO,7920.0,5.0,17.0,2517.0,1008.0,353.0,2026-04-05,7886.0,34.0,31.78030303030303,12.727272727272727,4.457070707070707,1584.0,99.57070707070707,0.4292929292929293,2026,3,5.0,1.0,6505.0,4.0,17.0,1626.25,19.60030745580323,13.405073020753267,2.9362029208301306,97.40199846272098,14.827275591868363,10.568060921827653,6108.666666666667,1.0,03
6177,2026-04-01,202604,6180,C.S. VILLA VICTORIA PORVENIR,RIS 3,I-3,SURQUILLO,7953.0,4.0,18.0,2069.0,618.0,435.0,2026-05-05,6985.0,968.0,26.01534012322394,7.770652583930592,5.469634100339494,1988.25,87.82849239280775,12.171507607192254,2026,4,5.0,1.0,7920.0,5.0,17.0,1584.0,31.78030303030303,12.727272727272727,4.457070707070707,99.57070707070707,18.84014412964465,13.168418743587688,6942.0,1.0,04
6177,2026-05-01,202605,6180,C.S. VILLA VICTORIA PORVENIR,RIS 3,I-3,SURQUILLO,7442.0,5.0,18.0,910.0,1109.0,281.0,2026-06-04,7018.0,424.0,12.22789572695512,14.901908089223326,3.775866702499328,1488.4,94.30260682612202,5.69739317387799,2026,5,4.0,1.0,7953.0,4.0,18.0,1988.25,26.01534012322394,7.770652583930592,5.469634100339494,87.82849239280775,25.798650203110068,11.30099944398553,7459.333333333333,1.0,05
6177,2026-06-01,202606,6180,C.S. VILLA VICTORIA PORVENIR,RIS 3,I-3,SURQUILLO,8642.0,5.0,18.0,3005.0,620.0,0.0,2026-07-05,8583.0,59.0,34.77204350844712,7.174265216385096,0.0,1728.4,99.31728766489239,0.682712335107614,2026,6,5.0,1.0,7442.0,5.0,18.0,1488.4,12.22789572695512,14.901908089223326,3.775866702499328,94.30260682612202,23.341179626827365,11.799944466808881,7771.666666666667,1.0,06
6177,2026-07-01,202607,6180,C.S. VILLA VICTORIA PORVENIR,RIS 3,I-3,SURQUILLO,6547.0,4.0,20.0,2189.0,650.0,421.0,2026-08-04,6453.0,94.0,33.43516114250802,9.928211394531846,6.430426149381396,1636.75,98.56422789063693,1.435772109363067,2026,7,4.0,1.0,8642.0,5.0,18.0,1728.4,34.77204350844712,7.174265216385096,0.0,99.31728766489239,24.338426452875392,9.948941963179672,8012.333333333333,1.0,07
6177,2026-08-01,202608,6180,C.S. VILLA VICTORIA PORVENIR,RIS 3,I-3,SURQUILLO,10449.0,4.0,17.0,2081.0,1825.0,803.0,2026-09-04,10251.0,198.0,19.915781414489423,17.46578619963633,7.684945927839984,2612.25,98.10508182601205,1.8949181739879415,2026,8,4.0,1.0,6547.0,4.0,20.0,1636.75,33.43516114250802,9.928211394531846,6.430426149381396,98.56422789063693,26.811700125970088,10.66812823338009,7543.666666666667,1.0,08
6178,2025-02-01,202502,6181,P.S. SAN JUAN MASIAS,RIS 4,I-2,SAN BORJA,1349.0,1.0,16.0,35.0,402.0,190.0,2025-03-04,1250.0,99.0,2.5945144551519643,29.799851742031134,14.084507042253522,1349.0,92.66123054114159,7.338769458858414,2025,2,4.0,0.0,1244.0,1.0,14.0,1244.0,2.572347266881029,21.061093247588424,18.569131832797428,85.28938906752411,2.572347266881029,21.061093247588424,1244.0,0.0,02
6178,2025-03-01,202503,6181,P.S. SAN JUAN MASIAS,RIS 4,I-2,SAN BORJA,1881.0,1.0,14.0,54.0,103.0,0.0,2025-04-05,1730.0,151.0,2.8708133971291865,5.475810738968634,0.0,1881.0,91.97235513024987,8.027644869750134,2025,3,5.0,0.0,1349.0,1.0,16.0,1349.0,2.5945144551519643,29.799851742031134,14.084507042253522,92.66123054114159,2.5834308610164967,25.430472494809777,1296.5,0.0,03
6178,2025-04-01,202504,6181,P.S. SAN JUAN MASIAS,RIS 4,I-2,SAN BORJA,1720.0,2.0,14.0,202.0,310.0,57.0,2025-05-05,1274.0,446.0,11.744186046511627,18.023255813953487,3.313953488372093,860.0,74.06976744186046,25.930232558139537,2025,4,5.0,1.0,1881.0,1.0,14.0,1881.0,2.8708133971291865,5.475810738968634,0.0,91.97235513024987,2.679225039720727,18.778918576196066,1491.3333333333333,0.0,04
6178,2025-05-01,202505,6181,P.S. SAN JUAN MASIAS,RIS 4,I-2,SAN BORJA,2505.0,2.0,14.0,298.0,278.0,213.0,2025-06-04,1936.0,569.0,11.89620758483034,11.097804391217565,8.502994011976048,1252.5,77.28542914171656,22.714570858283434,2025,5,4.0,1.0,1720.0,2.0,14.0,860.0,11.744186046511627,18.023255813953487,3.313953488372093,74.06976744186046,5.736504632930926,17.766306098317752,1650.0,1.0,05
6178,2025-06-01,202506,6181,P.S. SAN JUAN MASIAS,RIS 4,I-2,SAN BORJA,2504.0,2.0,14.0,148.0,5.0,0.0,2025-07-05,2032.0,472.0,5.9105431309904155,0.19968051118210864,0.0,1252.0,81.15015974440895,18.849840255591054,2025,6,5.0,0.0,2505.0,2.0,14.0,1252.5,11.89620758483034,11.097804391217565,8.502994011976048,77.28542914171656,8.837069009490385,11.532290314713228,2035.3333333333333,1.0,06
6178,2025-07-01,202507,6181,P.S. SAN JUAN MASIAS,RIS 4,I-2,SAN BORJA,2576.0,2.0,13.0,249.0,863.0,194.0,2025-08-04,1844.0,732.0,9.666149068322982,33.50155279503105,7.531055900621118,1288.0,71.58385093167702,28.41614906832298,2025,7,4.0,0.0,2504.0,2.0,14.0,1252.0,5.9105431309904155,0.19968051118210864,0.0,81.15015974440895,9.850312254110795,9.773580238784387,2243.0,0.0,07
6178,2025-08-01,202508,6181,P.S. SAN JUAN MASIAS,RIS 4,I-2,SAN BORJA,1983.0,1.0,14.0,75.0,499.0,4.0,2025-09-04,1732.0,251.0,3.7821482602118004,25.163893091275845,0.20171457387796268,1983.0,87.34241048915784,12.657589510842158,2025,8,4.0,0.0,2576.0,2.0,13.0,1288.0,9.666149068322982,33.50155279503105,7.531055900621118,71.58385093167702,9.157633261381244,14.933012565810243,2528.3333333333335,0.0,08
6178,2025-09-01,202509,6181,P.S. SAN JUAN MASIAS,RIS 4,I-2,SAN BORJA,2681.0,1.0,13.0,66.0,423.0,2.0,2025-10-04,2288.0,393.0,2.4617679970160387,15.77769488996643,0.07459903021260723,2681.0,85.34129056322267,14.658709436777322,2025,9,4.0,0.0,1983.0,1.0,14.0,1983.0,3.7821482602118004,25.163893091275845,0.20171457387796268,87.34241048915784,6.452946819841732,19.621708799163002,2354.3333333333335,0.0,09
6178,2025-10-01,202510,6181,P.S. SAN JUAN MASIAS,RIS 4,I-2,SAN BORJA,1628.0,2.0,11.0,200.0,210.0,126.0,2025-11-04,1331.0,297.0,12.285012285012286,12.899262899262899,7.73955773955774,814.0,81.75675675675676,18.243243243243242,2025,10,4.0,1.0,2681.0,1.0,13.0,2681.0,2.4617679970160387,15.77769488996643,0.07459903021260723,85.34129056322267,5.30335510851694,24.814380258757776,2413.3333333333335,0.0,10
6178,2025-11-01,202511,6181,P.S. SAN JUAN MASIAS,RIS 4,I-2,SAN BORJA,1531.0,2.0,12.0,266.0,63.0,63.0,2025-12-04,1071.0,460.0,17.37426518615284,4.11495754408883,4.11495754408883,765.5,69.95427824951012,30.045721750489875,2025,11,4.0,1.0,1628.0,2.0,11.0,814.0,12.285012285012286,12.899262899262899,7.73955773955774,81.75675675675676,6.1763095140800415,17.946950293501725,2097.3333333333335,1.0,11
6178,2025-12-01,202512,6181,P.S. SAN JUAN MASIAS,RIS 4,I-2,SAN BORJA,1691.0,1.0,9.0,84.0,445.0,59.0,2026-01-05,1220.0,471.0,4.967474866942638,26.31578947368421,3.4890597279716142,1691.0,72.14665878178593,27.853341218214073,2025,12,5.0,0.0,1531.0,2.0,12.0,765.5,17.37426518615284,4.11495754408883,4.11495754408883,69.95427824951012,10.707015156060388,10.930638444439387,1946.6666666666667,1.0,12
6178,2026-01-01,202601,6181,P.S. SAN JUAN MASIAS,RIS 4,I-2,SAN BORJA,1619.0,2.0,12.0,548.0,33.0,0.0,2026-02-06,1542.0,77.0,33.84805435453984,2.038295243977764,0.0,809.5,95.24397776405188,4.756022235948116,2026,1,6.0,1.0,1691.0,1.0,9.0,1691.0,4.967474866942638,26.31578947368421,3.4890597279716142,72.14665878178593,11.542250779369255,14.44333663901198,1616.6666666666667,0.0,01
6178,2026-02-01,202602,6181,P.S. SAN JUAN MASIAS,RIS 4,I-2,SAN BORJA,1616.0,1.0,13.0,345.0,347.0,32.0,2026-03-04,1357.0,259.0,21.349009900990097,21.472772277227723,1.9801980198019802,1616.0,83.97277227722772,16.027227722772277,2026,2,4.0,1.0,1619.0,2.0,12.0,809.5,33.84805435453984,2.038295243977764,0.0,95.24397776405188,18.729931469211774,10.823014087250266,1613.6666666666667,1.0,02
6178,2026-03-01,202603,6181,P.S. SAN JUAN MASIAS,RIS 4,I-2,SAN BORJA,1745.0,2.0,13.0,133.0,311.0,109.0,2026-04-05,1499.0,246.0,7.621776504297994,17.822349570200572,6.2464183381088825,872.5,85.9025787965616,14.097421203438396,2026,3,5.0,0.0,1616.0,1.0,13.0,1616.0,21.349009900990097,21.472772277227723,1.9801980198019802,83.97277227722772,20.054846374157524,16.608952331629897,1642.0,1.0,03
6178,2026-04-01,202604,6181,P.S. SAN JUAN MASIAS,RIS 4,I-2,SAN BORJA,3124.0,1.0,12.0,287.0,886.0,169.0,2026-05-05,1789.0,1335.0,9.186939820742637,28.361075544174135,5.409731113956466,3124.0,57.2663252240717,42.7336747759283,2026,4,5.0,0.0,1745.0,2.0,13.0,872.5,7.621776504297994,17.822349570200572,6.2464183381088825,85.9025787965616,20.939613586609312,13.777805697135355,1660.0,0.0,04
6178,2026-05-01,202605,6181,P.S. SAN JUAN MASIAS,RIS 4,I-2,SAN BORJA,2441.0,4.0,10.0,373.0,274.0,66.0,2026-06-04,1382.0,1059.0,15.28062269561655,11.224907824662024,2.7038099139696845,610.25,56.61614092585006,43.38385907414994,2026,5,4.0,1.0,3124.0,1.0,12.0,3124.0,9.186939820742637,28.361075544174135,5.409731113956466,57.2663252240717,12.719242075343578,22.55206579720081,2161.6666666666665,0.0,05
6178,2026-06-01,202606,6181,P.S. SAN JUAN MASIAS,RIS 4,I-2,SAN BORJA,2121.0,4.0,12.0,22.0,446.0,360.0,2026-07-05,1353.0,768.0,1.0372465818010372,21.02781706742103,16.973125884016973,530.25,63.79066478076379,36.20933521923621,2026,6,5.0,0.0,2441.0,4.0,10.0,610.25,15.28062269561655,11.224907824662024,2.7038099139696845,56.61614092585006,10.69644634021906,19.13611097967891,2436.6666666666665,1.0,06
6178,2026-07-01,202607,6181,P.S. SAN JUAN MASIAS,RIS 4,I-2,SAN BORJA,1916.0,1.0,12.0,174.0,197.0,50.0,2026-08-04,1323.0,593.0,9.08141962421712,10.281837160751566,2.6096033402922756,1916.0,69.05010438413362,30.94989561586639,2026,7,4.0,0.0,2121.0,4.0,12.0,530.25,1.0372465818010372,21.02781706742103,16.973125884016973,63.79066478076379,8.501603032720075,20.20460014541906,2562.0,0.0,07
6178,2026-08-01,202608,6181,P.S. SAN JUAN MASIAS,RIS 4,I-2,SAN BORJA,2189.0,3.0,13.0,285.0,407.0,204.0,2026-09-04,1457.0,732.0,13.019643672910005,18.592964824120603,9.319323892188214,729.6666666666666,66.5600730927364,33.43992690726359,2026,8,4.0,1.0,1916.0,1.0,12.0,1916.0,9.08141962421712,10.281837160751566,2.6096033402922756,69.05010438413362,8.466429633878235,14.178187350944873,2159.3333333333335,0.0,08
6180,2025-02-01,202502,6183,C.S. TODOS LOS SANTOS SAN BORJA,RIS 4,I-3,SAN BORJA,5578.0,3.0,16.0,32.0,0.0,0.0,2025-03-04,5283.0,295.0,0.5736823234134099,0.0,0.0,1859.3333333333333,94.71136608103262,5.2886339189673715,2025,2,4.0,0.0,4271.0,3.0,17.0,1423.6666666666667,1.4048232264106766,0.2107234839616015,0.023413720440177945,94.00608756731445,1.4048232264106766,0.2107234839616015,4271.0,0.0,02
6180,2025-03-01,202503,6183,C.S. TODOS LOS SANTOS SAN BORJA,RIS 4,I-3,SAN BORJA,5309.0,5.0,16.0,28.0,0.0,0.0,2025-04-05,4879.0,430.0,0.5274062912036165,0.0,0.0,1061.8,91.90054624223018,8.099453757769824,2025,3,5.0,0.0,5578.0,3.0,16.0,1859.3333333333333,0.5736823234134099,0.0,0.0,94.71136608103262,0.9892527749120432,0.10536174198080075,4924.5,0.0,03
6180,2025-04-01,202504,6183,C.S. TODOS LOS SANTOS SAN BORJA,RIS 4,I-3,SAN BORJA,5780.0,5.0,16.0,151.0,19.0,0.0,2025-05-05,4830.0,950.0,2.612456747404844,0.328719723183391,0.0,1156.0,83.56401384083046,16.43598615916955,2025,4,5.0,0.0,5309.0,5.0,16.0,1061.8,0.5274062912036165,0.0,0.0,91.90054624223018,0.8353039470092343,0.07024116132053383,5052.666666666667,0.0,04
6180,2025-05-01,202505,6183,C.S. TODOS LOS SANTOS SAN BORJA,RIS 4,I-3,SAN BORJA,6381.0,5.0,17.0,104.0,384.0,60.0,2025-06-04,4667.0,1714.0,1.6298385832941544,6.017865538316879,0.9402914903620122,1276.2,73.13900642532518,26.860993574674815,2025,5,4.0,0.0,5780.0,5.0,16.0,1156.0,2.612456747404844,0.328719723183391,0.0,83.56401384083046,1.23784845400729,0.10957324106113032,5555.666666666667,0.0,05
6180,2025-06-01,202506,6183,C.S. TODOS LOS SANTOS SAN BORJA,RIS 4,I-3,SAN BORJA,7137.0,3.0,19.0,49.0,0.0,0.0,2025-07-05,5675.0,1462.0,0.6865629816449489,0.0,0.0,2379.0,79.51520246602213,20.48479753397786,2025,6,5.0,0.0,6381.0,5.0,17.0,1276.2,1.6298385832941544,6.017865538316879,0.9402914903620122,73.13900642532518,1.589900540634205,2.1155284205000897,5823.333333333333,0.0,06
6180,2025-07-01,202507,6183,C.S. TODOS LOS SANTOS SAN BORJA,RIS 4,I-3,SAN BORJA,5985.0,4.0,19.0,50.0,127.0,0.0,2025-08-04,5242.0,743.0,0.835421888053467,2.1219715956558063,0.0,1496.25,87.58563074352548,12.41436925647452,2025,7,4.0,0.0,7137.0,3.0,19.0,2379.0,0.6865629816449489,0.0,0.0,79.51520246602213,1.6429527707813156,2.1155284205000897,6432.666666666667,0.0,07
6180,2025-08-01,202508,6183,C.S. TODOS LOS SANTOS SAN BORJA,RIS 4,I-3,SAN BORJA,6338.0,5.0,18.0,111.0,34.0,0.0,2025-09-04,5396.0,942.0,1.7513411170716315,0.5364468286525718,0.0,1267.6,85.13726727674346,14.862732723256547,2025,8,4.0,0.0,5985.0,4.0,19.0,1496.25,0.835421888053467,2.1219715956558063,0.0,87.58563074352548,1.0506078176641902,2.7132790446575616,6501.0,0.0,08
6180,2025-09-01,202509,6183,C.S. TODOS LOS SANTOS SAN BORJA,RIS 4,I-3,SAN BORJA,6661.0,2.0,19.0,55.0,2.0,0.0,2025-10-04,6187.0,474.0,0.8257018465695841,0.030025521693439423,0.0,3330.5,92.88395135865485,7.116048641345143,2025,9,4.0,0.0,6338.0,5.0,18.0,1267.6,1.7513411170716315,0.5364468286525718,0.0,85.13726727674346,1.0911086622566826,0.8861394747694593,6486.666666666667,0.0,09
6180,2025-10-01,202510,6183,C.S. TODOS LOS SANTOS SAN BORJA,RIS 4,I-3,SAN BORJA,5499.0,3.0,18.0,58.0,69.0,27.0,2025-11-04,4872.0,627.0,1.054737224949991,1.254773595199127,0.4909983633387889,1833.0,88.59792689579923,11.402073104200763,2025,10,4.0,0.0,6661.0,2.0,19.0,3330.5,0.8257018465695841,0.030025521693439423,0.0,92.88395135865485,1.1374882838982276,0.8961479820006059,6328.0,0.0,10
6180,2025-11-01,202511,6183,C.S. TODOS LOS SANTOS SAN BORJA,RIS 4,I-3,SAN BORJA,5240.0,4.0,19.0,10.0,115.0,2.0,2025-12-04,4679.0,561.0,0.19083969465648856,2.1946564885496183,0.03816793893129771,1310.0,89.29389312977099,10.706106870229007,2025,11,4.0,0.0,5499.0,3.0,18.0,1833.0,1.054737224949991,1.254773595199127,0.4909983633387889,88.59792689579923,1.210593396197069,0.6070819818483794,6166.0,0.0,11
6180,2025-12-01,202512,6183,C.S. TODOS LOS SANTOS SAN BORJA,RIS 4,I-3,SAN BORJA,4726.0,3.0,17.0,6.0,2.0,0.0,2026-01-05,4032.0,694.0,0.12695725772323319,0.04231908590774439,0.0,1575.3333333333333,85.3152771900127,14.684722809987305,2025,12,5.0,0.0,5240.0,4.0,19.0,1310.0,0.19083969465648856,2.1946564885496183,0.03816793893129771,89.29389312977099,0.6904262553920213,1.1598185351473949,5800.0,0.0,12
6180,2026-01-01,202601,6183,C.S. TODOS LOS SANTOS SAN BORJA,RIS 4,I-3,SAN BORJA,4104.0,3.0,18.0,4.0,36.0,1.0,2026-02-06,3863.0,241.0,0.09746588693957114,0.8771929824561403,0.024366471734892786,1368.0,94.12768031189084,5.872319688109162,2026,1,6.0,0.0,4726.0,3.0,17.0,1575.3333333333333,0.12695725772323319,0.04231908590774439,0.0,85.3152771900127,0.4575113924432375,1.1639163898854965,5155.0,0.0,01
6180,2026-02-01,202602,6183,C.S. TODOS LOS SANTOS SAN BORJA,RIS 4,I-3,SAN BORJA,5056.0,3.0,16.0,258.0,109.0,0.0,2026-03-04,4445.0,611.0,5.102848101265823,2.1558544303797467,0.0,1685.3333333333333,87.91534810126582,12.084651898734178,2026,2,4.0,0.0,4104.0,3.0,18.0,1368.0,0.09746588693957114,0.8771929824561403,0.024366471734892786,94.12768031189084,0.1384209464397643,1.0380561856378343,4690.0,0.0,02
6180,2026-03-01,202603,6183,C.S. TODOS LOS SANTOS SAN BORJA,RIS 4,I-3,SAN BORJA,6218.0,3.0,17.0,10.0,20.0,0.0,2026-04-05,5403.0,815.0,0.16082341588935348,0.32164683177870695,0.0,2072.6666666666665,86.8928916050177,13.10710839498231,2026,3,5.0,0.0,5056.0,3.0,16.0,1685.3333333333333,5.102848101265823,2.1558544303797467,0.0,87.91534810126582,1.7757570819762092,1.025122166247877,4628.666666666667,0.0,03
6180,2026-04-01,202604,6183,C.S. TODOS LOS SANTOS SAN BORJA,RIS 4,I-3,SAN BORJA,5375.0,3.0,18.0,3.0,17.0,0.0,2026-05-05,4373.0,1002.0,0.05581395348837209,0.31627906976744186,0.0,1791.6666666666667,81.35813953488372,18.641860465116277,2026,4,5.0,0.0,6218.0,3.0,17.0,2072.6666666666665,0.16082341588935348,0.32164683177870695,0.0,86.8928916050177,1.787045801364916,1.1182314148715313,5126.0,0.0,04
6180,2026-05-01,202605,6183,C.S. TODOS LOS SANTOS SAN BORJA,RIS 4,I-3,SAN BORJA,4727.0,4.0,17.0,11.0,17.0,0.0,2026-06-04,4049.0,678.0,0.23270573302305902,0.3596361328538185,0.0,1181.75,85.65686481912418,14.34313518087582,2026,5,4.0,0.0,5375.0,3.0,18.0,1791.6666666666667,0.05581395348837209,0.31627906976744186,0.0,81.35813953488372,1.7731618235478495,0.9312601106419653,5549.666666666667,0.0,05
6180,2026-06-01,202606,6183,C.S. TODOS LOS SANTOS SAN BORJA,RIS 4,I-3,SAN BORJA,5700.0,4.0,18.0,1.0,0.0,0.0,2026-07-05,4971.0,729.0,0.017543859649122806,0.0,0.0,1425.0,87.21052631578948,12.789473684210526,2026,6,5.0,0.0,4727.0,4.0,17.0,1181.75,0.23270573302305902,0.3596361328538185,0.0,85.65686481912418,0.14978103413359486,0.3325206781333226,5440.0,0.0,06
6180,2026-07-01,202607,6183,C.S. TODOS LOS SANTOS SAN BORJA,RIS 4,I-3,SAN BORJA,4606.0,3.0,18.0,8.0,9.0,9.0,2026-08-04,4361.0,245.0,0.17368649587494572,0.19539730785931395,0.19539730785931395,1535.3333333333333,94.68085106382979,5.319148936170213,2026,7,4.0,0.0,5700.0,4.0,18.0,1425.0,0.017543859649122806,0.0,0.0,87.21052631578948,0.102021182053518,0.22530506754042032,5267.333333333333,0.0,07
6180,2026-08-01,202608,6183,C.S. TODOS LOS SANTOS SAN BORJA,RIS 4,I-3,SAN BORJA,5373.0,3.0,17.0,14.0,92.0,0.0,2026-09-04,5020.0,353.0,0.2605620696072957,1.7122650288479435,0.0,1791.0,93.43011353061604,6.569886469383957,2026,8,4.0,0.0,4606.0,3.0,18.0,1535.3333333333333,0.17368649587494572,0.19539730785931395,0.19539730785931395,94.68085106382979,0.14131202951570918,0.18501114690437762,5011.0,0.0,08
6181,2025-02-01,202502,6184,C.S. BREÑA,RIS 2,I-3,BREÑA,4204.0,2.0,13.0,50.0,685.0,473.0,2025-03-04,3407.0,797.0,1.1893434823977165,16.294005708848715,11.251189343482398,2102.0,81.0418648905804,18.9581351094196,2025,2,4.0,0.0,4403.0,3.0,14.0,1467.6666666666667,20.645014762661823,5.496252555076085,3.384056325232796,80.17260958437429,20.645014762661823,5.496252555076085,4403.0,1.0,02
6181,2025-03-01,202503,6184,C.S. BREÑA,RIS 2,I-3,BREÑA,4668.0,4.0,15.0,211.0,320.0,0.0,2025-04-05,4219.0,449.0,4.520137103684662,6.855184233076264,0.0,1167.0,90.38131962296487,9.618680377035133,2025,3,5.0,0.0,4204.0,2.0,13.0,2102.0,1.1893434823977165,16.294005708848715,11.251189343482398,81.0418648905804,10.91717912252977,10.895129131962399,4303.5,0.0,03
6181,2025-04-01,202504,6184,C.S. BREÑA,RIS 2,I-3,BREÑA,5677.0,3.0,16.0,31.0,782.0,397.0,2025-05-05,4804.0,873.0,0.5460630614761317,13.774881099172099,6.993130174387881,1892.3333333333333,84.62215959133346,15.377840408666549,2025,4,5.0,0.0,4668.0,4.0,15.0,1167.0,4.520137103684662,6.855184233076264,0.0,90.38131962296487,8.784831782914734,9.548480832333688,4425.0,0.0,04
6181,2025-05-01,202505,6184,C.S. BREÑA,RIS 2,I-3,BREÑA,7978.0,3.0,15.0,661.0,894.0,119.0,2025-06-04,6497.0,1481.0,8.285284532464276,11.205815993983455,1.4916019052394083,2659.3333333333335,81.43645023815493,18.563549761845074,2025,5,4.0,0.0,5677.0,3.0,16.0,1892.3333333333333,0.5460630614761317,13.774881099172099,6.993130174387881,84.62215959133346,2.085181215852837,12.308023680365693,4849.666666666667,0.0,05
6181,2025-06-01,202506,6184,C.S. BREÑA,RIS 2,I-3,BREÑA,8907.0,3.0,16.0,1062.0,1173.0,221.0,2025-07-05,6006.0,2901.0,11.923206466823846,13.169417312226338,2.481194566071629,2969.0,67.43011114853486,32.56988885146514,2025,6,5.0,1.0,7978.0,3.0,15.0,2659.3333333333335,8.285284532464276,11.205815993983455,1.4916019052394083,81.43645023815493,4.450494899208357,10.611960442077272,6107.666666666667,0.0,06
6181,2025-07-01,202507,6184,C.S. BREÑA,RIS 2,I-3,BREÑA,8187.0,5.0,14.0,914.0,1423.0,662.0,2025-08-04,6244.0,1943.0,11.164040552094784,17.381214119946257,8.085989984121168,1637.4,76.26725296201295,23.732747037987053,2025,7,4.0,1.0,8907.0,3.0,16.0,2969.0,11.923206466823846,13.169417312226338,2.481194566071629,67.43011114853486,6.918184686921418,12.716704801793965,7520.666666666667,1.0,07
6181,2025-08-01,202508,6184,C.S. BREÑA,RIS 2,I-3,BREÑA,7697.0,4.0,17.0,1208.0,1305.0,455.0,2025-09-04,5174.0,2523.0,15.694426399896063,16.954657658828115,5.911394049629726,1924.25,67.2209951929323,32.779004807067686,2025,8,4.0,1.0,8187.0,5.0,14.0,1637.4,11.164040552094784,17.381214119946257,8.085989984121168,76.26725296201295,10.457510517127636,13.918815808718684,8357.333333333334,1.0,08
6181,2025-09-01,202509,6184,C.S. BREÑA,RIS 2,I-3,BREÑA,8648.0,4.0,19.0,722.0,1082.0,0.0,2025-10-04,6815.0,1833.0,8.348751156336725,12.511563367252544,0.0,2162.0,78.80434782608695,21.195652173913043,2025,9,4.0,0.0,7697.0,4.0,17.0,1924.25,15.694426399896063,16.954657658828115,5.911394049629726,67.2209951929323,12.92722447293823,15.835096363666901,8263.666666666666,1.0,09
6181,2025-10-01,202510,6184,C.S. BREÑA,RIS 2,I-3,BREÑA,6181.0,2.0,15.0,431.0,1582.0,697.0,2025-11-04,4803.0,1378.0,6.972981718168581,25.594563986409966,11.276492476945478,3090.5,77.70587283611066,22.29412716388934,2025,10,4.0,0.0,8648.0,4.0,19.0,2162.0,8.348751156336725,12.511563367252544,0.0,78.80434782608695,11.735739369442525,15.615811715342305,8177.333333333333,0.0,10
6181,2025-11-01,202511,6184,C.S. BREÑA,RIS 2,I-3,BREÑA,6762.0,2.0,15.0,246.0,1745.0,719.0,2025-12-04,5460.0,1302.0,3.6379769299023956,25.805974563738538,10.632948831706596,3381.0,80.74534161490683,19.25465838509317,2025,11,4.0,0.0,6181.0,2.0,15.0,3090.5,6.972981718168581,25.594563986409966,11.276492476945478,77.70587283611066,10.33871975813379,18.35359500416354,7508.666666666667,0.0,11
6181,2025-12-01,202512,6184,C.S. BREÑA,RIS 2,I-3,BREÑA,4589.0,3.0,15.0,112.0,253.0,102.0,2026-01-05,3930.0,659.0,2.440618871213772,5.513183700152538,2.2227064719982565,1529.6666666666667,85.63957289169754,14.360427108302462,2025,12,5.0,0.0,6762.0,2.0,15.0,3381.0,3.6379769299023956,25.805974563738538,10.632948831706596,80.74534161490683,6.3199032681359,21.304033972467018,7197.0,0.0,12
6181,2026-01-01,202601,6184,C.S. BREÑA,RIS 2,I-3,BREÑA,5022.0,3.0,14.0,181.0,7.0,7.0,2026-02-06,4337.0,685.0,3.604141776184787,0.13938669852648347,0.13938669852648347,1674.0,86.3600159299084,13.639984070091597,2026,1,6.0,0.0,4589.0,3.0,15.0,1529.6666666666667,2.440618871213772,5.513183700152538,2.2227064719982565,85.63957289169754,4.350525839761583,18.971240750100346,5844.0,0.0,01
6181,2026-02-01,202602,6184,C.S. BREÑA,RIS 2,I-3,BREÑA,6828.0,4.0,15.0,326.0,361.0,5.0,2026-03-04,5916.0,912.0,4.774458113649678,5.2870533099004104,0.07322788517867604,1707.0,86.6432337434095,13.35676625659051,2026,2,4.0,0.0,5022.0,3.0,14.0,1674.0,3.604141776184787,0.13938669852648347,0.13938669852648347,86.3600159299084,3.2275791924336517,10.486181654139186,5457.666666666667,0.0,02
6181,2026-03-01,202603,6184,C.S. BREÑA,RIS 2,I-3,BREÑA,8237.0,3.0,17.0,459.0,456.0,0.0,2026-04-05,6542.0,1695.0,5.572417142163409,5.5359961150904455,0.0,2745.6666666666665,79.42211970377565,20.577880296224354,2026,3,5.0,0.0,6828.0,4.0,15.0,1707.0,4.774458113649678,5.2870533099004104,0.07322788517867604,86.6432337434095,3.6064062536827457,3.646541236193144,5479.666666666667,0.0,03
6181,2026-04-01,202604,6184,C.S. BREÑA,RIS 2,I-3,BREÑA,8460.0,3.0,14.0,653.0,1290.0,366.0,2026-05-05,6924.0,1536.0,7.718676122931442,15.24822695035461,4.326241134751773,2820.0,81.84397163120568,18.156028368794328,2026,4,5.0,0.0,8237.0,3.0,17.0,2745.6666666666665,5.572417142163409,5.5359961150904455,0.0,79.42211970377565,4.650339010665959,3.6541453745057795,6695.666666666667,0.0,04
6181,2026-05-01,202605,6184,C.S. BREÑA,RIS 2,I-3,BREÑA,7062.0,5.0,14.0,58.0,851.0,376.0,2026-06-04,5400.0,1662.0,0.821297082979326,12.05041064854149,5.324270744831493,1412.4,76.46559048428207,23.534409515717925,2026,5,4.0,0.0,8460.0,3.0,14.0,2820.0,7.718676122931442,15.24822695035461,4.326241134751773,81.84397163120568,6.02185045958151,8.69042545844849,7841.666666666667,0.0,05
6181,2026-06-01,202606,6184,C.S. BREÑA,RIS 2,I-3,BREÑA,7479.0,5.0,15.0,304.0,551.0,0.0,2026-07-05,6419.0,1060.0,4.064714534028614,7.367295092926862,0.0,1495.8,85.82698221687392,14.173017783126086,2026,6,5.0,0.0,7062.0,5.0,14.0,1412.4,0.821297082979326,12.05041064854149,5.324270744831493,76.46559048428207,4.704130116024726,10.944877904662183,7919.666666666667,0.0,06
6181,2026-07-01,202607,6184,C.S. BREÑA,RIS 2,I-3,BREÑA,6021.0,5.0,15.0,91.0,769.0,475.0,2026-08-04,4479.0,1542.0,1.5113768476997176,12.77196478990201,7.889054974256768,1204.2,74.38963627304435,25.610363726955654,2026,7,4.0,0.0,7479.0,5.0,15.0,1495.8,4.064714534028614,7.367295092926862,0.0,85.82698221687392,4.201562579979794,11.55531089727432,7667.0,0.0,07
6181,2026-08-01,202608,6184,C.S. BREÑA,RIS 2,I-3,BREÑA,6743.0,5.0,15.0,55.0,743.0,156.0,2026-09-04,5307.0,1436.0,0.8156606851549756,11.018834346729943,2.3135103069850214,1348.6,78.70384102031737,21.296158979682634,2026,8,4.0,0.0,6021.0,5.0,15.0,1204.2,1.5113768476997176,12.77196478990201,7.889054974256768,74.38963627304435,2.132462821569219,10.729890177123453,6854.0,0.0,08
6182,2025-02-01,202502,6185,C.S. CHACRA COLORADA,RIS 2,I-3,BREÑA,3540.0,4.0,14.0,46.0,494.0,152.0,2025-03-04,3539.0,1.0,1.2994350282485876,13.954802259887005,4.293785310734464,885.0,99.97175141242938,0.02824858757062147,2025,2,4.0,0.0,2937.0,5.0,12.0,587.4,7.116104868913857,16.138917262512766,13.789581205311542,99.59141981613892,7.116104868913857,16.138917262512766,2937.0,0.0,02
6182,2025-03-01,202503,6185,C.S. CHACRA COLORADA,RIS 2,I-3,BREÑA,3899.0,5.0,15.0,156.0,452.0,154.0,2025-04-05,3899.0,0.0,4.001025904077968,11.592716081046422,3.949730700179533,779.8,100.0,0.0,2025,3,5.0,0.0,3540.0,4.0,14.0,885.0,1.2994350282485876,13.954802259887005,4.293785310734464,99.97175141242938,4.207769948581222,15.046859761199887,3238.5,0.0,03
6182,2025-04-01,202504,6185,C.S. CHACRA COLORADA,RIS 2,I-3,BREÑA,4461.0,9.0,14.0,96.0,875.0,651.0,2025-05-05,3987.0,474.0,2.151983860121049,19.614436225061645,14.593140551445865,495.6666666666667,89.37457969065233,10.62542030934768,2025,4,5.0,0.0,3899.0,5.0,15.0,779.8,4.001025904077968,11.592716081046422,3.949730700179533,100.0,4.138855267080138,13.895478534482065,3458.6666666666665,0.0,04
6182,2025-05-01,202505,6185,C.S. CHACRA COLORADA,RIS 2,I-3,BREÑA,5482.0,8.0,15.0,7.0,428.0,191.0,2025-06-04,5033.0,449.0,0.12769062385990515,7.807369573148486,3.4841298796059834,685.25,91.80955855527179,8.1904414447282,2025,5,4.0,0.0,4461.0,9.0,14.0,495.6666666666667,2.151983860121049,19.614436225061645,14.593140551445865,89.37457969065233,2.4841482641492014,15.053984855331692,3966.6666666666665,0.0,05
6182,2025-06-01,202506,6185,C.S. CHACRA COLORADA,RIS 2,I-3,BREÑA,4803.0,7.0,15.0,4.0,509.0,248.0,2025-07-05,4201.0,602.0,0.08328128253175099,10.597543202165314,5.163439516968562,686.1428571428571,87.46616697897147,12.533833021028524,2025,6,5.0,0.0,5482.0,8.0,15.0,685.25,0.12769062385990515,7.807369573148486,3.4841298796059834,91.80955855527179,2.093566796019641,13.004840626418853,4614.0,0.0,06
6182,2025-07-01,202507,6185,C.S. CHACRA COLORADA,RIS 2,I-3,BREÑA,3622.0,8.0,17.0,86.0,546.0,527.0,2025-08-04,3263.0,359.0,2.3743787962451686,15.07454445057979,14.54997239094423,452.75,90.08834897846494,9.911651021535064,2025,7,4.0,0.0,4803.0,7.0,15.0,686.1428571428571,0.08328128253175099,10.597543202165314,5.163439516968562,87.46616697897147,0.7876519221709017,12.67311633345848,4915.333333333333,0.0,07
6182,2025-08-01,202508,6185,C.S. CHACRA COLORADA,RIS 2,I-3,BREÑA,3372.0,8.0,16.0,61.0,804.0,301.0,2025-09-04,3316.0,56.0,1.8090154211150653,23.843416370106763,8.926453143534994,421.5,98.33926453143535,1.66073546856465,2025,8,4.0,0.0,3622.0,8.0,17.0,452.75,2.3743787962451686,15.07454445057979,14.54997239094423,90.08834897846494,0.8617835675456083,11.159819075297861,4635.666666666667,0.0,08
6182,2025-09-01,202509,6185,C.S. CHACRA COLORADA,RIS 2,I-3,BREÑA,6102.0,5.0,14.0,18.0,1423.0,681.0,2025-10-04,6014.0,88.0,0.2949852507374631,23.320222877745003,11.160275319567354,1220.4,98.55784988528352,1.4421501147164864,2025,9,4.0,0.0,3372.0,8.0,16.0,421.5,1.8090154211150653,23.843416370106763,8.926453143534994,98.33926453143535,1.4222251666306616,16.50516800761729,3932.3333333333335,0.0,09
6182,2025-10-01,202510,6185,C.S. CHACRA COLORADA,RIS 2,I-3,BREÑA,4258.0,5.0,13.0,1012.0,509.0,346.0,2025-11-04,4254.0,4.0,23.767026773132926,11.953968999530296,8.125880695162047,851.6,99.90605918271488,0.09394081728511038,2025,10,4.0,1.0,6102.0,5.0,14.0,1220.4,0.2949852507374631,23.320222877745003,11.160275319567354,98.55784988528352,1.4927931560325656,20.746061232810515,4365.333333333333,0.0,10
6182,2025-11-01,202511,6185,C.S. CHACRA COLORADA,RIS 2,I-3,BREÑA,4421.0,5.0,12.0,584.0,922.0,424.0,2025-12-04,4407.0,14.0,13.209681067631758,20.855010178692602,9.590590364171002,884.2,99.68332956344719,0.3166704365528161,2025,11,4.0,1.0,4258.0,5.0,13.0,851.6,23.767026773132926,11.953968999530296,8.125880695162047,99.90605918271488,8.623675814995151,19.70586941579402,4577.333333333333,1.0,11
6182,2025-12-01,202512,6185,C.S. CHACRA COLORADA,RIS 2,I-3,BREÑA,2742.0,5.0,13.0,13.0,444.0,87.0,2026-01-05,2729.0,13.0,0.47410649161196206,16.192560175054705,3.1728665207877462,548.4,99.52589350838804,0.47410649161196206,2025,12,5.0,0.0,4421.0,5.0,12.0,884.2,13.209681067631758,20.855010178692602,9.590590364171002,99.68332956344719,12.423897697167382,18.70973401865597,4927.0,1.0,12
6182,2026-01-01,202601,6185,C.S. CHACRA COLORADA,RIS 2,I-3,BREÑA,3128.0,4.0,14.0,8.0,304.0,1.0,2026-02-06,3126.0,2.0,0.2557544757033248,9.718670076726342,0.0319693094629156,782.0,99.93606138107417,0.0639386189258312,2026,1,6.0,0.0,2742.0,5.0,13.0,548.4,0.47410649161196206,16.192560175054705,3.1728665207877462,99.52589350838804,12.483604777458881,16.333846451092537,3807.0,0.0,01
6182,2026-02-01,202602,6185,C.S. CHACRA COLORADA,RIS 2,I-3,BREÑA,3910.0,5.0,10.0,239.0,871.0,305.0,2026-03-04,3893.0,17.0,6.112531969309463,22.276214833759592,7.8005115089514065,782.0,99.56521739130434,0.43478260869565216,2026,2,4.0,0.0,3128.0,4.0,14.0,782.0,0.2557544757033248,9.718670076726342,0.0319693094629156,99.93606138107417,4.646514011649015,15.58874681015788,3430.3333333333335,0.0,02
6182,2026-03-01,202603,6185,C.S. CHACRA COLORADA,RIS 2,I-3,BREÑA,4296.0,5.0,12.0,145.0,755.0,182.0,2026-04-05,4280.0,16.0,3.3752327746741155,17.574487895716945,4.236499068901304,859.2,99.62756052141528,0.37243947858473,2026,3,5.0,0.0,3910.0,5.0,10.0,782.0,6.112531969309463,22.276214833759592,7.8005115089514065,99.56521739130434,2.280797645541583,16.06248169518021,3260.0,0.0,03
6182,2026-04-01,202604,6185,C.S. CHACRA COLORADA,RIS 2,I-3,BREÑA,4766.0,5.0,12.0,81.0,942.0,83.0,2026-05-05,3909.0,857.0,1.6995383969785984,19.765002098195552,1.741502308015107,953.2,82.01846412085607,17.981535879143937,2026,4,5.0,0.0,4296.0,5.0,12.0,859.2,3.3752327746741155,17.574487895716945,4.236499068901304,99.62756052141528,3.247839739895634,16.523124268734293,3778.0,0.0,04
6182,2026-05-01,202605,6185,C.S. CHACRA COLORADA,RIS 2,I-3,BREÑA,4653.0,8.0,13.0,588.0,587.0,180.0,2026-06-04,4003.0,650.0,12.637008381689233,12.61551687083602,3.8684719535783367,581.625,86.03051794541156,13.969482054588438,2026,5,4.0,1.0,4766.0,5.0,12.0,953.2,1.6995383969785984,19.765002098195552,1.741502308015107,82.01846412085607,3.729101046987392,19.87190160922403,4324.0,0.0,05
6182,2026-06-01,202606,6185,C.S. CHACRA COLORADA,RIS 2,I-3,BREÑA,5888.0,6.0,13.0,1266.0,931.0,500.0,2026-07-05,4993.0,895.0,21.501358695652176,15.811820652173912,8.491847826086957,981.3333333333334,84.79959239130434,15.200407608695652,2026,6,5.0,1.0,4653.0,8.0,13.0,581.625,12.637008381689233,12.61551687083602,3.8684719535783367,86.03051794541156,5.90392651778065,16.651668954916172,4571.666666666667,1.0,06
6182,2026-07-01,202607,6185,C.S. CHACRA COLORADA,RIS 2,I-3,BREÑA,5538.0,6.0,14.0,1188.0,1171.0,520.0,2026-08-04,4937.0,601.0,21.451787648970747,21.144817623690862,9.389671361502348,923.0,89.14770675334056,10.852293246659444,2026,7,4.0,1.0,5888.0,6.0,13.0,981.3333333333334,21.501358695652176,15.811820652173912,8.491847826086957,84.79959239130434,11.94596849144,16.06411320706849,5102.333333333333,1.0,07
6182,2026-08-01,202608,6185,C.S. CHACRA COLORADA,RIS 2,I-3,BREÑA,5253.0,4.0,13.0,1406.0,1165.0,570.0,2026-09-04,4781.0,472.0,26.76565771939844,22.177803160098993,10.850942318675044,1313.25,91.01465829050066,8.985341709499334,2026,8,4.0,1.0,5538.0,6.0,14.0,923.0,21.451787648970747,21.144817623690862,9.389671361502348,89.14770675334056,18.530051575437383,16.52405171556693,5359.666666666667,1.0,08
6183,2025-02-01,202502,6186,C.S. CONDE DE LA VEGA BAJA,RIS 1,I-3,LIMA,4974.0,4.0,13.0,61.0,602.0,28.0,2025-03-04,4752.0,222.0,1.22637716123844,12.102935263369522,0.5629272215520708,1243.5,95.53679131483716,4.463208685162847,2025,2,4.0,0.0,4941.0,4.0,13.0,1235.25,2.388180530257033,8.115766039263306,2.59056871078729,97.18680429062942,2.388180530257033,8.115766039263306,4941.0,0.0,02
6183,2025-03-01,202503,6186,C.S. CONDE DE LA VEGA BAJA,RIS 1,I-3,LIMA,5940.0,6.0,14.0,382.0,19.0,12.0,2025-04-05,5725.0,215.0,6.430976430976431,0.31986531986531985,0.20202020202020202,990.0,96.38047138047138,3.6195286195286194,2025,3,5.0,0.0,4974.0,4.0,13.0,1243.5,1.22637716123844,12.102935263369522,0.5629272215520708,95.53679131483716,1.8072788457477365,10.109350651316415,4957.5,0.0,03
6183,2025-04-01,202504,6186,C.S. CONDE DE LA VEGA BAJA,RIS 1,I-3,LIMA,6419.0,6.0,14.0,105.0,121.0,16.0,2025-05-05,5251.0,1168.0,1.6357688113413305,1.8850288206885808,0.24926000934725034,1069.8333333333333,81.80401931765073,18.195980682349276,2025,4,5.0,0.0,5940.0,6.0,14.0,990.0,6.430976430976431,0.31986531986531985,0.20202020202020202,96.38047138047138,3.348511374157301,6.8461888741660495,5285.0,0.0,04
6183,2025-05-01,202505,6186,C.S. CONDE DE LA VEGA BAJA,RIS 1,I-3,LIMA,6782.0,6.0,15.0,43.0,321.0,41.0,2025-06-04,5589.0,1193.0,0.6340312592155706,4.73311707460926,0.6045414332055441,1130.3333333333333,82.40931878501917,17.590681214980833,2025,5,4.0,0.0,6419.0,6.0,14.0,1069.8333333333333,1.6357688113413305,1.8850288206885808,0.24926000934725034,81.80401931765073,3.0977074678520666,4.769276467974474,5777.666666666667,0.0,05
6183,2025-06-01,202506,6186,C.S. CONDE DE LA VEGA BAJA,RIS 1,I-3,LIMA,5185.0,6.0,15.0,5.0,100.0,0.0,2025-07-05,4420.0,765.0,0.09643201542912247,1.9286403085824493,0.0,864.1666666666666,85.24590163934427,14.754098360655737,2025,6,5.0,0.0,6782.0,6.0,15.0,1130.3333333333333,0.6340312592155706,4.73311707460926,0.6045414332055441,82.40931878501917,2.9002588338444437,2.3126704050543867,6380.333333333333,0.0,06
6183,2025-07-01,202507,6186,C.S. CONDE DE LA VEGA BAJA,RIS 1,I-3,LIMA,4916.0,7.0,15.0,39.0,171.0,56.0,2025-08-04,4508.0,408.0,0.7933279088689992,3.4784377542717655,1.1391375101708707,702.2857142857143,91.70056956875509,8.299430431244915,2025,7,4.0,0.0,5185.0,6.0,15.0,864.1666666666666,0.09643201542912247,1.9286403085824493,0.0,85.24590163934427,0.7887440286620078,2.8489287346267633,6128.666666666667,0.0,07
6183,2025-08-01,202508,6186,C.S. CONDE DE LA VEGA BAJA,RIS 1,I-3,LIMA,6069.0,6.0,17.0,38.0,455.0,57.0,2025-09-04,5745.0,324.0,0.6261328060636019,7.497116493656286,0.9391992090954029,1011.5,94.66139396935245,5.338606030647553,2025,8,4.0,0.0,4916.0,7.0,15.0,702.2857142857143,0.7933279088689992,3.4784377542717655,1.1391375101708707,91.70056956875509,0.5079303945045641,3.3800650458211585,5627.666666666667,0.0,08
6183,2025-09-01,202509,6186,C.S. CONDE DE LA VEGA BAJA,RIS 1,I-3,LIMA,7309.0,4.0,21.0,104.0,184.0,0.0,2025-10-04,6925.0,384.0,1.4229032699411683,2.5174442468189904,0.0,1827.25,94.74620331098646,5.253796689013545,2025,9,4.0,0.0,6069.0,6.0,17.0,1011.5,0.6261328060636019,7.497116493656286,0.9391992090954029,94.66139396935245,0.5052975767872412,4.3013981855035,5390.0,0.0,09
6183,2025-10-01,202510,6186,C.S. CONDE DE LA VEGA BAJA,RIS 1,I-3,LIMA,4878.0,6.0,19.0,45.0,597.0,47.0,2025-11-04,4725.0,153.0,0.922509225092251,12.238622386223863,0.963509635096351,813.0,96.86346863468634,3.1365313653136533,2025,10,4.0,0.0,7309.0,4.0,21.0,1827.25,1.4229032699411683,2.5174442468189904,0.0,94.74620331098646,0.9474546616245898,4.497666164915681,6098.0,0.0,10
6183,2025-11-01,202511,6186,C.S. CONDE DE LA VEGA BAJA,RIS 1,I-3,LIMA,4608.0,5.0,14.0,53.0,177.0,8.0,2025-12-04,4524.0,84.0,1.1501736111111112,3.8411458333333335,0.1736111111111111,921.6,98.17708333333333,1.8229166666666667,2025,11,4.0,0.0,4878.0,6.0,19.0,813.0,0.922509225092251,12.238622386223863,0.963509635096351,96.86346863468634,0.9905151003656737,7.417727708899714,6085.333333333333,0.0,11
6183,2025-12-01,202512,6186,C.S. CONDE DE LA VEGA BAJA,RIS 1,I-3,LIMA,3625.0,4.0,14.0,22.0,198.0,178.0,2026-01-05,3588.0,37.0,0.6068965517241379,5.462068965517242,4.910344827586207,906.25,98.97931034482758,1.0206896551724138,2025,12,5.0,0.0,4608.0,5.0,14.0,921.6,1.1501736111111112,3.8411458333333335,0.1736111111111111,98.17708333333333,1.1651953687148435,6.199070822125396,5598.333333333333,0.0,12
6183,2026-01-01,202601,6186,C.S. CONDE DE LA VEGA BAJA,RIS 1,I-3,LIMA,4895.0,5.0,17.0,131.0,103.0,0.0,2026-02-06,4748.0,147.0,2.676200204290092,2.104187946884576,0.0,979.0,96.99693564862105,3.003064351378958,2026,1,6.0,0.0,3625.0,4.0,14.0,906.25,0.6068965517241379,5.462068965517242,4.910344827586207,98.97931034482758,0.8931931293091666,7.180612395024814,4370.333333333333,0.0,01
6183,2026-02-01,202602,6186,C.S. CONDE DE LA VEGA BAJA,RIS 1,I-3,LIMA,5117.0,4.0,17.0,260.0,732.0,135.0,2026-03-04,5007.0,110.0,5.08110220832519,14.305256986515536,2.638264608168849,1279.25,97.85030291186241,2.1496970881375805,2026,2,4.0,0.0,4895.0,5.0,17.0,979.0,2.676200204290092,2.104187946884576,0.0,96.99693564862105,1.4777567890417804,3.8024675819117175,4376.0,0.0,02
6183,2026-03-01,202603,6186,C.S. CONDE DE LA VEGA BAJA,RIS 1,I-3,LIMA,6678.0,5.0,17.0,236.0,80.0,0.0,2026-04-05,6359.0,319.0,3.533992213237496,1.1979634621144055,0.0,1335.6,95.2231206948188,4.776879305181192,2026,3,5.0,0.0,5117.0,4.0,17.0,1279.25,5.08110220832519,14.305256986515536,2.638264608168849,97.85030291186241,2.7880663214464736,7.2905046329724525,4545.666666666667,0.0,03
6183,2026-04-01,202604,6186,C.S. CONDE DE LA VEGA BAJA,RIS 1,I-3,LIMA,7110.0,4.0,17.0,62.0,421.0,71.0,2026-05-05,6342.0,768.0,0.8720112517580872,5.9212376933895925,0.9985935302390999,1777.5,89.19831223628692,10.80168776371308,2026,4,5.0,0.0,6678.0,5.0,17.0,1335.6,3.533992213237496,1.1979634621144055,0.0,95.2231206948188,3.7637648752842594,5.869136131838174,5563.333333333333,0.0,04
6183,2026-05-01,202605,6186,C.S. CONDE DE LA VEGA BAJA,RIS 1,I-3,LIMA,6918.0,7.0,13.0,2.0,351.0,4.0,2026-06-04,6047.0,871.0,0.028910089621277824,5.0737207285342585,0.05782017924255565,988.2857142857143,87.40965596993351,12.590344030066493,2026,5,4.0,0.0,7110.0,4.0,17.0,1777.5,0.8720112517580872,5.9212376933895925,0.9985935302390999,89.19831223628692,3.162368557773591,7.141486047339845,6301.666666666667,0.0,05
6183,2026-06-01,202606,6186,C.S. CONDE DE LA VEGA BAJA,RIS 1,I-3,LIMA,7320.0,6.0,13.0,142.0,8.0,0.0,2026-07-05,6812.0,508.0,1.9398907103825136,0.1092896174863388,0.0,1220.0,93.06010928961749,6.939890710382514,2026,6,5.0,0.0,6918.0,7.0,13.0,988.2857142857143,0.028910089621277824,5.0737207285342585,0.05782017924255565,87.40965596993351,1.4783045182056203,4.064307294679419,6902.0,0.0,06
6183,2026-07-01,202607,6186,C.S. CONDE DE LA VEGA BAJA,RIS 1,I-3,LIMA,6087.0,6.0,15.0,18.0,289.0,36.0,2026-08-04,5444.0,643.0,0.2957121734844751,4.747823229834073,0.5914243469689502,1014.5,89.43650402497126,10.563495975028749,2026,7,4.0,0.0,7320.0,6.0,13.0,1220.0,1.9398907103825136,0.1092896174863388,0.0,93.06010928961749,0.946937350587293,3.7014160131367304,7116.0,0.0,07
6183,2026-08-01,202608,6186,C.S. CONDE DE LA VEGA BAJA,RIS 1,I-3,LIMA,6952.0,6.0,16.0,14.0,354.0,5.0,2026-09-04,6265.0,687.0,0.20138089758342922,5.092059838895282,0.07192174913693901,1158.6666666666667,90.11795166858458,9.88204833141542,2026,8,4.0,0.0,6087.0,6.0,15.0,1014.5,0.2957121734844751,4.747823229834073,0.5914243469689502,89.43650402497126,0.7548376578294221,3.310277858618224,6775.0,0.0,08
6184,2025-02-01,202502,6187,C.S. MIRONES BAJO,RIS 1,I-3,LIMA,4750.0,6.0,17.0,1291.0,417.0,224.0,2025-03-04,4719.0,31.0,27.178947368421053,8.778947368421052,4.71578947368421,791.6666666666666,99.34736842105264,0.6526315789473685,2025,2,4.0,1.0,4972.0,6.0,17.0,828.6666666666666,17.39742558326629,22.063555913113436,12.992759452936443,94.95172968624296,17.39742558326629,22.063555913113436,4972.0,1.0,02
6184,2025-03-01,202503,6187,C.S. MIRONES BAJO,RIS 1,I-3,LIMA,5171.0,7.0,18.0,79.0,290.0,0.0,2025-04-05,5064.0,107.0,1.5277509185844131,5.608199574550377,0.0,738.7142857142857,97.93076774318314,2.0692322568168633,2025,3,5.0,0.0,4750.0,6.0,17.0,791.6666666666666,27.178947368421053,8.778947368421052,4.71578947368421,99.34736842105264,22.288186475843673,15.421251640767245,4861.0,1.0,03
6184,2025-04-01,202504,6187,C.S. MIRONES BAJO,RIS 1,I-3,LIMA,5447.0,6.0,19.0,959.0,782.0,398.0,2025-05-05,4519.0,928.0,17.6060216633009,14.356526528364236,7.306774371213512,907.8333333333334,82.96309895355242,17.036901046447586,2025,4,5.0,1.0,5171.0,7.0,18.0,738.7142857142857,1.5277509185844131,5.608199574550377,0.0,97.93076774318314,15.368041290090586,12.150234285361622,4964.333333333333,0.0,04
6184,2025-05-01,202505,6187,C.S. MIRONES BAJO,RIS 1,I-3,LIMA,6585.0,7.0,16.0,437.0,1211.0,795.0,2025-06-04,5291.0,1294.0,6.636294608959757,18.39028094153379,12.072892938496583,940.7142857142857,80.34927866362946,19.650721336370538,2025,5,4.0,0.0,5447.0,6.0,19.0,907.8333333333334,17.6060216633009,14.356526528364236,7.306774371213512,82.96309895355242,15.43757331676879,9.581224490445221,5122.666666666667,1.0,05
6184,2025-06-01,202506,6187,C.S. MIRONES BAJO,RIS 1,I-3,LIMA,5678.0,5.0,18.0,492.0,749.0,234.0,2025-07-05,4933.0,745.0,8.665022895385698,13.191264529764002,4.121169425854174,1135.6,86.87918281084889,13.12081718915111,2025,6,5.0,0.0,6585.0,7.0,16.0,940.7142857142857,6.636294608959757,18.39028094153379,12.072892938496583,80.34927866362946,8.590022396948356,12.785002348149467,5734.333333333333,0.0,06
6184,2025-07-01,202507,6187,C.S. MIRONES BAJO,RIS 1,I-3,LIMA,5505.0,7.0,18.0,591.0,985.0,515.0,2025-08-04,4808.0,697.0,10.735694822888284,17.892824704813805,9.35513169845595,786.4285714285714,87.33878292461398,12.661217075386013,2025,7,4.0,1.0,5678.0,5.0,18.0,1135.6,8.665022895385698,13.191264529764002,4.121169425854174,86.87918281084889,10.969113055882119,15.31269066655401,5903.333333333333,0.0,07
6184,2025-08-01,202508,6187,C.S. MIRONES BAJO,RIS 1,I-3,LIMA,6877.0,7.0,19.0,1050.0,1795.0,58.0,2025-09-04,6322.0,555.0,15.268285589646649,26.101497746110223,0.8433910135233387,982.4285714285714,91.92962047404392,8.070379525956085,2025,8,4.0,1.0,5505.0,7.0,18.0,786.4285714285714,10.735694822888284,17.892824704813805,9.35513169845595,87.33878292461398,8.679004109077914,16.49145672537053,5922.666666666667,1.0,08
6184,2025-09-01,202509,6187,C.S. MIRONES BAJO,RIS 1,I-3,LIMA,8492.0,6.0,18.0,2509.0,1157.0,0.0,2025-10-04,8031.0,461.0,29.545454545454547,13.624587847385774,0.0,1415.3333333333333,94.57136128120584,5.42863871879416,2025,9,4.0,1.0,6877.0,7.0,19.0,982.4285714285714,15.268285589646649,26.101497746110223,0.8433910135233387,91.92962047404392,11.556334435973545,19.06186232689601,6020.0,1.0,09
6184,2025-10-01,202510,6187,C.S. MIRONES BAJO,RIS 1,I-3,LIMA,6126.0,5.0,18.0,2170.0,1643.0,899.0,2025-11-04,5758.0,368.0,35.422788116225924,26.82011100228534,14.675155076722168,1225.2,93.9928174991838,6.007182500816193,2025,10,4.0,1.0,8492.0,6.0,18.0,1415.3333333333333,29.545454545454547,13.624587847385774,0.0,94.57136128120584,18.516478319329824,19.206303432769936,6958.0,1.0,10
6184,2025-11-01,202511,6187,C.S. MIRONES BAJO,RIS 1,I-3,LIMA,2586.0,2.0,13.0,249.0,447.0,106.0,2025-12-04,2117.0,469.0,9.62877030162413,17.28538283062645,4.098994586233565,1293.0,81.86388244392884,18.136117556071152,2025,11,4.0,0.0,6126.0,5.0,18.0,1225.2,35.422788116225924,26.82011100228534,14.675155076722168,93.9928174991838,26.745509417109037,22.182065531927112,7165.0,1.0,11
6184,2025-12-01,202512,6187,C.S. MIRONES BAJO,RIS 1,I-3,LIMA,2480.0,2.0,12.0,49.0,333.0,154.0,2026-01-05,2154.0,326.0,1.9758064516129032,13.42741935483871,6.209677419354839,1240.0,86.85483870967742,13.14516129032258,2025,12,5.0,0.0,2586.0,2.0,13.0,1293.0,9.62877030162413,17.28538283062645,4.098994586233565,81.86388244392884,24.865670987768198,19.243360560099187,5734.666666666667,0.0,12
6184,2026-01-01,202601,6187,C.S. MIRONES BAJO,RIS 1,I-3,LIMA,2990.0,3.0,13.0,938.0,611.0,463.0,2026-02-06,2587.0,403.0,31.37123745819398,20.434782608695652,15.48494983277592,996.6666666666666,86.52173913043478,13.478260869565217,2026,1,6.0,1.0,2480.0,2.0,12.0,1240.0,1.9758064516129032,13.42741935483871,6.209677419354839,86.85483870967742,15.675788289820986,19.177637729250165,3730.6666666666665,0.0,01
6184,2026-02-01,202602,6187,C.S. MIRONES BAJO,RIS 1,I-3,LIMA,3595.0,3.0,12.0,1318.0,1010.0,395.0,2026-03-04,2809.0,786.0,36.66203059805285,28.094575799721834,10.987482614742698,1198.3333333333333,78.13630041724618,21.863699582753824,2026,2,4.0,1.0,2990.0,3.0,13.0,996.6666666666666,31.37123745819398,20.434782608695652,15.48494983277592,86.52173913043478,14.32527140381034,17.04919493138694,2685.3333333333335,1.0,02
6184,2026-03-01,202603,6187,C.S. MIRONES BAJO,RIS 1,I-3,LIMA,4546.0,2.0,12.0,1358.0,0.0,0.0,2026-04-05,3889.0,657.0,29.87241531016278,0.0,0.0,2273.0,85.54773427188738,14.452265728112627,2026,3,5.0,1.0,3595.0,3.0,12.0,1198.3333333333333,36.66203059805285,28.094575799721834,10.987482614742698,78.13630041724618,23.33635816928658,20.652259254418734,3021.6666666666665,1.0,03
6184,2026-04-01,202604,6187,C.S. MIRONES BAJO,RIS 1,I-3,LIMA,3578.0,3.0,12.0,498.0,443.0,111.0,2026-05-05,2629.0,949.0,13.918390162101733,12.381218557853549,3.102291783119061,1192.6666666666667,73.47680268306317,26.523197316936837,2026,4,5.0,1.0,4546.0,2.0,12.0,2273.0,29.87241531016278,0.0,0.0,85.54773427188738,32.635227788803206,16.17645280280583,3710.3333333333335,1.0,04
6184,2026-05-01,202605,6187,C.S. MIRONES BAJO,RIS 1,I-3,LIMA,3540.0,7.0,12.0,167.0,434.0,0.0,2026-06-04,2638.0,902.0,4.7175141242937855,12.259887005649718,0.0,505.7142857142857,74.51977401129943,25.480225988700564,2026,5,4.0,0.0,3578.0,3.0,12.0,1192.6666666666667,13.918390162101733,12.381218557853549,3.102291783119061,73.47680268306317,26.817612023439125,13.491931452525128,3906.3333333333335,1.0,05
6184,2026-06-01,202606,6187,C.S. MIRONES BAJO,RIS 1,I-3,LIMA,3492.0,4.0,12.0,1068.0,175.0,0.0,2026-07-05,2804.0,688.0,30.584192439862544,5.011454753722795,0.0,873.0,80.29782359679267,19.702176403207332,2026,6,5.0,1.0,3540.0,7.0,12.0,505.7142857142857,4.7175141242937855,12.259887005649718,0.0,74.51977401129943,16.169439865519436,8.213701854501089,3888.0,0.0,06
6184,2026-07-01,202607,6187,C.S. MIRONES BAJO,RIS 1,I-3,LIMA,4285.0,2.0,13.0,1638.0,440.0,82.0,2026-08-04,3814.0,471.0,38.22637106184364,10.268378063010502,1.9136522753792298,2142.5,89.00816802800466,10.991831971995332,2026,7,4.0,1.0,3492.0,4.0,12.0,873.0,30.584192439862544,5.011454753722795,0.0,80.29782359679267,16.40669890875269,9.884186772408688,3536.6666666666665,1.0,07
6184,2026-08-01,202608,6187,C.S. MIRONES BAJO,RIS 1,I-3,LIMA,3157.0,2.0,13.0,200.0,904.0,151.0,2026-09-04,2682.0,475.0,6.335128286347799,28.63477985429205,4.783021856192588,1578.5,84.95407031992397,15.045929680076021,2026,8,4.0,0.0,4285.0,2.0,13.0,2142.5,38.22637106184364,10.268378063010502,1.9136522753792298,89.00816802800466,24.509359208666655,9.179906607461005,3772.3333333333335,1.0,08
6185,2025-02-01,202502,6188,P.S. RESCATE,RIS 1,I-2,LIMA,2407.0,2.0,12.0,19.0,497.0,13.0,2025-03-04,2237.0,170.0,0.7893643539675945,20.648109680099708,0.540091400083091,1203.5,92.93726630660574,7.062733693394267,2025,2,4.0,0.0,2470.0,1.0,12.0,2470.0,4.129554655870446,0.48582995951417,0.0,96.5587044534413,4.129554655870446,0.48582995951417,2470.0,0.0,02
6185,2025-03-01,202503,6188,P.S. RESCATE,RIS 1,I-2,LIMA,2256.0,2.0,11.0,21.0,26.0,24.0,2025-04-05,2160.0,96.0,0.9308510638297872,1.1524822695035462,1.0638297872340425,1128.0,95.74468085106383,4.25531914893617,2025,3,5.0,0.0,2407.0,2.0,12.0,1203.5,0.7893643539675945,20.648109680099708,0.540091400083091,92.93726630660574,2.45945950491902,10.566969819806939,2438.5,0.0,03
6185,2025-04-01,202504,6188,P.S. RESCATE,RIS 1,I-2,LIMA,2972.0,1.0,11.0,17.0,548.0,0.0,2025-05-05,2543.0,429.0,0.5720053835800808,18.438761776581426,0.0,2972.0,85.56527590847914,14.434724091520861,2025,4,5.0,0.0,2256.0,2.0,11.0,1128.0,0.9308510638297872,1.1524822695035462,1.0638297872340425,95.74468085106383,1.9499233578892758,7.428807303039142,2377.6666666666665,0.0,04
6185,2025-05-01,202505,6188,P.S. RESCATE,RIS 1,I-2,LIMA,2967.0,2.0,11.0,30.0,1016.0,0.0,2025-06-04,2562.0,405.0,1.0111223458038423,34.24334344455679,0.0,1483.5,86.34984833164813,13.65015166835187,2025,5,4.0,0.0,2972.0,1.0,11.0,2972.0,0.5720053835800808,18.438761776581426,0.0,85.56527590847914,0.7640736004591542,13.413117908728227,2545.0,0.0,05
6185,2025-06-01,202506,6188,P.S. RESCATE,RIS 1,I-2,LIMA,2373.0,2.0,11.0,13.0,0.0,0.0,2025-07-05,2133.0,240.0,0.5478297513695743,0.0,0.0,1186.5,89.88621997471554,10.11378002528445,2025,6,5.0,0.0,2967.0,2.0,11.0,1483.5,1.0111223458038423,34.24334344455679,0.0,86.34984833164813,0.8379929310712368,17.94486249688059,2731.6666666666665,0.0,06
6185,2025-07-01,202507,6188,P.S. RESCATE,RIS 1,I-2,LIMA,2284.0,2.0,11.0,36.0,634.0,205.0,2025-08-04,2133.0,151.0,1.5761821366024518,27.758318739054292,8.975481611208407,1142.0,93.38879159369527,6.611208406304729,2025,7,4.0,0.0,2373.0,2.0,11.0,1186.5,0.5478297513695743,0.0,0.0,89.88621997471554,0.7103191602511658,17.560701740379407,2770.6666666666665,0.0,07
6185,2025-08-01,202508,6188,P.S. RESCATE,RIS 1,I-2,LIMA,2438.0,1.0,12.0,45.0,860.0,30.0,2025-09-04,2317.0,121.0,1.8457752255947497,35.27481542247744,1.2305168170631666,2438.0,95.0369155045119,4.963084495488105,2025,8,4.0,0.0,2284.0,2.0,11.0,1142.0,1.5761821366024518,27.758318739054292,8.975481611208407,93.38879159369527,1.0450447445919562,20.66722072787036,2541.3333333333335,0.0,08
6185,2025-09-01,202509,6188,P.S. RESCATE,RIS 1,I-2,LIMA,3151.0,1.0,13.0,33.0,189.0,0.0,2025-10-04,3063.0,88.0,1.047286575690257,5.998095842589654,0.0,3151.0,97.20723579815932,2.7927642018406855,2025,9,4.0,0.0,2438.0,1.0,12.0,2438.0,1.8457752255947497,35.27481542247744,1.2305168170631666,95.0369155045119,1.3232623711889253,21.011044720510576,2365.0,0.0,09
6185,2025-10-01,202510,6188,P.S. RESCATE,RIS 1,I-2,LIMA,2409.0,1.0,11.0,23.0,759.0,1.0,2025-11-04,2200.0,209.0,0.9547530095475301,31.506849315068493,0.04151100041511,2409.0,91.32420091324201,8.67579908675799,2025,10,4.0,0.0,3151.0,1.0,13.0,3151.0,1.047286575690257,5.998095842589654,0.0,97.20723579815932,1.4897479792958197,23.010410001373796,2624.3333333333335,0.0,10
6185,2025-11-01,202511,6188,P.S. RESCATE,RIS 1,I-2,LIMA,2457.0,1.0,10.0,9.0,44.0,0.0,2025-12-04,2320.0,137.0,0.3663003663003663,1.7908017908017908,0.0,2457.0,94.42409442409442,5.575905575905576,2025,11,4.0,0.0,2409.0,1.0,11.0,2409.0,0.9547530095475301,31.506849315068493,0.04151100041511,91.32420091324201,1.282604936944179,24.25992019337853,2666.0,0.0,11
6185,2025-12-01,202512,6188,P.S. RESCATE,RIS 1,I-2,LIMA,2033.0,1.0,10.0,13.0,14.0,4.0,2026-01-05,1929.0,104.0,0.6394490900147565,0.6886374815543532,0.19675356615838663,2033.0,94.88440727988194,5.115592720118052,2025,12,5.0,0.0,2457.0,1.0,10.0,2457.0,0.3663003663003663,1.7908017908017908,0.0,94.42409442409442,0.7894466505127178,13.098582316153312,2672.3333333333335,0.0,12
6185,2026-01-01,202601,6188,P.S. RESCATE,RIS 1,I-2,LIMA,2756.0,2.0,11.0,9.0,20.0,0.0,2026-02-06,2650.0,106.0,0.3265602322206096,0.7256894049346879,0.0,1378.0,96.15384615384616,3.8461538461538463,2026,1,6.0,0.0,2033.0,1.0,10.0,2033.0,0.6394490900147565,0.6886374815543532,0.19675356615838663,94.88440727988194,0.6535008219542177,11.328762862474877,2299.6666666666665,0.0,01
6185,2026-02-01,202602,6188,P.S. RESCATE,RIS 1,I-2,LIMA,2411.0,1.0,10.0,18.0,349.0,0.0,2026-03-04,2220.0,191.0,0.7465781833264206,14.475321443384487,0.0,2411.0,92.07797594359187,7.922024056408129,2026,2,4.0,0.0,2756.0,2.0,11.0,1378.0,0.3265602322206096,0.7256894049346879,0.0,96.15384615384616,0.4441032295119109,1.0683762257636082,2415.3333333333335,0.0,02
6185,2026-03-01,202603,6188,P.S. RESCATE,RIS 1,I-2,LIMA,3112.0,2.0,12.0,35.0,0.0,0.0,2026-04-05,2907.0,205.0,1.1246786632390746,0.0,0.0,1556.0,93.41259640102828,6.587403598971722,2026,3,5.0,0.0,2411.0,1.0,10.0,2411.0,0.7465781833264206,14.475321443384487,0.0,92.07797594359187,0.570862501853929,5.296549443291174,2400.0,0.0,03
6185,2026-04-01,202604,6188,P.S. RESCATE,RIS 1,I-2,LIMA,2373.0,1.0,11.0,2.0,1.0,0.0,2026-05-05,2238.0,135.0,0.08428150021070376,0.04214075010535188,0.0,2373.0,94.3109987357775,5.689001264222503,2026,4,5.0,0.0,3112.0,2.0,12.0,1556.0,1.1246786632390746,0.0,0.0,93.41259640102828,0.7326056929287016,5.06700361610639,2759.6666666666665,0.0,04
6185,2026-05-01,202605,6188,P.S. RESCATE,RIS 1,I-2,LIMA,3069.0,3.0,12.0,11.0,773.0,0.0,2026-06-04,2929.0,140.0,0.35842293906810035,25.187357445421963,0.0,1023.0,95.43825350276963,4.561746497230368,2026,5,4.0,0.0,2373.0,1.0,11.0,2373.0,0.08428150021070376,0.04214075010535188,0.0,94.3109987357775,0.6518461155920664,4.8391540644966105,2632.0,0.0,05
6185,2026-06-01,202606,6188,P.S. RESCATE,RIS 1,I-2,LIMA,2942.0,3.0,12.0,10.0,17.0,0.0,2026-07-05,2812.0,130.0,0.3399048266485384,0.5778382053025153,0.0,980.6666666666666,95.581237253569,4.418762746431,2026,6,5.0,0.0,3069.0,3.0,12.0,1023.0,0.35842293906810035,25.187357445421963,0.0,95.43825350276963,0.5224610341726262,8.409832731842435,2851.3333333333335,0.0,06
6185,2026-07-01,202607,6188,P.S. RESCATE,RIS 1,I-2,LIMA,2388.0,1.0,11.0,20.0,216.0,0.0,2026-08-04,2213.0,175.0,0.8375209380234506,9.045226130653266,0.0,2388.0,92.67169179229481,7.328308207705192,2026,7,4.0,0.0,2942.0,3.0,12.0,980.6666666666666,0.3399048266485384,0.5778382053025153,0.0,95.581237253569,0.26086975530911416,8.602445466943275,2794.6666666666665,0.0,07
6185,2026-08-01,202608,6188,P.S. RESCATE,RIS 1,I-2,LIMA,2690.0,2.0,14.0,5.0,844.0,47.0,2026-09-04,2573.0,117.0,0.18587360594795538,31.37546468401487,1.7472118959107807,1345.0,95.65055762081785,4.349442379182156,2026,8,4.0,0.0,2388.0,1.0,11.0,2388.0,0.8375209380234506,9.045226130653266,0.0,92.67169179229481,0.5119495679133631,11.603473927125913,2799.6666666666665,0.0,08
6186,2025-02-01,202502,6189,P.S. PALERMO,RIS 1,I-2,LIMA,1910.0,5.0,11.0,95.0,332.0,14.0,2025-03-04,1785.0,125.0,4.973821989528796,17.38219895287958,0.7329842931937173,382.0,93.45549738219896,6.544502617801047,2025,2,4.0,0.0,1818.0,5.0,11.0,363.6,6.600660066006601,4.070407040704071,2.31023102310231,94.55445544554455,6.600660066006601,4.070407040704071,1818.0,0.0,02
6186,2025-03-01,202503,6189,P.S. PALERMO,RIS 1,I-2,LIMA,1265.0,6.0,13.0,82.0,2.0,1.0,2025-04-05,1194.0,71.0,6.482213438735178,0.15810276679841898,0.07905138339920949,210.83333333333334,94.38735177865613,5.612648221343873,2025,3,5.0,0.0,1910.0,5.0,11.0,382.0,4.973821989528796,17.38219895287958,0.7329842931937173,93.45549738219896,5.787241027767698,10.726302996791826,1864.0,0.0,03
6186,2025-04-01,202504,6189,P.S. PALERMO,RIS 1,I-2,LIMA,1717.0,3.0,12.0,89.0,0.0,0.0,2025-05-05,1399.0,318.0,5.18345952242283,0.0,0.0,572.3333333333334,81.47932440302854,18.52067559697146,2025,4,5.0,0.0,1265.0,6.0,13.0,210.83333333333334,6.482213438735178,0.15810276679841898,0.07905138339920949,94.38735177865613,6.018898498090191,7.203569586794022,1664.3333333333333,0.0,04
6186,2025-05-01,202505,6189,P.S. PALERMO,RIS 1,I-2,LIMA,1844.0,2.0,13.0,40.0,31.0,2.0,2025-06-04,1465.0,379.0,2.1691973969631237,1.6811279826464207,0.10845986984815618,922.0,79.4468546637744,20.553145336225597,2025,5,4.0,0.0,1717.0,3.0,12.0,572.3333333333334,5.18345952242283,0.0,0.0,81.47932440302854,5.546498316895601,5.8467672398926664,1630.6666666666667,0.0,05
6186,2025-06-01,202506,6189,P.S. PALERMO,RIS 1,I-2,LIMA,1410.0,4.0,13.0,23.0,4.0,0.0,2025-07-05,1202.0,208.0,1.6312056737588652,0.28368794326241137,0.0,352.5,85.2482269503546,14.75177304964539,2025,6,5.0,0.0,1844.0,2.0,13.0,922.0,2.1691973969631237,1.6811279826464207,0.10845986984815618,79.4468546637744,4.611623452707044,0.613076916481612,1608.6666666666667,0.0,06
6186,2025-07-01,202507,6189,P.S. PALERMO,RIS 1,I-2,LIMA,1263.0,3.0,13.0,13.0,10.0,1.0,2025-08-04,1147.0,116.0,1.0292953285827395,0.7917656373713381,0.0791765637371338,421.0,90.81551860649247,9.184481393507522,2025,7,4.0,0.0,1410.0,4.0,13.0,352.5,1.6312056737588652,0.28368794326241137,0.0,85.2482269503546,2.994620864381606,0.6549386419696095,1657.0,0.0,07
6186,2025-08-01,202508,6189,P.S. PALERMO,RIS 1,I-2,LIMA,1162.0,3.0,15.0,109.0,234.0,0.0,2025-09-04,926.0,236.0,9.38037865748709,20.137693631669535,0.0,387.3333333333333,79.69018932874354,20.309810671256454,2025,8,4.0,0.0,1263.0,3.0,13.0,421.0,1.0292953285827395,0.7917656373713381,0.0791765637371338,90.81551860649247,1.6098994664349096,0.9188605210933889,1505.6666666666667,0.0,08
6186,2025-09-01,202509,6189,P.S. PALERMO,RIS 1,I-2,LIMA,1460.0,1.0,14.0,25.0,236.0,4.0,2025-10-04,1339.0,121.0,1.7123287671232876,16.164383561643834,0.273972602739726,1460.0,91.71232876712328,8.287671232876713,2025,9,4.0,0.0,1162.0,3.0,15.0,387.3333333333333,9.38037865748709,20.137693631669535,0.0,79.69018932874354,4.013626553276231,7.07104907076776,1278.3333333333333,0.0,09
6186,2025-10-01,202510,6189,P.S. PALERMO,RIS 1,I-2,LIMA,938.0,1.0,10.0,111.0,227.0,4.0,2025-11-04,815.0,123.0,11.83368869936034,24.20042643923241,0.42643923240938164,938.0,86.88699360341151,13.113006396588487,2025,10,4.0,1.0,1460.0,1.0,14.0,1460.0,1.7123287671232876,16.164383561643834,0.273972602739726,91.71232876712328,4.040667584397705,12.364614276894903,1295.0,0.0,10
6186,2025-11-01,202511,6189,P.S. PALERMO,RIS 1,I-2,LIMA,1049.0,1.0,12.0,1.0,99.0,0.0,2025-12-04,892.0,157.0,0.09532888465204957,9.437559580552907,0.0,1049.0,85.03336510962822,14.966634890371783,2025,11,4.0,0.0,938.0,1.0,10.0,938.0,11.83368869936034,24.20042643923241,0.42643923240938164,86.88699360341151,7.642132041323573,20.167501210848588,1186.6666666666667,1.0,11
6186,2025-12-01,202512,6189,P.S. PALERMO,RIS 1,I-2,LIMA,799.0,1.0,11.0,5.0,33.0,0.0,2026-01-05,657.0,142.0,0.6257822277847309,4.130162703379224,0.0,799.0,82.22778473091364,17.77221526908636,2025,12,5.0,0.0,1049.0,1.0,12.0,1049.0,0.09532888465204957,9.437559580552907,0.0,85.03336510962822,4.547115450378559,16.600789860476382,1149.0,0.0,12
6186,2026-01-01,202601,6189,P.S. PALERMO,RIS 1,I-2,LIMA,1238.0,3.0,13.0,147.0,52.0,3.0,2026-02-06,1171.0,67.0,11.873990306946688,4.20032310177706,0.24232633279483037,412.6666666666667,94.58804523424878,5.4119547657512115,2026,1,6.0,1.0,799.0,1.0,11.0,799.0,0.6257822277847309,4.130162703379224,0.0,82.22778473091364,4.18493327059904,12.589382907721513,928.6666666666666,0.0,01
6186,2026-02-01,202602,6189,P.S. PALERMO,RIS 1,I-2,LIMA,1540.0,4.0,13.0,120.0,232.0,0.0,2026-03-04,1386.0,154.0,7.792207792207792,15.064935064935066,0.0,385.0,90.0,10.0,2026,2,4.0,0.0,1238.0,3.0,13.0,412.6666666666667,11.873990306946688,4.20032310177706,0.24232633279483037,94.58804523424878,4.198367139794489,5.922681795236396,1028.6666666666667,1.0,02
6186,2026-03-01,202603,6189,P.S. PALERMO,RIS 1,I-2,LIMA,1358.0,4.0,13.0,142.0,138.0,13.0,2026-04-05,1212.0,146.0,10.456553755522828,10.1620029455081,0.9572901325478645,339.5,89.24889543446244,10.751104565537556,2026,3,5.0,1.0,1540.0,4.0,13.0,385.0,7.792207792207792,15.064935064935066,0.0,90.0,6.76399344231307,7.798473623363782,1192.3333333333333,0.0,03
6186,2026-04-01,202604,6189,P.S. PALERMO,RIS 1,I-2,LIMA,1568.0,5.0,14.0,185.0,23.0,0.0,2026-05-05,1240.0,328.0,11.798469387755102,1.4668367346938775,0.0,313.6,79.08163265306122,20.918367346938776,2026,4,5.0,1.0,1358.0,4.0,13.0,339.5,10.456553755522828,10.1620029455081,0.9572901325478645,89.24889543446244,10.040917284892435,9.80908703740674,1378.6666666666667,1.0,04
6186,2026-05-01,202605,6189,P.S. PALERMO,RIS 1,I-2,LIMA,1516.0,7.0,14.0,524.0,302.0,102.0,2026-06-04,1296.0,220.0,34.56464379947229,19.92084432717678,6.728232189973615,216.57142857142858,85.48812664907652,14.511873350923484,2026,5,4.0,1.0,1568.0,5.0,14.0,313.6,11.798469387755102,1.4668367346938775,0.0,79.08163265306122,10.015743645161907,8.89792491504568,1488.6666666666667,1.0,05
6186,2026-06-01,202606,6189,P.S. PALERMO,RIS 1,I-2,LIMA,950.0,4.0,11.0,431.0,0.0,0.0,2026-07-05,855.0,95.0,45.36842105263158,0.0,0.0,237.5,90.0,10.0,2026,6,5.0,1.0,1516.0,7.0,14.0,216.57142857142858,34.56464379947229,19.92084432717678,6.728232189973615,85.48812664907652,18.93988898091674,10.516561335792918,1480.6666666666667,1.0,06
6186,2026-07-01,202607,6189,P.S. PALERMO,RIS 1,I-2,LIMA,1258.0,1.0,10.0,24.0,109.0,5.0,2026-08-04,1151.0,107.0,1.9077901430842608,8.664546899841017,0.397456279809221,1258.0,91.49443561208267,8.50556438791733,2026,7,4.0,0.0,950.0,4.0,11.0,237.5,45.36842105263158,0.0,0.0,90.0,30.57717807995299,7.129227020623552,1344.6666666666667,1.0,07
6186,2026-08-01,202608,6189,P.S. PALERMO,RIS 1,I-2,LIMA,1046.0,1.0,11.0,44.0,49.0,0.0,2026-09-04,971.0,75.0,4.2065009560229445,4.684512428298279,0.0,1046.0,92.82982791586998,7.170172084130019,2026,8,4.0,0.0,1258.0,1.0,10.0,1258.0,1.9077901430842608,8.664546899841017,0.397456279809221,91.49443561208267,27.280284998396045,9.528463742339264,1241.3333333333333,0.0,08
6187,2025-02-01,202502,6190,P.S. SANTA ROSA,RIS 1,I-2,LIMA,1087.0,2.0,14.0,61.0,109.0,0.0,2025-03-04,1004.0,83.0,5.611775528978841,10.027598896044159,0.0,543.5,92.3643054277829,7.635694572217111,2025,2,4.0,0.0,785.0,1.0,11.0,785.0,1.5286624203821657,0.3821656050955414,0.0,94.14012738853503,1.5286624203821657,0.3821656050955414,785.0,0.0,02
6187,2025-03-01,202503,6190,P.S. SANTA ROSA,RIS 1,I-2,LIMA,1060.0,2.0,13.0,33.0,8.0,8.0,2025-04-05,1006.0,54.0,3.1132075471698113,0.7547169811320755,0.7547169811320755,530.0,94.90566037735849,5.09433962264151,2025,3,5.0,0.0,1087.0,2.0,14.0,543.5,5.611775528978841,10.027598896044159,0.0,92.3643054277829,3.570218974680503,5.204882250569851,936.0,0.0,03
6187,2025-04-01,202504,6190,P.S. SANTA ROSA,RIS 1,I-2,LIMA,945.0,1.0,13.0,21.0,24.0,3.0,2025-05-05,818.0,127.0,2.2222222222222223,2.5396825396825395,0.31746031746031744,945.0,86.56084656084656,13.43915343915344,2025,4,5.0,0.0,1060.0,2.0,13.0,530.0,3.1132075471698113,0.7547169811320755,0.7547169811320755,94.90566037735849,3.417881832176939,3.7214938274239255,977.3333333333334,0.0,04
6187,2025-05-01,202505,6190,P.S. SANTA ROSA,RIS 1,I-2,LIMA,1661.0,2.0,13.0,29.0,288.0,0.0,2025-06-04,1128.0,533.0,1.7459361830222757,17.338952438290185,0.0,830.5,67.9108970499699,32.0891029500301,2025,5,4.0,0.0,945.0,1.0,13.0,945.0,2.2222222222222223,2.5396825396825395,0.31746031746031744,86.56084656084656,3.649068432790292,4.440666138952925,1030.6666666666667,0.0,05
6187,2025-06-01,202506,6190,P.S. SANTA ROSA,RIS 1,I-2,LIMA,881.0,2.0,12.0,12.0,0.0,0.0,2025-07-05,786.0,95.0,1.362088535754824,0.0,0.0,440.5,89.21679909194097,10.783200908059024,2025,6,5.0,0.0,1661.0,2.0,13.0,830.5,1.7459361830222757,17.338952438290185,0.0,67.9108970499699,2.360455317471436,6.877783986368267,1222.0,0.0,06
6187,2025-07-01,202507,6190,P.S. SANTA ROSA,RIS 1,I-2,LIMA,801.0,3.0,14.0,15.0,15.0,0.0,2025-08-04,647.0,154.0,1.8726591760299625,1.8726591760299625,0.0,267.0,80.77403245942571,19.22596754057428,2025,7,4.0,0.0,881.0,2.0,12.0,440.5,1.362088535754824,0.0,0.0,89.21679909194097,1.7767489803331074,6.626211659324241,1162.3333333333333,0.0,07
6187,2025-08-01,202508,6190,P.S. SANTA ROSA,RIS 1,I-2,LIMA,1110.0,3.0,14.0,18.0,22.0,1.0,2025-09-04,851.0,259.0,1.6216216216216217,1.981981981981982,0.09009009009009009,370.0,76.66666666666667,23.333333333333332,2025,8,4.0,0.0,801.0,3.0,14.0,267.0,1.8726591760299625,1.8726591760299625,0.0,80.77403245942571,1.6602279649356875,6.403870538106716,1114.3333333333333,0.0,08
6187,2025-09-01,202509,6190,P.S. SANTA ROSA,RIS 1,I-2,LIMA,1382.0,1.0,13.0,54.0,22.0,18.0,2025-10-04,1295.0,87.0,3.907380607814761,1.5918958031837915,1.3024602026049203,1382.0,93.70477568740955,6.295224312590449,2025,9,4.0,0.0,1110.0,3.0,14.0,370.0,1.6216216216216217,1.981981981981982,0.09009009009009009,76.66666666666667,1.618789777802136,1.2848803860039815,930.6666666666666,0.0,09
6187,2025-10-01,202510,6190,P.S. SANTA ROSA,RIS 1,I-2,LIMA,1009.0,2.0,13.0,28.0,143.0,1.0,2025-11-04,922.0,87.0,2.7750247770069376,14.17244796828543,0.09910802775024777,504.5,91.37760158572844,8.622398414271556,2025,10,4.0,0.0,1382.0,1.0,13.0,1382.0,3.907380607814761,1.5918958031837915,1.3024602026049203,93.70477568740955,2.4672204684887817,1.8155123203985788,1097.6666666666667,0.0,10
6187,2025-11-01,202511,6190,P.S. SANTA ROSA,RIS 1,I-2,LIMA,998.0,3.0,11.0,87.0,174.0,55.0,2025-12-04,907.0,91.0,8.71743486973948,17.43486973947896,5.511022044088176,332.6666666666667,90.8817635270541,9.118236472945892,2025,11,4.0,0.0,1009.0,2.0,13.0,504.5,2.7750247770069376,14.17244796828543,0.09910802775024777,91.37760158572844,2.7680090021477732,5.915441917817067,1167.0,0.0,11
6187,2025-12-01,202512,6190,P.S. SANTA ROSA,RIS 1,I-2,LIMA,1132.0,2.0,11.0,26.0,0.0,0.0,2026-01-05,1068.0,64.0,2.2968197879858656,0.0,0.0,566.0,94.34628975265018,5.6537102473498235,2025,12,5.0,0.0,998.0,3.0,11.0,332.6666666666667,8.71743486973948,17.43486973947896,5.511022044088176,90.8817635270541,5.133280084853726,11.066404503649395,1129.6666666666667,0.0,12
6187,2026-01-01,202601,6190,P.S. SANTA ROSA,RIS 1,I-2,LIMA,1042.0,2.0,12.0,31.0,0.0,0.0,2026-02-06,1000.0,42.0,2.9750479846449136,0.0,0.0,521.0,95.96928982725528,4.030710172744722,2026,1,6.0,0.0,1132.0,2.0,11.0,566.0,2.2968197879858656,0.0,0.0,94.34628975265018,4.596426478244094,10.535772569254798,1046.3333333333333,0.0,01
6187,2026-02-01,202602,6190,P.S. SANTA ROSA,RIS 1,I-2,LIMA,1019.0,2.0,11.0,33.0,36.0,3.0,2026-03-04,808.0,211.0,3.2384690873405297,3.5328753680078506,0.2944062806673209,509.5,79.29342492639843,20.70657507360157,2026,2,4.0,0.0,1042.0,2.0,12.0,521.0,2.9750479846449136,0.0,0.0,95.96928982725528,4.663100880790086,5.811623246492988,1057.3333333333333,0.0,02
6187,2026-03-01,202603,6190,P.S. SANTA ROSA,RIS 1,I-2,LIMA,1177.0,2.0,12.0,115.0,3.0,0.0,2026-04-05,1036.0,141.0,9.770603228547154,0.2548853016142736,0.0,588.5,88.02039082412914,11.979609175870857,2026,3,5.0,0.0,1019.0,2.0,11.0,509.5,3.2384690873405297,3.5328753680078506,0.2944062806673209,79.29342492639843,2.8367789533237695,1.1776251226692835,1064.3333333333333,0.0,03
6187,2026-04-01,202604,6190,P.S. SANTA ROSA,RIS 1,I-2,LIMA,1051.0,2.0,12.0,33.0,10.0,0.0,2026-05-05,829.0,222.0,3.1398667935299716,0.9514747859181731,0.0,525.5,78.87725975261655,21.122740247383444,2026,4,5.0,0.0,1177.0,2.0,12.0,588.5,9.770603228547154,0.2548853016142736,0.0,88.02039082412914,5.328040100177533,1.2625868898740416,1079.3333333333333,0.0,04
6187,2026-05-01,202605,6190,P.S. SANTA ROSA,RIS 1,I-2,LIMA,1147.0,4.0,11.0,44.0,296.0,28.0,2026-06-04,862.0,285.0,3.8360941586748036,25.806451612903224,2.4411508282476024,286.75,75.15257192676548,24.847428073234525,2026,5,4.0,0.0,1051.0,2.0,12.0,525.5,3.1398667935299716,0.9514747859181731,0.0,78.87725975261655,5.382979703139218,1.579745151846766,1082.3333333333333,0.0,05
6187,2026-06-01,202606,6190,P.S. SANTA ROSA,RIS 1,I-2,LIMA,1057.0,1.0,12.0,14.0,2.0,0.0,2026-07-05,918.0,139.0,1.3245033112582782,0.1892147587511826,0.0,1057.0,86.84957426679281,13.15042573320719,2026,6,5.0,0.0,1147.0,4.0,11.0,286.75,3.8360941586748036,25.806451612903224,2.4411508282476024,75.15257192676548,5.582188060250643,9.00427056681189,1125.0,0.0,06
6187,2026-07-01,202607,6190,P.S. SANTA ROSA,RIS 1,I-2,LIMA,1092.0,1.0,11.0,27.0,23.0,15.0,2026-08-04,971.0,121.0,2.4725274725274726,2.1062271062271063,1.3736263736263736,1092.0,88.91941391941391,11.08058608058608,2026,7,4.0,0.0,1057.0,1.0,12.0,1057.0,1.3245033112582782,0.1892147587511826,0.0,86.84957426679281,2.766821421154351,8.982380385857526,1085.0,0.0,07
6187,2026-08-01,202608,6190,P.S. SANTA ROSA,RIS 1,I-2,LIMA,912.0,2.0,12.0,30.0,1.0,0.0,2026-09-04,827.0,85.0,3.289473684210526,0.10964912280701754,0.0,456.0,90.6798245614035,9.320175438596491,2026,8,4.0,0.0,1092.0,1.0,11.0,1092.0,2.4725274725274726,2.1062271062271063,1.3736263736263736,88.91941391941391,2.544374980820185,9.367297825960504,1098.6666666666667,0.0,08
6188,2025-02-01,202502,6191,C.S. SAN SEBASTIAN,RIS 1,I-3,LIMA,5541.0,2.0,15.0,28.0,45.0,23.0,2025-03-04,5447.0,94.0,0.5053239487457137,0.8121277747698972,0.4150875293268363,2770.5,98.3035553149251,1.6964446850748962,2025,2,4.0,0.0,4573.0,4.0,16.0,1143.25,1.137109118740433,0.6997594576864203,0.0,99.47518040673519,1.137109118740433,0.6997594576864203,4573.0,0.0,02
6188,2025-03-01,202503,6191,C.S. SAN SEBASTIAN,RIS 1,I-3,LIMA,6136.0,3.0,15.0,48.0,0.0,0.0,2025-04-05,6106.0,30.0,0.7822685788787483,0.0,0.0,2045.3333333333333,99.51108213820078,0.48891786179921776,2025,3,5.0,0.0,5541.0,2.0,15.0,2770.5,0.5053239487457137,0.8121277747698972,0.4150875293268363,98.3035553149251,0.8212165337430734,0.7559436162281588,5057.0,0.0,03
6188,2025-04-01,202504,6191,C.S. SAN SEBASTIAN,RIS 1,I-3,LIMA,5821.0,5.0,14.0,19.0,82.0,0.0,2025-05-05,5355.0,466.0,0.3264043978697818,1.4086926644906375,0.0,1164.2,91.99450266277272,8.00549733722728,2025,4,5.0,0.0,6136.0,3.0,15.0,2045.3333333333333,0.7822685788787483,0.0,0.0,99.51108213820078,0.8082338821216317,0.5039624108187725,5416.666666666667,0.0,04
6188,2025-05-01,202505,6191,C.S. SAN SEBASTIAN,RIS 1,I-3,LIMA,6135.0,5.0,15.0,63.0,469.0,0.0,2025-06-04,5468.0,667.0,1.0268948655256724,7.644661776691117,0.0,1227.0,89.1279543602282,10.872045639771802,2025,5,4.0,0.0,5821.0,5.0,14.0,1164.2,0.3264043978697818,1.4086926644906375,0.0,91.99450266277272,0.5379989751647479,0.7402734797535114,5832.666666666667,0.0,05
6188,2025-06-01,202506,6191,C.S. SAN SEBASTIAN,RIS 1,I-3,LIMA,5376.0,5.0,14.0,36.0,4.0,0.0,2025-07-05,4851.0,525.0,0.6696428571428571,0.0744047619047619,0.0,1075.2,90.234375,9.765625,2025,6,5.0,0.0,6135.0,5.0,15.0,1227.0,1.0268948655256724,7.644661776691117,0.0,89.1279543602282,0.7118559474247341,3.0177848137272516,6030.666666666667,0.0,06
6188,2025-07-01,202507,6191,C.S. SAN SEBASTIAN,RIS 1,I-3,LIMA,5469.0,6.0,15.0,13.0,5.0,0.0,2025-08-04,5285.0,184.0,0.23770341927226185,0.09142439202779301,0.0,911.5,96.63558237337722,3.364417626622783,2025,7,4.0,0.0,5376.0,5.0,14.0,1075.2,0.6696428571428571,0.0744047619047619,0.0,90.234375,0.6743140401794371,3.0425864010288386,5777.333333333333,0.0,07
6188,2025-08-01,202508,6191,C.S. SAN SEBASTIAN,RIS 1,I-3,LIMA,5173.0,5.0,16.0,140.0,147.0,0.0,2025-09-04,4837.0,336.0,2.706359945872801,2.841677943166441,0.0,1034.6,93.50473612990528,6.495263870094723,2025,8,4.0,0.0,5469.0,6.0,15.0,911.5,0.23770341927226185,0.09142439202779301,0.0,96.63558237337722,0.6447470473135971,2.6034969768745575,5660.0,0.0,08
6188,2025-09-01,202509,6191,C.S. SAN SEBASTIAN,RIS 1,I-3,LIMA,7165.0,5.0,17.0,250.0,248.0,52.0,2025-10-04,6897.0,268.0,3.4891835310537336,3.4612700628053035,0.7257501744591766,1433.0,96.2595952547104,3.7404047452896023,2025,9,4.0,0.0,5173.0,5.0,16.0,1034.6,2.706359945872801,2.841677943166441,0.0,93.50473612990528,1.20456874076264,1.002502365699665,5339.333333333333,0.0,09
6188,2025-10-01,202510,6191,C.S. SAN SEBASTIAN,RIS 1,I-3,LIMA,4244.0,3.0,15.0,45.0,259.0,11.0,2025-11-04,4180.0,64.0,1.0603204524033931,6.102733270499529,0.25918944392082943,1414.6666666666667,98.49198868991517,1.5080113100848256,2025,10,4.0,0.0,7165.0,5.0,17.0,1433.0,3.4891835310537336,3.4612700628053035,0.7257501744591766,96.2595952547104,2.144415632066265,2.1314574659998455,5935.666666666667,0.0,10
6188,2025-11-01,202511,6191,C.S. SAN SEBASTIAN,RIS 1,I-3,LIMA,5278.0,3.0,16.0,1.0,672.0,54.0,2025-12-04,5228.0,50.0,0.018946570670708603,12.73209549071618,1.0231148162182644,1759.3333333333333,99.05267146646457,0.9473285335354301,2025,11,4.0,0.0,4244.0,3.0,15.0,1414.6666666666667,1.0603204524033931,6.102733270499529,0.25918944392082943,98.49198868991517,2.4186213097766425,4.13522709215709,5527.333333333333,0.0,11
6188,2025-12-01,202512,6191,C.S. SAN SEBASTIAN,RIS 1,I-3,LIMA,3815.0,3.0,15.0,31.0,217.0,6.0,2026-01-05,3585.0,230.0,0.8125819134993447,5.6880733944954125,0.15727391874180865,1271.6666666666667,93.97116644823066,6.028833551769331,2025,12,5.0,0.0,5278.0,3.0,16.0,1759.3333333333333,0.018946570670708603,12.73209549071618,1.0231148162182644,99.05267146646457,1.5228168513759452,7.432032941340338,5562.333333333333,0.0,12
6188,2026-01-01,202601,6191,C.S. SAN SEBASTIAN,RIS 1,I-3,LIMA,5494.0,3.0,15.0,177.0,5.0,0.0,2026-02-06,5458.0,36.0,3.221696396068438,0.09100837277029487,0.0,1831.3333333333333,99.34473971605388,0.655260283946123,2026,1,6.0,0.0,3815.0,3.0,15.0,1271.6666666666667,0.8125819134993447,5.6880733944954125,0.15727391874180865,93.97116644823066,0.6306163121911488,8.174300718570374,4445.666666666667,0.0,01
6188,2026-02-01,202602,6191,C.S. SAN SEBASTIAN,RIS 1,I-3,LIMA,5920.0,2.0,14.0,115.0,485.0,1.0,2026-03-04,5487.0,433.0,1.9425675675675675,8.192567567567568,0.016891891891891893,2960.0,92.6858108108108,7.3141891891891895,2026,2,4.0,0.0,5494.0,3.0,15.0,1831.3333333333333,3.221696396068438,0.09100837277029487,0.0,99.34473971605388,1.3510749600794971,6.170392419327295,4862.333333333333,0.0,02
6188,2026-03-01,202603,6191,C.S. SAN SEBASTIAN,RIS 1,I-3,LIMA,6366.0,3.0,15.0,39.0,0.0,0.0,2026-04-05,5922.0,444.0,0.6126295947219604,0.0,0.0,2122.0,93.02544769085767,6.974552309142319,2026,3,5.0,0.0,5920.0,2.0,14.0,2960.0,1.9425675675675675,8.192567567567568,0.016891891891891893,92.6858108108108,1.9922819590451166,4.657216444944424,5076.333333333333,0.0,03
6188,2026-04-01,202604,6191,C.S. SAN SEBASTIAN,RIS 1,I-3,LIMA,5707.0,3.0,16.0,168.0,182.0,1.0,2026-05-05,4978.0,729.0,2.9437532854389348,3.1890660592255125,0.017522340984755563,1902.3333333333333,87.22621342211319,12.773786577886806,2026,4,5.0,0.0,6366.0,3.0,15.0,2122.0,0.6126295947219604,0.0,0.0,93.02544769085767,1.925631186119322,2.7611919801126206,5926.666666666667,0.0,04
6188,2026-05-01,202605,6191,C.S. SAN SEBASTIAN,RIS 1,I-3,LIMA,6190.0,5.0,15.0,98.0,414.0,0.0,2026-06-04,5704.0,486.0,1.5831987075928917,6.688206785137318,0.0,1238.0,92.1486268174475,7.851373182552504,2026,5,4.0,0.0,5707.0,3.0,16.0,1902.3333333333333,2.9437532854389348,3.1890660592255125,0.017522340984755563,87.22621342211319,1.8329834825761544,3.7938778755976927,5997.666666666667,0.0,05
6188,2026-06-01,202606,6191,C.S. SAN SEBASTIAN,RIS 1,I-3,LIMA,6803.0,4.0,15.0,188.0,22.0,0.0,2026-07-05,6622.0,181.0,2.7634866970454213,0.3233867411436131,0.0,1700.75,97.33940908422754,2.6605909157724534,2026,6,5.0,0.0,6190.0,5.0,15.0,1238.0,1.5831987075928917,6.688206785137318,0.0,92.1486268174475,1.7131938625845955,3.292424281454276,6087.666666666667,0.0,06
6188,2026-07-01,202607,6191,C.S. SAN SEBASTIAN,RIS 1,I-3,LIMA,6018.0,4.0,15.0,73.0,454.0,318.0,2026-08-04,5575.0,443.0,1.2130275839149218,7.544034562977734,5.284147557328016,1504.5,92.6387504154204,7.361249584579594,2026,7,4.0,0.0,6803.0,4.0,15.0,1700.75,2.7634866970454213,0.3233867411436131,0.0,97.33940908422754,2.430146230025749,3.4002198618354806,6233.333333333333,0.0,07
6188,2026-08-01,202608,6191,C.S. SAN SEBASTIAN,RIS 1,I-3,LIMA,6417.0,3.0,15.0,30.0,180.0,1.0,2026-09-04,6287.0,130.0,0.4675081813931744,2.805049088359046,0.015583606046439146,2139.0,97.9741312139629,2.025868786037089,2026,8,4.0,0.0,6018.0,4.0,15.0,1504.5,1.2130275839149218,7.544034562977734,5.284147557328016,92.6387504154204,1.853237662851078,4.851876029752888,6337.0,0.0,08
6189,2025-02-01,202502,6192,C.S. MIRONES,RIS 1,I-3,LIMA,4605.0,2.0,16.0,148.0,361.0,0.0,2025-03-04,4550.0,55.0,3.213897937024973,7.839305103148751,0.0,2302.5,98.8056460369164,1.1943539630836049,2025,2,4.0,0.0,4810.0,2.0,16.0,2405.0,2.8482328482328483,5.592515592515593,1.8711018711018712,99.23076923076923,2.8482328482328483,5.592515592515593,4810.0,0.0,02
6189,2025-03-01,202503,6192,C.S. MIRONES,RIS 1,I-3,LIMA,4582.0,5.0,16.0,96.0,59.0,9.0,2025-04-05,4543.0,39.0,2.0951549541684855,1.287647315582715,0.19642077695329552,916.4,99.14884329986906,0.8511567001309471,2025,3,5.0,0.0,4605.0,2.0,16.0,2302.5,3.213897937024973,7.839305103148751,0.0,98.8056460369164,3.0310653926289106,6.715910347832172,4707.5,0.0,03
6189,2025-04-01,202504,6192,C.S. MIRONES,RIS 1,I-3,LIMA,5139.0,2.0,16.0,219.0,100.0,20.0,2025-05-05,4227.0,912.0,4.261529480443666,1.9459038723487059,0.3891807744697412,2569.5,82.2533566841798,17.746643315820197,2025,4,5.0,0.0,4582.0,5.0,16.0,916.4,2.0951549541684855,1.287647315582715,0.19642077695329552,99.14884329986906,2.7190952464754354,4.906489337082353,4665.666666666667,0.0,04
6189,2025-05-01,202505,6192,C.S. MIRONES,RIS 1,I-3,LIMA,5771.0,2.0,16.0,136.0,548.0,0.0,2025-06-04,5127.0,644.0,2.3566106394039164,9.495754635245191,0.0,2885.5,88.84075550164616,11.159244498353837,2025,5,4.0,0.0,5139.0,2.0,16.0,2569.5,4.261529480443666,1.9459038723487059,0.3891807744697412,82.2533566841798,3.1901941238790408,3.6909520970267238,4775.333333333333,0.0,05
6189,2025-06-01,202506,6192,C.S. MIRONES,RIS 1,I-3,LIMA,5063.0,4.0,16.0,157.0,84.0,3.0,2025-07-05,4870.0,193.0,3.100928303377444,1.6590953979853842,0.05925340707090658,1265.75,96.18803081177168,3.811969188228323,2025,6,5.0,0.0,5771.0,2.0,16.0,2885.5,2.3566106394039164,9.495754635245191,0.0,88.84075550164616,2.9044316913386887,4.24310194105887,5164.0,0.0,06
6189,2025-07-01,202507,6192,C.S. MIRONES,RIS 1,I-3,LIMA,5147.0,5.0,18.0,181.0,27.0,27.0,2025-08-04,4050.0,1097.0,3.516611618418496,0.5245774237419856,0.5245774237419856,1029.4,78.68661356129785,21.313386438702157,2025,7,4.0,0.0,5063.0,4.0,16.0,1265.75,3.100928303377444,1.6590953979853842,0.05925340707090658,96.18803081177168,3.239689474408342,4.366917968526427,5324.333333333333,0.0,07
6189,2025-08-01,202508,6192,C.S. MIRONES,RIS 1,I-3,LIMA,5057.0,2.0,17.0,107.0,363.0,0.0,2025-09-04,4645.0,412.0,2.115878979632193,7.178168874826972,0.0,2528.5,91.8528771999209,8.147122800079098,2025,8,4.0,0.0,5147.0,5.0,18.0,1029.4,3.516611618418496,0.5245774237419856,0.5245774237419856,78.68661356129785,2.991383520399952,3.89314248565752,5327.0,0.0,08
6189,2025-09-01,202509,6192,C.S. MIRONES,RIS 1,I-3,LIMA,6101.0,3.0,17.0,125.0,59.0,0.0,2025-10-04,5740.0,361.0,2.0488444517292246,0.967054581216194,0.0,2033.6666666666667,94.082937223406,5.917062776594001,2025,9,4.0,0.0,5057.0,2.0,17.0,2528.5,2.115878979632193,7.178168874826972,0.0,91.8528771999209,2.9111396338093782,3.1206138988514467,5089.0,0.0,09
6189,2025-10-01,202510,6192,C.S. MIRONES,RIS 1,I-3,LIMA,4699.0,4.0,15.0,225.0,384.0,42.0,2025-11-04,4405.0,294.0,4.788252819748883,8.171951479038093,0.8938071930197914,1174.75,93.74334964886145,6.25665035113854,2025,10,4.0,0.0,6101.0,3.0,17.0,2033.6666666666667,2.0488444517292246,0.967054581216194,0.0,94.082937223406,2.5604450165933046,2.88993362659505,5435.0,0.0,10
6189,2025-11-01,202511,6192,C.S. MIRONES,RIS 1,I-3,LIMA,4507.0,4.0,18.0,153.0,764.0,72.0,2025-12-04,4417.0,90.0,3.3947193254936767,16.95140891945862,1.5975149767029067,1126.75,98.00310627912137,1.9968937208786333,2025,11,4.0,0.0,4699.0,4.0,15.0,1174.75,4.788252819748883,8.171951479038093,0.8938071930197914,93.74334964886145,2.9843254170367666,5.439058311693752,5285.666666666667,0.0,11
6189,2025-12-01,202512,6192,C.S. MIRONES,RIS 1,I-3,LIMA,3834.0,3.0,17.0,95.0,13.0,7.0,2026-01-05,3821.0,13.0,2.477829942618675,0.33907146583202924,0.1825769431403234,1278.0,99.66092853416797,0.33907146583202924,2025,12,5.0,0.0,4507.0,4.0,18.0,1126.75,3.3947193254936767,16.95140891945862,1.5975149767029067,98.00310627912137,3.410605532323928,8.696804993237635,5102.333333333333,0.0,12
6189,2026-01-01,202601,6192,C.S. MIRONES,RIS 1,I-3,LIMA,4153.0,3.0,14.0,149.0,36.0,12.0,2026-02-06,4147.0,6.0,3.587767878641946,0.8668432458463761,0.2889477486154587,1384.3333333333333,99.85552612569226,0.14447387430772934,2026,1,6.0,0.0,3834.0,3.0,17.0,1278.0,2.477829942618675,0.33907146583202924,0.1825769431403234,99.66092853416797,3.5536006959537443,8.487477288109579,4346.666666666667,0.0,01
6189,2026-02-01,202602,6192,C.S. MIRONES,RIS 1,I-3,LIMA,4771.0,3.0,14.0,136.0,412.0,3.0,2026-03-04,4756.0,15.0,2.8505554391112975,8.635506183190106,0.06287989939216097,1590.3333333333333,99.6856005030392,0.3143994969608049,2026,2,4.0,0.0,4153.0,3.0,14.0,1384.3333333333333,3.587767878641946,0.8668432458463761,0.2889477486154587,99.85552612569226,3.153439048918099,6.0524412103790075,4164.666666666667,0.0,02
6189,2026-03-01,202603,6192,C.S. MIRONES,RIS 1,I-3,LIMA,5051.0,2.0,16.0,158.0,54.0,0.0,2026-04-05,5048.0,3.0,3.1280934468422092,1.0690952286675905,0.0,2525.5,99.94060582062959,0.0593941793704217,2026,3,5.0,0.0,4771.0,3.0,14.0,1590.3333333333333,2.8505554391112975,8.635506183190106,0.06287989939216097,99.6856005030392,2.972051086790639,3.280473631622837,4252.666666666667,0.0,03
6189,2026-04-01,202604,6192,C.S. MIRONES,RIS 1,I-3,LIMA,5316.0,2.0,13.0,211.0,239.0,61.0,2026-05-05,4437.0,879.0,3.969149736644093,4.495861550037622,1.1474793077501881,2658.0,83.46501128668172,16.534988713318285,2026,4,5.0,0.0,5051.0,2.0,16.0,2525.5,3.1280934468422092,1.0690952286675905,0.0,99.94060582062959,3.188805588198484,3.5238148859013574,4658.333333333333,0.0,04
6189,2026-05-01,202605,6192,C.S. MIRONES,RIS 1,I-3,LIMA,4206.0,4.0,11.0,201.0,528.0,99.0,2026-06-04,3727.0,479.0,4.778887303851641,12.553495007132668,2.353780313837375,1051.5,88.61150737042321,11.388492629576795,2026,5,4.0,0.0,5316.0,2.0,13.0,2658.0,3.969149736644093,4.495861550037622,1.1474793077501881,83.46501128668172,3.3159328741992,4.733487653965106,5046.0,0.0,05
6189,2026-06-01,202606,6192,C.S. MIRONES,RIS 1,I-3,LIMA,5263.0,5.0,15.0,277.0,345.0,0.0,2026-07-05,5130.0,133.0,5.2631578947368425,6.555196655899677,0.0,1052.6,97.47292418772564,2.527075812274368,2026,6,5.0,0.0,4206.0,4.0,11.0,1051.5,4.778887303851641,12.553495007132668,2.353780313837375,88.61150737042321,3.9587101624459806,6.0394839286126265,4857.666666666667,0.0,06
6189,2026-07-01,202607,6192,C.S. MIRONES,RIS 1,I-3,LIMA,4688.0,2.0,15.0,256.0,184.0,62.0,2026-08-04,4279.0,409.0,5.460750853242321,3.9249146757679183,1.3225255972696246,2344.0,91.27559726962457,8.724402730375427,2026,7,4.0,0.0,5263.0,5.0,15.0,1052.6,5.2631578947368425,6.555196655899677,0.0,97.47292418772564,4.670398311744193,7.868184404356657,4928.333333333333,0.0,07
6189,2026-08-01,202608,6192,C.S. MIRONES,RIS 1,I-3,LIMA,4306.0,4.0,14.0,80.0,32.0,5.0,2026-09-04,4056.0,250.0,1.8578727357176033,0.7431490942870413,0.1161170459823502,1076.5,94.1941477008825,5.80585229911751,2026,8,4.0,0.0,4688.0,2.0,15.0,2344.0,5.460750853242321,3.9249146757679183,1.3225255972696246,91.27559726962457,5.167598683943601,7.677868779600087,4719.0,0.0,08
6190,2025-02-01,202502,6193,C.S. UNIDAD VECINAL Nº 3,RIS 1,I-3,LIMA,3820.0,1.0,14.0,44.0,1019.0,781.0,2025-03-04,3696.0,124.0,1.1518324607329844,26.67539267015707,20.445026178010473,3820.0,96.75392670157068,3.2460732984293195,2025,2,4.0,0.0,3686.0,1.0,14.0,3686.0,0.43407487791644056,16.006511123168746,10.010851871947912,96.85295713510581,0.43407487791644056,16.006511123168746,3686.0,0.0,02
6190,2025-03-01,202503,6193,C.S. UNIDAD VECINAL Nº 3,RIS 1,I-3,LIMA,3960.0,1.0,14.0,48.0,656.0,4.0,2025-04-05,3893.0,67.0,1.2121212121212122,16.565656565656564,0.10101010101010101,3960.0,98.3080808080808,1.6919191919191918,2025,3,5.0,0.0,3820.0,1.0,14.0,3820.0,1.1518324607329844,26.67539267015707,20.445026178010473,96.75392670157068,0.7929536693247125,21.340951896662908,3753.0,0.0,03
6190,2025-04-01,202504,6193,C.S. UNIDAD VECINAL Nº 3,RIS 1,I-3,LIMA,3750.0,1.0,14.0,34.0,985.0,424.0,2025-05-05,3464.0,286.0,0.9066666666666666,26.266666666666666,11.306666666666667,3750.0,92.37333333333333,7.626666666666667,2025,4,5.0,0.0,3960.0,1.0,14.0,3960.0,1.2121212121212122,16.565656565656564,0.10101010101010101,98.3080808080808,0.9326761835902123,19.74918678632746,3822.0,0.0,04
6190,2025-05-01,202505,6193,C.S. UNIDAD VECINAL Nº 3,RIS 1,I-3,LIMA,4278.0,2.0,14.0,33.0,1089.0,247.0,2025-06-04,3815.0,463.0,0.7713884992987378,25.455820476858346,5.773726040205704,2139.0,89.17718560074802,10.822814399251987,2025,5,4.0,0.0,3750.0,1.0,14.0,3750.0,0.9066666666666666,26.266666666666666,11.306666666666667,92.37333333333333,1.0902067798402877,23.1692386341601,3843.3333333333335,0.0,05
6190,2025-06-01,202506,6193,C.S. UNIDAD VECINAL Nº 3,RIS 1,I-3,LIMA,3936.0,3.0,14.0,76.0,344.0,0.0,2025-07-05,3238.0,698.0,1.9308943089430894,8.739837398373984,0.0,1312.0,82.26626016260163,17.733739837398375,2025,6,5.0,0.0,4278.0,2.0,14.0,2139.0,0.7713884992987378,25.455820476858346,5.773726040205704,89.17718560074802,0.9633921260288721,22.762714569727194,3996.0,0.0,06
6190,2025-07-01,202507,6193,C.S. UNIDAD VECINAL Nº 3,RIS 1,I-3,LIMA,3294.0,2.0,14.0,54.0,380.0,105.0,2025-08-04,3010.0,284.0,1.639344262295082,11.53612629022465,3.1876138433515484,1647.0,91.37826350941106,8.62173649058895,2025,7,4.0,0.0,3936.0,3.0,14.0,1312.0,1.9308943089430894,8.739837398373984,0.0,82.26626016260163,1.2029831583028312,20.154108180633,3988.0,0.0,07
6190,2025-08-01,202508,6193,C.S. UNIDAD VECINAL Nº 3,RIS 1,I-3,LIMA,2680.0,1.0,14.0,16.0,436.0,0.0,2025-09-04,2641.0,39.0,0.5970149253731343,16.26865671641791,0.0,2680.0,98.54477611940298,1.455223880597015,2025,8,4.0,0.0,3294.0,2.0,14.0,1647.0,1.639344262295082,11.53612629022465,3.1876138433515484,91.37826350941106,1.447209023512303,15.243928055152326,3836.0,0.0,08
6190,2025-09-01,202509,6193,C.S. UNIDAD VECINAL Nº 3,RIS 1,I-3,LIMA,4260.0,1.0,14.0,30.0,535.0,72.0,2025-10-04,4137.0,123.0,0.704225352112676,12.55868544600939,1.6901408450704225,4260.0,97.11267605633803,2.887323943661972,2025,9,4.0,0.0,2680.0,1.0,14.0,2680.0,0.5970149253731343,16.26865671641791,0.0,98.54477611940298,1.3890844988704352,12.181540135005514,3303.3333333333335,0.0,09
6190,2025-10-01,202510,6193,C.S. UNIDAD VECINAL Nº 3,RIS 1,I-3,LIMA,3324.0,3.0,13.0,186.0,739.0,210.0,2025-11-04,3254.0,70.0,5.595667870036101,22.23225030084236,6.317689530685921,1108.0,97.89410348977135,2.10589651022864,2025,10,4.0,0.0,4260.0,1.0,14.0,4260.0,0.704225352112676,12.55868544600939,1.6901408450704225,97.11267605633803,0.9801948465936308,13.454489484217317,3411.3333333333335,0.0,10
6190,2025-11-01,202511,6193,C.S. UNIDAD VECINAL Nº 3,RIS 1,I-3,LIMA,3059.0,1.0,13.0,14.0,248.0,0.0,2025-12-04,2993.0,66.0,0.4576659038901602,8.107224583197123,0.0,3059.0,97.84243216737497,2.1575678326250407,2025,11,4.0,0.0,3324.0,3.0,13.0,1108.0,5.595667870036101,22.23225030084236,6.317689530685921,97.89410348977135,2.2989693825073036,17.01986415442322,3421.3333333333335,0.0,11
6190,2025-12-01,202512,6193,C.S. UNIDAD VECINAL Nº 3,RIS 1,I-3,LIMA,2214.0,1.0,13.0,48.0,253.0,0.0,2026-01-05,2186.0,28.0,2.168021680216802,11.427280939476061,0.0,2214.0,98.7353206865402,1.2646793134598013,2025,12,5.0,0.0,3059.0,1.0,13.0,3059.0,0.4576659038901602,8.107224583197123,0.0,97.84243216737497,2.2525197086796456,14.299386776682958,3547.6666666666665,0.0,12
6190,2026-01-01,202601,6193,C.S. UNIDAD VECINAL Nº 3,RIS 1,I-3,LIMA,2480.0,1.0,13.0,19.0,21.0,0.0,2026-02-06,2441.0,39.0,0.7661290322580645,0.8467741935483871,0.0,2480.0,98.4274193548387,1.5725806451612903,2026,1,6.0,0.0,2214.0,1.0,13.0,2214.0,2.168021680216802,11.427280939476061,0.0,98.7353206865402,2.740451818047687,13.922251941171849,2865.6666666666665,0.0,01
6190,2026-02-01,202602,6193,C.S. UNIDAD VECINAL Nº 3,RIS 1,I-3,LIMA,2446.0,2.0,13.0,28.0,414.0,162.0,2026-03-04,2356.0,90.0,1.1447260834014719,16.925592804578905,6.623058053965658,1223.0,96.32052330335242,3.679476696647588,2026,2,4.0,0.0,2480.0,1.0,13.0,2480.0,0.7661290322580645,0.8467741935483871,0.0,98.4274193548387,1.1306055387883422,6.79375990540719,2584.3333333333335,0.0,02
6190,2026-03-01,202603,6193,C.S. UNIDAD VECINAL Nº 3,RIS 1,I-3,LIMA,3414.0,2.0,13.0,92.0,0.0,0.0,2026-04-05,3290.0,124.0,2.6947861745752784,0.0,0.0,1707.0,96.36789689513766,3.6321031048623316,2026,3,5.0,0.0,2446.0,2.0,13.0,1223.0,1.1447260834014719,16.925592804578905,6.623058053965658,96.32052330335242,1.3596255986254462,9.733215979201118,2380.0,0.0,03
6190,2026-04-01,202604,6193,C.S. UNIDAD VECINAL Nº 3,RIS 1,I-3,LIMA,3324.0,2.0,13.0,190.0,346.0,0.0,2026-05-05,2966.0,358.0,5.7160048134777375,10.409145607701564,0.0,1662.0,89.22984356197352,10.770156438026474,2026,4,5.0,0.0,3414.0,2.0,13.0,1707.0,2.6947861745752784,0.0,0.0,96.36789689513766,1.5352137634116048,5.924122332709096,2780.0,0.0,04
6190,2026-05-01,202605,6193,C.S. UNIDAD VECINAL Nº 3,RIS 1,I-3,LIMA,3266.0,1.0,13.0,13.0,701.0,0.0,2026-06-04,3127.0,139.0,0.39804041641151255,21.46356399265156,0.0,3266.0,95.74402939375383,4.255970606246173,2026,5,4.0,0.0,3324.0,2.0,13.0,1662.0,5.7160048134777375,10.409145607701564,0.0,89.22984356197352,3.185172357151496,9.111579470760157,3061.3333333333335,0.0,05
6190,2026-06-01,202606,6193,C.S. UNIDAD VECINAL Nº 3,RIS 1,I-3,LIMA,4327.0,1.0,14.0,177.0,573.0,0.0,2026-07-05,3997.0,330.0,4.090593944996534,13.242431245666744,0.0,4327.0,92.37346891610815,7.626531083891842,2026,6,5.0,0.0,3266.0,1.0,13.0,3266.0,0.39804041641151255,21.46356399265156,0.0,95.74402939375383,2.9362771348215095,10.624236533451041,3334.6666666666665,0.0,06
6190,2026-07-01,202607,6193,C.S. UNIDAD VECINAL Nº 3,RIS 1,I-3,LIMA,2920.0,1.0,15.0,144.0,255.0,115.0,2026-08-04,2757.0,163.0,4.931506849315069,8.732876712328768,3.9383561643835616,2920.0,94.41780821917808,5.582191780821918,2026,7,4.0,0.0,4327.0,1.0,14.0,4327.0,4.090593944996534,13.242431245666744,0.0,92.37346891610815,3.4015463916285946,15.038380282006623,3639.0,0.0,07
6190,2026-08-01,202608,6193,C.S. UNIDAD VECINAL Nº 3,RIS 1,I-3,LIMA,3377.0,1.0,14.0,234.0,945.0,203.0,2026-09-04,3283.0,94.0,6.929227124666864,27.983417234231567,6.0112525910571515,3377.0,97.21646431744152,2.783535682558484,2026,8,4.0,0.0,2920.0,1.0,15.0,2920.0,4.931506849315069,8.732876712328768,3.9383561643835616,94.41780821917808,3.140047070241039,14.479623983549025,3504.3333333333335,0.0,08
6191,2025-02-01,202502,6194,C.S. VILLA MARIA PERPETUO SOCORRO,RIS 1,I-3,LIMA,4696.0,2.0,16.0,95.0,428.0,253.0,2025-03-04,4621.0,75.0,2.0229982964224873,9.114139693356048,5.387563884156729,2348.0,98.40289608177171,1.5971039182282794,2025,2,4.0,0.0,4578.0,3.0,16.0,1526.0,1.0266491917868064,17.80253385757973,10.965487112276103,99.21363040629096,1.0266491917868064,17.80253385757973,4578.0,0.0,02
6191,2025-03-01,202503,6194,C.S. VILLA MARIA PERPETUO SOCORRO,RIS 1,I-3,LIMA,5428.0,2.0,16.0,915.0,442.0,158.0,2025-04-05,5375.0,53.0,16.857037582903462,8.142962417096536,2.9108327192336034,2714.0,99.02358142962417,0.976418570375829,2025,3,5.0,1.0,4696.0,2.0,16.0,2348.0,2.0229982964224873,9.114139693356048,5.387563884156729,98.40289608177171,1.5248237441046468,13.458336775467888,4637.0,0.0,03
6191,2025-04-01,202504,6194,C.S. VILLA MARIA PERPETUO SOCORRO,RIS 1,I-3,LIMA,4882.0,2.0,16.0,1986.0,406.0,286.0,2025-05-05,4561.0,321.0,40.68004916018025,8.316263826300696,5.8582548136009835,2441.0,93.42482589102826,6.575174108971733,2025,4,5.0,1.0,5428.0,2.0,16.0,2714.0,16.857037582903462,8.142962417096536,2.9108327192336034,99.02358142962417,6.635561690370918,11.686545322677437,4900.666666666667,1.0,04
6191,2025-05-01,202505,6194,C.S. VILLA MARIA PERPETUO SOCORRO,RIS 1,I-3,LIMA,6950.0,3.0,16.0,1240.0,643.0,210.0,2025-06-04,6244.0,706.0,17.841726618705035,9.251798561151078,3.0215827338129495,2316.6666666666665,89.84172661870504,10.158273381294965,2025,5,4.0,1.0,4882.0,2.0,16.0,2441.0,40.68004916018025,8.316263826300696,5.8582548136009835,93.42482589102826,19.853361679835402,8.524455312251094,5002.0,1.0,05
6191,2025-06-01,202506,6194,C.S. VILLA MARIA PERPETUO SOCORRO,RIS 1,I-3,LIMA,5562.0,4.0,16.0,1191.0,1216.0,149.0,2025-07-05,5395.0,167.0,21.413160733549084,21.862639338367494,2.6788924847177276,1390.5,96.99748291981302,3.002517080186983,2025,6,5.0,1.0,6950.0,3.0,16.0,2316.6666666666665,17.841726618705035,9.251798561151078,3.0215827338129495,89.84172661870504,25.126271120596254,8.570341601516104,5753.333333333333,1.0,06
6191,2025-07-01,202507,6194,C.S. VILLA MARIA PERPETUO SOCORRO,RIS 1,I-3,LIMA,4025.0,4.0,16.0,652.0,504.0,221.0,2025-08-04,3947.0,78.0,16.198757763975156,12.521739130434783,5.490683229813665,1006.25,98.06211180124224,1.937888198757764,2025,7,4.0,1.0,5562.0,4.0,16.0,1390.5,21.413160733549084,21.862639338367494,2.6788924847177276,96.99748291981302,26.644978837478124,13.143567241939756,5798.0,1.0,07
6191,2025-08-01,202508,6194,C.S. VILLA MARIA PERPETUO SOCORRO,RIS 1,I-3,LIMA,4392.0,2.0,17.0,278.0,1103.0,588.0,2025-09-04,4385.0,7.0,6.3296903460837886,25.11384335154827,13.387978142076502,2196.0,99.84061930783243,0.15938069216757741,2025,8,4.0,0.0,4025.0,4.0,16.0,1006.25,16.198757763975156,12.521739130434783,5.490683229813665,98.06211180124224,18.484548372076425,14.545392343317785,5512.333333333333,1.0,08
6191,2025-09-01,202509,6194,C.S. VILLA MARIA PERPETUO SOCORRO,RIS 1,I-3,LIMA,5869.0,2.0,17.0,1698.0,533.0,187.0,2025-10-04,5846.0,23.0,28.931674902027602,9.081615266655307,3.1862327483387287,2934.5,99.60811041063214,0.39188958936786505,2025,9,4.0,1.0,4392.0,2.0,17.0,2196.0,6.3296903460837886,25.11384335154827,13.387978142076502,99.84061930783243,14.647202947869344,19.832740606783513,4659.666666666667,0.0,09
6191,2025-10-01,202510,6194,C.S. VILLA MARIA PERPETUO SOCORRO,RIS 1,I-3,LIMA,3813.0,2.0,16.0,956.0,785.0,270.0,2025-11-04,3808.0,5.0,25.072121688958823,20.58746393915552,7.081038552321007,1906.5,99.8688696564385,0.13113034356150013,2025,10,4.0,1.0,5869.0,2.0,17.0,2934.5,28.931674902027602,9.081615266655307,3.1862327483387287,99.60811041063214,17.15337433736218,15.572399249546118,4762.0,1.0,10
6191,2025-11-01,202511,6194,C.S. VILLA MARIA PERPETUO SOCORRO,RIS 1,I-3,LIMA,3507.0,2.0,16.0,1051.0,398.0,112.0,2025-12-04,3502.0,5.0,29.968634160250925,11.348731109210151,3.193612774451098,1753.5,99.85742800114058,0.142571998859424,2025,11,4.0,1.0,3813.0,2.0,16.0,1906.5,25.072121688958823,20.58746393915552,7.081038552321007,99.8688696564385,20.11116231235674,18.260974185786363,4691.333333333333,1.0,11
6191,2025-12-01,202512,6194,C.S. VILLA MARIA PERPETUO SOCORRO,RIS 1,I-3,LIMA,3445.0,2.0,16.0,105.0,998.0,640.0,2026-01-05,3442.0,3.0,3.0478955007256894,28.969521044992742,18.57764876632801,1722.5,99.91291727140784,0.08708272859216255,2025,12,5.0,0.0,3507.0,2.0,16.0,1753.5,29.968634160250925,11.348731109210151,3.193612774451098,99.85742800114058,27.990810250412448,13.672603438340325,4396.333333333333,1.0,12
6191,2026-01-01,202601,6194,C.S. VILLA MARIA PERPETUO SOCORRO,RIS 1,I-3,LIMA,3976.0,2.0,16.0,1183.0,254.0,126.0,2026-02-06,3973.0,3.0,29.753521126760564,6.388329979879276,3.1690140845070425,1988.0,99.92454728370221,0.07545271629778671,2026,1,6.0,1.0,3445.0,2.0,16.0,1722.5,3.0478955007256894,28.969521044992742,18.57764876632801,99.91291727140784,19.362883783311812,20.301905364452804,3588.3333333333335,0.0,01
6191,2026-02-01,202602,6194,C.S. VILLA MARIA PERPETUO SOCORRO,RIS 1,I-3,LIMA,3209.0,2.0,16.0,799.0,575.0,309.0,2026-03-04,3200.0,9.0,24.898722343409162,17.918354627609848,9.629167965098162,1604.5,99.71953879713307,0.28046120286693677,2026,2,4.0,1.0,3976.0,2.0,16.0,1988.0,29.753521126760564,6.388329979879276,3.1690140845070425,99.92454728370221,20.92335026257906,15.568860711360722,3642.6666666666665,1.0,02
6191,2026-03-01,202603,6194,C.S. VILLA MARIA PERPETUO SOCORRO,RIS 1,I-3,LIMA,3450.0,2.0,16.0,873.0,94.0,0.0,2026-04-05,3449.0,1.0,25.304347826086957,2.7246376811594204,0.0,1725.0,99.97101449275362,0.028985507246376812,2026,3,5.0,1.0,3209.0,2.0,16.0,1604.5,24.898722343409162,17.918354627609848,9.629167965098162,99.71953879713307,19.233379656965138,17.758735217493957,3543.3333333333335,1.0,03
6191,2026-04-01,202604,6194,C.S. VILLA MARIA PERPETUO SOCORRO,RIS 1,I-3,LIMA,3292.0,3.0,16.0,1525.0,261.0,139.0,2026-05-05,3051.0,241.0,46.32442284325638,7.928311057108141,4.22235722964763,1097.3333333333333,92.67922235722965,7.320777642770352,2026,4,5.0,1.0,3450.0,2.0,16.0,1725.0,25.304347826086957,2.7246376811594204,0.0,99.97101449275362,26.652197098752225,9.01044076288285,3545.0,1.0,04
6191,2026-05-01,202605,6194,C.S. VILLA MARIA PERPETUO SOCORRO,RIS 1,I-3,LIMA,2899.0,5.0,17.0,46.0,119.0,0.0,2026-06-04,2713.0,186.0,1.586754053121766,4.104863746119351,0.0,579.8,93.58399448085547,6.416005519144533,2026,5,4.0,0.0,3292.0,3.0,16.0,1097.3333333333333,46.32442284325638,7.928311057108141,4.22235722964763,92.67922235722965,32.17583100425083,9.523767788625802,3317.0,1.0,05
6191,2026-06-01,202606,6194,C.S. VILLA MARIA PERPETUO SOCORRO,RIS 1,I-3,LIMA,3248.0,6.0,17.0,35.0,21.0,0.0,2026-07-05,3185.0,63.0,1.0775862068965518,0.646551724137931,0.0,541.3333333333334,98.0603448275862,1.9396551724137931,2026,6,5.0,0.0,2899.0,5.0,17.0,579.8,1.586754053121766,4.104863746119351,0.0,93.58399448085547,24.40517490748837,4.919270828128971,3213.6666666666665,0.0,06
6191,2026-07-01,202607,6194,C.S. VILLA MARIA PERPETUO SOCORRO,RIS 1,I-3,LIMA,3059.0,4.0,16.0,46.0,448.0,153.0,2026-08-04,3050.0,9.0,1.5037593984962405,14.645308924485127,5.001634521085322,764.75,99.70578620464204,0.2942137953579601,2026,7,4.0,0.0,3248.0,6.0,17.0,541.3333333333334,1.0775862068965518,0.646551724137931,0.0,98.0603448275862,16.329587701091565,4.226575509121807,3146.3333333333335,0.0,07
6191,2026-08-01,202608,6194,C.S. VILLA MARIA PERPETUO SOCORRO,RIS 1,I-3,LIMA,3052.0,4.0,16.0,35.0,164.0,0.0,2026-09-04,2969.0,83.0,1.146788990825688,5.373525557011796,0.0,763.0,97.28047182175622,2.7195281782437744,2026,8,4.0,0.0,3059.0,4.0,16.0,764.75,1.5037593984962405,14.645308924485127,5.001634521085322,99.70578620464204,1.389366552838186,6.465574798247469,3068.6666666666665,0.0,08
6192,2025-02-01,202502,6195,C.S. LINCE,RIS 3,I-3,LINCE,4807.0,3.0,14.0,39.0,514.0,42.0,2025-03-04,4309.0,498.0,0.8113168296234657,10.692739754524652,0.8737258165175785,1602.3333333333333,89.64010817557728,10.359891824422716,2025,2,4.0,0.0,5679.0,3.0,15.0,1893.0,0.2993484768445149,0.0,0.0,90.15671773199507,0.2993484768445149,0.0,5679.0,0.0,02
6192,2025-03-01,202503,6195,C.S. LINCE,RIS 3,I-3,LINCE,5804.0,5.0,14.0,46.0,0.0,0.0,2025-04-05,5162.0,642.0,0.7925568573397657,0.0,0.0,1160.8,88.93866299104066,11.061337008959338,2025,3,5.0,0.0,4807.0,3.0,14.0,1602.3333333333333,0.8113168296234657,10.692739754524652,0.8737258165175785,89.64010817557728,0.5553326532339903,5.346369877262326,5243.0,0.0,03
6192,2025-04-01,202504,6195,C.S. LINCE,RIS 3,I-3,LINCE,6805.0,4.0,15.0,80.0,6.0,0.0,2025-05-05,5626.0,1179.0,1.1756061719324027,0.0881704628949302,0.0,1701.25,82.67450404114622,17.325495958853782,2025,4,5.0,0.0,5804.0,5.0,14.0,1160.8,0.7925568573397657,0.0,0.0,88.93866299104066,0.6344073879359154,3.5642465848415505,5430.0,0.0,04
6192,2025-05-01,202505,6195,C.S. LINCE,RIS 3,I-3,LINCE,9274.0,5.0,15.0,32.0,181.0,1.0,2025-06-04,6039.0,3235.0,0.3450506793185249,1.9516929048954066,0.010782833728703903,1854.8,65.11753288764287,34.882467112357126,2025,5,4.0,0.0,6805.0,4.0,15.0,1701.25,1.1756061719324027,0.0881704628949302,0.0,82.67450404114622,0.9264932862985447,3.5936367391398605,5805.333333333333,0.0,05
6192,2025-06-01,202506,6195,C.S. LINCE,RIS 3,I-3,LINCE,6345.0,5.0,14.0,61.0,1.0,0.0,2025-07-05,4253.0,2092.0,0.9613869188337274,0.015760441292356184,0.0,1269.0,67.02915681639085,32.97084318360914,2025,6,5.0,0.0,9274.0,5.0,15.0,1854.8,0.3450506793185249,1.9516929048954066,0.010782833728703903,65.11753288764287,0.7710712361968978,0.6799544559301123,7294.333333333333,0.0,06
6192,2025-07-01,202507,6195,C.S. LINCE,RIS 3,I-3,LINCE,4644.0,4.0,14.0,103.0,29.0,4.0,2025-08-04,3652.0,992.0,2.217915590008613,0.6244616709732989,0.08613264427217916,1161.0,78.63910422049958,21.36089577950043,2025,7,4.0,0.0,6345.0,5.0,14.0,1269.0,0.9613869188337274,0.015760441292356184,0.0,67.02915681639085,0.8273479233615517,0.6852079363608977,7474.666666666667,0.0,07
6192,2025-08-01,202508,6195,C.S. LINCE,RIS 3,I-3,LINCE,5624.0,3.0,14.0,34.0,95.0,0.0,2025-09-04,3984.0,1640.0,0.604551920341394,1.6891891891891893,0.0,1874.6666666666667,70.83926031294452,29.160739687055475,2025,8,4.0,0.0,4644.0,4.0,14.0,1161.0,2.217915590008613,0.6244616709732989,0.08613264427217916,78.63910422049958,1.174784396053622,0.8639716723870206,6754.333333333333,0.0,08
6192,2025-09-01,202509,6195,C.S. LINCE,RIS 3,I-3,LINCE,6643.0,5.0,15.0,92.0,151.0,0.0,2025-10-04,5464.0,1179.0,1.3849164534096041,2.2730693963570676,0.0,1328.6,82.2519945807617,17.748005419238297,2025,9,4.0,0.0,5624.0,3.0,14.0,1874.6666666666667,0.604551920341394,1.6891891891891893,0.0,70.83926031294452,1.2612848097279115,0.7764704338182815,5537.666666666667,0.0,09
6192,2025-10-01,202510,6195,C.S. LINCE,RIS 3,I-3,LINCE,5764.0,6.0,15.0,261.0,214.0,35.0,2025-11-04,5082.0,682.0,4.528105482303956,3.7126995142262316,0.6072172102706453,960.6666666666666,88.16793893129771,11.83206106870229,2025,10,4.0,0.0,6643.0,5.0,15.0,1328.6,1.3849164534096041,2.2730693963570676,0.0,82.2519945807617,1.4024613212532036,1.5289067521731852,5637.0,0.0,10
6192,2025-11-01,202511,6195,C.S. LINCE,RIS 3,I-3,LINCE,6680.0,6.0,17.0,70.0,333.0,187.0,2025-12-04,5906.0,774.0,1.0479041916167664,4.985029940119761,2.7994011976047903,1113.3333333333333,88.41317365269461,11.58682634730539,2025,11,4.0,0.0,5764.0,6.0,15.0,960.6666666666666,4.528105482303956,3.7126995142262316,0.6072172102706453,88.16793893129771,2.1725246186849847,2.5583193665908297,6010.333333333333,0.0,11
6192,2025-12-01,202512,6195,C.S. LINCE,RIS 3,I-3,LINCE,6065.0,4.0,18.0,272.0,8.0,0.0,2026-01-05,5702.0,363.0,4.48474855729596,0.13190436933223412,0.0,1516.25,94.01483924154988,5.985160758450124,2025,12,5.0,0.0,6680.0,6.0,17.0,1113.3333333333333,1.0479041916167664,4.985029940119761,2.7994011976047903,88.41317365269461,2.3203087091101087,3.6569329502343533,6362.333333333333,0.0,12
6192,2026-01-01,202601,6195,C.S. LINCE,RIS 3,I-3,LINCE,5239.0,5.0,17.0,351.0,596.0,224.0,2026-02-06,5147.0,92.0,6.699751861042183,11.376216835273906,4.275625119297576,1047.8,98.24393968314564,1.7560603168543616,2026,1,6.0,0.0,6065.0,4.0,18.0,1516.25,4.48474855729596,0.13190436933223412,0.0,94.01483924154988,3.3535860770722277,2.9432112745594092,6169.666666666667,0.0,01
6192,2026-02-01,202602,6195,C.S. LINCE,RIS 3,I-3,LINCE,5720.0,5.0,18.0,748.0,753.0,343.0,2026-03-04,5620.0,100.0,13.076923076923077,13.164335664335665,5.996503496503497,1144.0,98.25174825174825,1.7482517482517483,2026,2,4.0,1.0,5239.0,5.0,17.0,1047.8,6.699751861042183,11.376216835273906,4.275625119297576,98.24393968314564,4.077468203318303,5.497717048241967,5994.666666666667,0.0,02
6192,2026-03-01,202603,6195,C.S. LINCE,RIS 3,I-3,LINCE,6891.0,5.0,16.0,1071.0,86.0,13.0,2026-04-05,6787.0,104.0,15.542011319111886,1.2480046437382093,0.18865186475112466,1378.2,98.490785081991,1.5092149180089973,2026,3,5.0,1.0,5720.0,5.0,18.0,1144.0,13.076923076923077,13.164335664335665,5.996503496503497,98.25174825174825,8.087141165087074,8.22415228964727,5674.666666666667,1.0,03
6192,2026-04-01,202604,6195,C.S. LINCE,RIS 3,I-3,LINCE,4150.0,3.0,16.0,41.0,71.0,1.0,2026-05-05,3529.0,621.0,0.9879518072289156,1.7108433734939759,0.024096385542168676,1383.3333333333333,85.03614457831326,14.963855421686747,2026,4,5.0,0.0,6891.0,5.0,16.0,1378.2,15.542011319111886,1.2480046437382093,0.18865186475112466,98.490785081991,11.772895419025716,8.59618571444926,5950.0,1.0,04
6192,2026-05-01,202605,6195,C.S. LINCE,RIS 3,I-3,LINCE,4962.0,4.0,15.0,56.0,12.0,0.0,2026-06-04,3816.0,1146.0,1.128577186618299,0.2418379685610641,0.0,1240.5,76.90447400241838,23.09552599758162,2026,5,4.0,0.0,4150.0,3.0,16.0,1383.3333333333333,0.9879518072289156,1.7108433734939759,0.024096385542168676,85.03614457831326,9.868962067754627,5.374394560522617,5587.0,0.0,05
6192,2026-06-01,202606,6195,C.S. LINCE,RIS 3,I-3,LINCE,5208.0,6.0,16.0,24.0,1.0,0.0,2026-07-05,4082.0,1126.0,0.4608294930875576,0.019201228878648235,0.0,868.0,78.37941628264208,21.62058371735791,2026,6,5.0,0.0,4962.0,4.0,15.0,1240.5,1.128577186618299,0.2418379685610641,0.0,76.90447400241838,5.8861801043197,1.0668953285977498,5334.333333333333,0.0,06
6192,2026-07-01,202607,6195,C.S. LINCE,RIS 3,I-3,LINCE,4073.0,4.0,15.0,7.0,8.0,7.0,2026-08-04,3442.0,631.0,0.1718634912840658,0.1964154186103609,0.1718634912840658,1018.25,84.50773385710778,15.492266142892216,2026,7,4.0,0.0,5208.0,6.0,16.0,868.0,0.4608294930875576,0.019201228878648235,0.0,78.37941628264208,0.859119495644924,0.6572941903112294,4773.333333333333,0.0,07
6192,2026-08-01,202608,6195,C.S. LINCE,RIS 3,I-3,LINCE,5174.0,4.0,17.0,10.0,75.0,0.0,2026-09-04,4828.0,346.0,0.1932740626207963,1.4495554696559723,0.0,1293.5,93.31271743332044,6.687282566679552,2026,8,4.0,0.0,4073.0,4.0,15.0,1018.25,0.1718634912840658,0.1964154186103609,0.1718634912840658,84.50773385710778,0.5870900569966407,0.15248487201669106,4747.666666666667,0.0,08
6193,2025-02-01,202502,6196,C.S. MAGDALENA,RIS 2,I-4,MAGDALENA DEL MAR,12334.0,8.0,26.0,213.0,1303.0,543.0,2025-03-04,12154.0,180.0,1.7269336792605805,10.56429382195557,4.402464731636128,1541.75,98.54061942597697,1.4593805740230257,2025,2,4.0,0.0,10272.0,6.0,26.0,1712.0,1.1876947040498442,5.383566978193146,2.998442367601246,99.19197819314641,1.1876947040498442,5.383566978193146,10272.0,0.0,02
6193,2025-03-01,202503,6196,C.S. MAGDALENA,RIS 2,I-4,MAGDALENA DEL MAR,13093.0,6.0,27.0,95.0,879.0,2.0,2025-04-05,13058.0,35.0,0.7255785534254945,6.713511036431681,0.015275337966852516,2182.1666666666665,99.73268158558008,0.26731841441991905,2025,3,5.0,0.0,12334.0,8.0,26.0,1541.75,1.7269336792605805,10.56429382195557,4.402464731636128,98.54061942597697,1.4573141916552124,7.973930400074358,11303.0,0.0,03
6193,2025-04-01,202504,6196,C.S. MAGDALENA,RIS 2,I-4,MAGDALENA DEL MAR,14357.0,9.0,28.0,930.0,1276.0,983.0,2025-05-05,13549.0,808.0,6.477676394789998,8.887650623389288,6.846834296858675,1595.2222222222222,94.37208330431149,5.627916695688515,2025,4,5.0,0.0,13093.0,6.0,27.0,2182.1666666666665,0.7255785534254945,6.713511036431681,0.015275337966852516,99.73268158558008,1.2134023122453064,7.553790612193466,11899.666666666666,0.0,04
6193,2025-05-01,202505,6196,C.S. MAGDALENA,RIS 2,I-4,MAGDALENA DEL MAR,16057.0,9.0,27.0,166.0,2079.0,519.0,2025-06-04,14910.0,1147.0,1.0338170268418758,12.947624089182288,3.2322351622345393,1784.111111111111,92.85669801332752,7.143301986672479,2025,5,4.0,0.0,14357.0,9.0,28.0,1595.2222222222222,6.477676394789998,8.887650623389288,6.846834296858675,94.37208330431149,2.976729542492024,8.721818493925513,13261.333333333334,0.0,05
6193,2025-06-01,202506,6196,C.S. MAGDALENA,RIS 2,I-4,MAGDALENA DEL MAR,14303.0,8.0,26.0,166.0,510.0,455.0,2025-07-05,12968.0,1335.0,1.160595679228134,3.5656855205201707,3.181150807522897,1787.875,90.66629378452073,9.33370621547927,2025,6,5.0,0.0,16057.0,9.0,27.0,1784.111111111111,1.0338170268418758,12.947624089182288,3.2322351622345393,92.85669801332752,2.7456906583524563,9.51626191633442,14502.333333333334,0.0,06
6193,2025-07-01,202507,6196,C.S. MAGDALENA,RIS 2,I-4,MAGDALENA DEL MAR,11726.0,8.0,29.0,171.0,1873.0,1041.0,2025-08-04,10871.0,855.0,1.4582977997612143,15.973051338904998,8.877707658195463,1465.75,92.70851100119393,7.291488998806072,2025,7,4.0,0.0,14303.0,8.0,26.0,1787.875,1.160595679228134,3.5656855205201707,3.181150807522897,90.66629378452073,2.890696366953336,8.466986744363915,14905.666666666666,0.0,07
6193,2025-08-01,202508,6196,C.S. MAGDALENA,RIS 2,I-4,MAGDALENA DEL MAR,13414.0,7.0,29.0,404.0,2527.0,1301.0,2025-09-04,13042.0,372.0,3.0117787386312806,18.838526912181305,9.698822126136871,1916.2857142857142,97.2267779931415,2.773222006858506,2025,8,4.0,0.0,11726.0,8.0,29.0,1465.75,1.4582977997612143,15.973051338904998,8.877707658195463,92.70851100119393,1.217570168610408,10.828786982869152,14028.666666666666,0.0,08
6193,2025-09-01,202509,6196,C.S. MAGDALENA,RIS 2,I-4,MAGDALENA DEL MAR,19320.0,6.0,28.0,3231.0,621.0,54.0,2025-10-04,18984.0,336.0,16.72360248447205,3.2142857142857144,0.2795031055900621,3220.0,98.26086956521739,1.7391304347826086,2025,9,4.0,1.0,13414.0,7.0,29.0,1916.2857142857142,3.0117787386312806,18.838526912181305,9.698822126136871,97.2267779931415,1.8768907392068765,12.792421257202157,13147.666666666666,0.0,09
6193,2025-10-01,202510,6196,C.S. MAGDALENA,RIS 2,I-4,MAGDALENA DEL MAR,16520.0,6.0,29.0,3868.0,1568.0,535.0,2025-11-04,15958.0,562.0,23.414043583535108,9.491525423728813,3.238498789346247,2753.3333333333335,96.59806295399515,3.401937046004843,2025,10,4.0,1.0,19320.0,6.0,28.0,3220.0,16.72360248447205,3.2142857142857144,0.2795031055900621,98.26086956521739,7.064559674288181,12.67528798845734,14820.0,1.0,10
6193,2025-11-01,202511,6196,C.S. MAGDALENA,RIS 2,I-4,MAGDALENA DEL MAR,13025.0,4.0,26.0,1054.0,1877.0,259.0,2025-12-04,12967.0,58.0,8.092130518234166,14.410748560460652,1.9884836852207293,3256.25,99.55470249520154,0.44529750479846447,2025,11,4.0,0.0,16520.0,6.0,29.0,2753.3333333333335,23.414043583535108,9.491525423728813,3.238498789346247,96.59806295399515,14.383141602212811,10.514779350065277,16418.0,1.0,11
6193,2025-12-01,202512,6196,C.S. MAGDALENA,RIS 2,I-4,MAGDALENA DEL MAR,9528.0,4.0,24.0,46.0,1015.0,425.0,2026-01-05,9388.0,140.0,0.4827875734676742,10.652812762384551,4.460537363560033,2382.0,98.53064651553316,1.4693534844668346,2025,12,5.0,0.0,13025.0,4.0,26.0,3256.25,8.092130518234166,14.410748560460652,1.9884836852207293,99.55470249520154,16.076592195413777,9.03885323282506,16288.333333333334,0.0,12
6193,2026-01-01,202601,6196,C.S. MAGDALENA,RIS 2,I-4,MAGDALENA DEL MAR,9900.0,4.0,21.0,317.0,1710.0,571.0,2026-02-06,9888.0,12.0,3.202020202020202,17.272727272727273,5.767676767676767,2475.0,99.87878787878788,0.12121212121212122,2026,1,6.0,0.0,9528.0,4.0,24.0,2382.0,0.4827875734676742,10.652812762384551,4.460537363560033,98.53064651553316,10.662987225078984,11.518362248858006,13024.333333333334,0.0,01
6193,2026-02-01,202602,6196,C.S. MAGDALENA,RIS 2,I-4,MAGDALENA DEL MAR,11576.0,4.0,27.0,1385.0,2081.0,540.0,2026-03-04,11543.0,33.0,11.964409122322046,17.976848652384245,4.664823773324119,2894.0,99.71492743607463,0.28507256392536284,2026,2,4.0,1.0,9900.0,4.0,21.0,2475.0,3.202020202020202,17.272727272727273,5.767676767676767,99.87878787878788,3.9256460979073484,14.112096198524158,10817.666666666666,0.0,02
6193,2026-03-01,202603,6196,C.S. MAGDALENA,RIS 2,I-4,MAGDALENA DEL MAR,12831.0,5.0,25.0,2041.0,0.0,0.0,2026-04-05,12830.0,1.0,15.906788247213779,0.0,0.0,2566.2,99.9922063751851,0.007793624814901411,2026,3,5.0,1.0,11576.0,4.0,27.0,2894.0,11.964409122322046,17.976848652384245,4.664823773324119,99.71492743607463,5.216405632603308,15.300796229165357,10334.666666666666,1.0,03
6193,2026-04-01,202604,6196,C.S. MAGDALENA,RIS 2,I-4,MAGDALENA DEL MAR,11269.0,5.0,26.0,2617.0,975.0,426.0,2026-05-05,10847.0,422.0,23.223001153607242,8.65205430827935,3.7802821900789776,2253.8,96.2552134173396,3.744786582660396,2026,4,5.0,1.0,12831.0,5.0,25.0,2566.2,15.906788247213779,0.0,0.0,99.9922063751851,10.357739190518677,11.749858641703838,11435.666666666666,1.0,04
6193,2026-05-01,202605,6196,C.S. MAGDALENA,RIS 2,I-4,MAGDALENA DEL MAR,11556.0,6.0,25.0,1335.0,1918.0,648.0,2026-06-04,11041.0,515.0,11.552440290758048,16.597438560055384,5.607476635514018,1926.0,95.54344063689858,4.4565593631014195,2026,5,4.0,1.0,11269.0,5.0,26.0,2253.8,23.223001153607242,8.65205430827935,3.7802821900789776,96.2552134173396,17.031399507714355,8.876300986887864,11892.0,1.0,05
6193,2026-06-01,202606,6196,C.S. MAGDALENA,RIS 2,I-4,MAGDALENA DEL MAR,12202.0,7.0,24.0,476.0,1050.0,0.0,2026-07-05,11460.0,742.0,3.900999836092444,8.605146697262743,0.0,1743.142857142857,93.91902966726767,6.080970332732339,2026,6,5.0,0.0,11556.0,6.0,25.0,1926.0,11.552440290758048,16.597438560055384,5.607476635514018,95.54344063689858,16.894076563859688,8.416497622778245,11885.333333333334,1.0,06
6193,2026-07-01,202607,6196,C.S. MAGDALENA,RIS 2,I-4,MAGDALENA DEL MAR,11261.0,6.0,26.0,1732.0,1619.0,734.0,2026-08-04,10731.0,530.0,15.380516827990409,14.377053547642305,6.5180712192522865,1876.8333333333333,95.29349080898677,4.7065091910132315,2026,7,4.0,1.0,12202.0,7.0,24.0,1743.142857142857,3.900999836092444,8.605146697262743,0.0,93.91902966726767,12.892147093485912,11.28487985519916,11675.666666666666,0.0,07
6193,2026-08-01,202608,6196,C.S. MAGDALENA,RIS 2,I-4,MAGDALENA DEL MAR,12802.0,6.0,26.0,2169.0,1830.0,716.0,2026-09-04,12397.0,405.0,16.942665208561163,14.29464146227152,5.592876113107327,2133.6666666666665,96.83643180753008,3.1635681924699264,2026,8,4.0,1.0,11261.0,6.0,26.0,1876.8333333333333,15.380516827990409,14.377053547642305,6.5180712192522865,95.29349080898677,10.277985651613635,13.19321293498681,11673.0,1.0,08
6194,2025-02-01,202502,6197,C.S. SAN ISIDRO,RIS 3,I-3,SAN ISIDRO,3852.0,6.0,17.0,1681.0,575.0,303.0,2025-03-04,3831.0,21.0,43.639667705088264,14.927310488058152,7.866043613707165,642.0,99.45482866043614,0.5451713395638629,2025,2,4.0,1.0,3940.0,3.0,17.0,1313.3333333333333,24.060913705583758,10.786802030456853,2.7411167512690353,98.70558375634518,24.060913705583758,10.786802030456853,3940.0,1.0,02
6194,2025-03-01,202503,6197,C.S. SAN ISIDRO,RIS 3,I-3,SAN ISIDRO,5112.0,3.0,20.0,1275.0,271.0,157.0,2025-04-05,5084.0,28.0,24.941314553990612,5.301251956181534,3.071205007824726,1704.0,99.45226917057903,0.5477308294209703,2025,3,5.0,1.0,3852.0,6.0,17.0,642.0,43.639667705088264,14.927310488058152,7.866043613707165,99.45482866043614,33.85029070533601,12.857056259257503,3896.0,1.0,03
6194,2025-04-01,202504,6197,C.S. SAN ISIDRO,RIS 3,I-3,SAN ISIDRO,3425.0,4.0,13.0,383.0,46.0,46.0,2025-05-05,3031.0,394.0,11.182481751824817,1.3430656934306568,1.3430656934306568,856.25,88.4963503649635,11.503649635036496,2025,4,5.0,1.0,5112.0,3.0,20.0,1704.0,24.941314553990612,5.301251956181534,3.071205007824726,99.45226917057903,30.88063198822088,10.338454824898847,4301.333333333333,1.0,04
6194,2025-05-01,202505,6197,C.S. SAN ISIDRO,RIS 3,I-3,SAN ISIDRO,5447.0,5.0,17.0,782.0,866.0,160.0,2025-06-04,4548.0,899.0,14.356526528364236,15.898659812740958,2.9373967321461354,1089.4,83.4955021112539,16.504497888746098,2025,5,4.0,1.0,3425.0,4.0,13.0,856.25,11.182481751824817,1.3430656934306568,1.3430656934306568,88.4963503649635,26.587821336967895,7.1905427125567805,4129.666666666667,1.0,05
6194,2025-06-01,202506,6197,C.S. SAN ISIDRO,RIS 3,I-3,SAN ISIDRO,4498.0,4.0,17.0,1012.0,139.0,104.0,2025-07-05,4085.0,413.0,22.49888839484215,3.090262338817252,2.3121387283236996,1124.5,90.81814139617607,9.181858603823922,2025,6,5.0,1.0,5447.0,5.0,17.0,1089.4,14.356526528364236,15.898659812740958,2.9373967321461354,83.4955021112539,16.82677427805989,7.514325820784383,4661.333333333333,1.0,06
6194,2025-07-01,202507,6197,C.S. SAN ISIDRO,RIS 3,I-3,SAN ISIDRO,3718.0,5.0,15.0,794.0,287.0,153.0,2025-08-04,3528.0,190.0,21.355567509413664,7.719203873050027,4.115115653577192,743.6,94.88972565895642,5.110274341043572,2025,7,4.0,1.0,4498.0,4.0,17.0,1124.5,22.49888839484215,3.090262338817252,2.3121387283236996,90.81814139617607,16.012632225010403,6.777329281662955,4456.666666666667,1.0,07
6194,2025-08-01,202508,6197,C.S. SAN ISIDRO,RIS 3,I-3,SAN ISIDRO,3790.0,5.0,15.0,724.0,121.0,72.0,2025-09-04,3532.0,258.0,19.102902374670183,3.192612137203166,1.8997361477572559,758.0,93.19261213720317,6.807387862796833,2025,8,4.0,1.0,3718.0,5.0,15.0,743.6,21.355567509413664,7.719203873050027,4.115115653577192,94.88972565895642,19.40366081087335,8.902708674869412,4554.333333333333,1.0,08
6194,2025-09-01,202509,6197,C.S. SAN ISIDRO,RIS 3,I-3,SAN ISIDRO,6306.0,3.0,18.0,89.0,1292.0,247.0,2025-10-04,6223.0,83.0,1.4113542657786236,20.488423723437997,3.9169045353631464,2102.0,98.6837932128132,1.3162067871868062,2025,9,4.0,0.0,3790.0,5.0,15.0,758.0,19.102902374670183,3.192612137203166,1.8997361477572559,93.19261213720317,20.98578609297533,4.6673594496901485,4002.0,1.0,09
6194,2025-10-01,202510,6197,C.S. SAN ISIDRO,RIS 3,I-3,SAN ISIDRO,4827.0,3.0,18.0,1028.0,559.0,61.0,2025-11-04,4813.0,14.0,21.296871762999793,11.580691941164284,1.2637248808783923,1609.0,99.70996478143775,0.290035218562254,2025,10,4.0,1.0,6306.0,3.0,18.0,2102.0,1.4113542657786236,20.488423723437997,3.9169045353631464,98.6837932128132,13.956608049954156,10.466746577897064,4604.666666666667,0.0,10
6194,2025-11-01,202511,6197,C.S. SAN ISIDRO,RIS 3,I-3,SAN ISIDRO,2641.0,2.0,12.0,386.0,16.0,16.0,2025-12-04,2607.0,34.0,14.615675880348354,0.605831124574025,0.605831124574025,1320.5,98.7126088602802,1.287391139719803,2025,11,4.0,1.0,4827.0,3.0,18.0,1609.0,21.296871762999793,11.580691941164284,1.2637248808783923,99.70996478143775,13.93704280114953,11.753909267268483,4974.333333333333,1.0,11
6194,2025-12-01,202512,6197,C.S. SAN ISIDRO,RIS 3,I-3,SAN ISIDRO,2736.0,2.0,13.0,51.0,148.0,148.0,2026-01-05,2730.0,6.0,1.8640350877192982,5.409356725146199,5.409356725146199,1368.0,99.78070175438596,0.21929824561403508,2025,12,5.0,0.0,2641.0,2.0,12.0,1320.5,14.615675880348354,0.605831124574025,0.605831124574025,98.7126088602802,12.441300636375589,10.891648929725436,4591.333333333333,1.0,12
6194,2026-01-01,202601,6197,C.S. SAN ISIDRO,RIS 3,I-3,SAN ISIDRO,2608.0,3.0,12.0,243.0,51.0,51.0,2026-02-06,2583.0,25.0,9.317484662576687,1.955521472392638,1.955521472392638,869.3333333333334,99.04141104294479,0.9585889570552147,2026,1,6.0,0.0,2736.0,2.0,13.0,1368.0,1.8640350877192982,5.409356725146199,5.409356725146199,99.78070175438596,12.592194243689145,5.86529326362817,3401.3333333333335,0.0,01
6194,2026-02-01,202602,6197,C.S. SAN ISIDRO,RIS 3,I-3,SAN ISIDRO,3056.0,4.0,11.0,1355.0,950.0,712.0,2026-03-04,3028.0,28.0,44.339005235602095,31.086387434554975,23.298429319371728,764.0,99.08376963350786,0.9162303664921466,2026,2,4.0,1.0,2608.0,3.0,12.0,869.3333333333334,9.317484662576687,1.955521472392638,1.955521472392638,99.04141104294479,8.599065210214778,2.656903107370954,2661.6666666666665,0.0,02
6194,2026-03-01,202603,6197,C.S. SAN ISIDRO,RIS 3,I-3,SAN ISIDRO,3188.0,2.0,11.0,208.0,0.0,0.0,2026-04-05,3155.0,33.0,6.524466750313676,0.0,0.0,1594.0,98.96486825595984,1.0351317440401506,2026,3,5.0,0.0,3056.0,4.0,11.0,764.0,44.339005235602095,31.086387434554975,23.298429319371728,99.08376963350786,18.506841661966025,12.817088544031272,2800.0,1.0,03
6194,2026-04-01,202604,6197,C.S. SAN ISIDRO,RIS 3,I-3,SAN ISIDRO,3374.0,2.0,12.0,31.0,270.0,0.0,2026-05-05,2953.0,421.0,0.918790752815649,8.002371072910492,0.0,1687.0,87.52222880853586,12.477771191464138,2026,4,5.0,0.0,3188.0,2.0,11.0,1594.0,6.524466750313676,0.0,0.0,98.96486825595984,20.060318882830817,11.013969635649204,2950.6666666666665,0.0,04
6194,2026-05-01,202605,6197,C.S. SAN ISIDRO,RIS 3,I-3,SAN ISIDRO,3168.0,4.0,12.0,21.0,108.0,0.0,2026-06-04,2883.0,285.0,0.6628787878787878,3.409090909090909,0.0,792.0,91.00378787878788,8.996212121212121,2026,5,4.0,0.0,3374.0,2.0,12.0,1687.0,0.918790752815649,8.002371072910492,0.0,87.52222880853586,17.260754246243806,13.029586169155158,3206.0,0.0,05
6194,2026-06-01,202606,6197,C.S. SAN ISIDRO,RIS 3,I-3,SAN ISIDRO,2558.0,4.0,12.0,311.0,0.0,0.0,2026-07-05,2504.0,54.0,12.157935887412041,0.0,0.0,639.5,97.8889757623143,2.111024237685692,2026,6,5.0,1.0,3168.0,4.0,12.0,792.0,0.6628787878787878,3.409090909090909,0.0,91.00378787878788,2.7020454303360375,3.803820660667134,3243.3333333333335,0.0,06
6194,2026-07-01,202607,6197,C.S. SAN ISIDRO,RIS 3,I-3,SAN ISIDRO,2525.0,3.0,13.0,1090.0,289.0,190.0,2026-08-04,2462.0,63.0,43.16831683168317,11.445544554455445,7.524752475247524,841.6666666666666,97.5049504950495,2.495049504950495,2026,7,4.0,1.0,2558.0,4.0,12.0,639.5,12.157935887412041,0.0,0.0,97.8889757623143,4.579868476035492,3.803820660667134,3033.3333333333335,1.0,07
6194,2026-08-01,202608,6197,C.S. SAN ISIDRO,RIS 3,I-3,SAN ISIDRO,3626.0,2.0,13.0,538.0,400.0,100.0,2026-09-04,3488.0,138.0,14.837286265857694,11.031439602868174,2.7578599007170435,1813.0,96.19415333701048,3.80584666298952,2026,8,4.0,1.0,2525.0,3.0,13.0,841.6666666666666,43.16831683168317,11.445544554455445,7.524752475247524,97.5049504950495,18.663043835657998,4.951545154515451,2750.3333333333335,1.0,08
6195,2025-02-01,202502,6198,C.S. SAN MIGUEL,RIS 2,I-3,SAN MIGUEL,8846.0,4.0,24.0,233.0,1703.0,676.0,2025-03-04,8039.0,807.0,2.6339588514582863,19.251639158941895,7.641872032557088,2211.5,90.87723264752431,9.122767352475694,2025,2,4.0,0.0,7530.0,3.0,23.0,2510.0,0.6241699867197875,23.213811420982736,0.013280212483399735,91.96547144754317,0.6241699867197875,23.213811420982736,7530.0,0.0,02
6195,2025-03-01,202503,6198,C.S. SAN MIGUEL,RIS 2,I-3,SAN MIGUEL,9312.0,6.0,22.0,60.0,718.0,0.0,2025-04-05,8777.0,535.0,0.6443298969072165,7.7104810996563575,0.0,1552.0,94.25472508591065,5.745274914089347,2025,3,5.0,0.0,8846.0,4.0,24.0,2211.5,2.6339588514582863,19.251639158941895,7.641872032557088,90.87723264752431,1.6290644190890369,21.232725289962318,8188.0,0.0,03
6195,2025-04-01,202504,6198,C.S. SAN MIGUEL,RIS 2,I-3,SAN MIGUEL,8912.0,6.0,24.0,276.0,933.0,63.0,2025-05-05,7580.0,1332.0,3.096947935368043,10.469030520646319,0.7069120287253142,1485.3333333333333,85.05385996409336,14.946140035906643,2025,4,5.0,0.0,9312.0,6.0,22.0,1552.0,0.6443298969072165,7.7104810996563575,0.0,94.25472508591065,1.3008195783617633,16.72531055986033,8562.666666666666,0.0,04
6195,2025-05-01,202505,6198,C.S. SAN MIGUEL,RIS 2,I-3,SAN MIGUEL,11320.0,6.0,24.0,92.0,1667.0,466.0,2025-06-04,8758.0,2562.0,0.8127208480565371,14.726148409893993,4.11660777385159,1886.6666666666667,77.36749116607774,22.632508833922262,2025,5,4.0,0.0,8912.0,6.0,24.0,1485.3333333333333,3.096947935368043,10.469030520646319,0.7069120287253142,85.05385996409336,2.1250788945778485,12.477050259748191,9023.333333333334,0.0,05
6195,2025-06-01,202506,6198,C.S. SAN MIGUEL,RIS 2,I-3,SAN MIGUEL,11008.0,4.0,24.0,94.0,208.0,108.0,2025-07-05,7815.0,3193.0,0.8539244186046512,1.8895348837209303,0.9811046511627907,2752.0,70.99382267441861,29.006177325581394,2025,6,5.0,0.0,11320.0,6.0,24.0,1886.6666666666667,0.8127208480565371,14.726148409893993,4.11660777385159,77.36749116607774,1.5179995601105987,10.96855334339889,9848.0,0.0,06
6195,2025-07-01,202507,6198,C.S. SAN MIGUEL,RIS 2,I-3,SAN MIGUEL,10228.0,6.0,21.0,114.0,1155.0,466.0,2025-08-04,8398.0,1830.0,1.114587407117716,11.292530308955808,4.556120453656629,1704.6666666666667,82.10793899100508,17.892061008994915,2025,7,4.0,0.0,11008.0,4.0,24.0,2752.0,0.8539244186046512,1.8895348837209303,0.9811046511627907,70.99382267441861,1.5878644006764107,9.02823793808708,10413.333333333334,0.0,07
6195,2025-08-01,202508,6198,C.S. SAN MIGUEL,RIS 2,I-3,SAN MIGUEL,8119.0,4.0,20.0,223.0,1557.0,74.0,2025-09-04,7092.0,1027.0,2.7466436753294743,19.17723857617933,0.9114422958492425,2029.75,87.35065894814632,12.649341051853677,2025,8,4.0,0.0,10228.0,6.0,21.0,1704.6666666666667,1.114587407117716,11.292530308955808,4.556120453656629,82.10793899100508,0.9270775579263014,9.302737867523577,10852.0,0.0,08
6195,2025-09-01,202509,6198,C.S. SAN MIGUEL,RIS 2,I-3,SAN MIGUEL,11852.0,4.0,20.0,233.0,3143.0,752.0,2025-10-04,10085.0,1767.0,1.9659129260884238,26.5187310158623,6.344920688491394,2963.0,85.09112386095174,14.908876139048262,2025,9,4.0,0.0,8119.0,4.0,20.0,2029.75,2.7466436753294743,19.17723857617933,0.9114422958492425,87.35065894814632,1.5717185003506138,10.786434589618688,9785.0,0.0,09
6195,2025-10-01,202510,6198,C.S. SAN MIGUEL,RIS 2,I-3,SAN MIGUEL,8116.0,5.0,21.0,105.0,910.0,597.0,2025-11-04,7052.0,1064.0,1.2937407589945786,11.212419911286348,7.3558403154263186,1623.2,86.89009364218828,13.10990635781173,2025,10,4.0,0.0,11852.0,4.0,20.0,2963.0,1.9659129260884238,26.5187310158623,6.344920688491394,85.09112386095174,1.9423813361785383,18.996166633665812,10066.333333333334,0.0,10
6195,2025-11-01,202511,6198,C.S. SAN MIGUEL,RIS 2,I-3,SAN MIGUEL,7085.0,7.0,22.0,51.0,1220.0,130.0,2025-12-04,5936.0,1149.0,0.7198306280875089,17.219477769936486,1.834862385321101,1012.1428571428571,83.78263937896965,16.217360621030345,2025,11,4.0,0.0,8116.0,5.0,21.0,1623.2,1.2937407589945786,11.212419911286348,7.3558403154263186,86.89009364218828,2.0020991201374922,18.969463167775995,9362.333333333334,0.0,11
6195,2025-12-01,202512,6198,C.S. SAN MIGUEL,RIS 2,I-3,SAN MIGUEL,6277.0,4.0,21.0,26.0,661.0,24.0,2026-01-05,5339.0,938.0,0.4142106101640911,10.530508204556316,0.3823482555360841,1569.25,85.05655567946471,14.943444320535287,2025,12,5.0,0.0,7085.0,7.0,22.0,1012.1428571428571,0.7198306280875089,17.219477769936486,1.834862385321101,83.78263937896965,1.326494771056837,18.31687623236171,9017.666666666666,0.0,12
6195,2026-01-01,202601,6198,C.S. SAN MIGUEL,RIS 2,I-3,SAN MIGUEL,7992.0,5.0,22.0,31.0,1297.0,3.0,2026-02-06,7335.0,657.0,0.38788788788788786,16.22872872872873,0.03753753753753754,1598.4,91.77927927927928,8.22072072072072,2026,1,6.0,0.0,6277.0,4.0,21.0,1569.25,0.4142106101640911,10.530508204556316,0.3823482555360841,85.05655567946471,0.8092606657487261,12.98746862859305,7159.333333333333,0.0,01
6195,2026-02-01,202602,6198,C.S. SAN MIGUEL,RIS 2,I-3,SAN MIGUEL,9195.0,5.0,22.0,1018.0,1725.0,458.0,2026-03-04,8270.0,925.0,11.071234366503534,18.760195758564436,4.980967917346384,1839.0,89.94018488308863,10.059815116911365,2026,2,4.0,1.0,7992.0,5.0,22.0,1598.4,0.38788788788788786,16.22872872872873,0.03753753753753754,91.77927927927928,0.5073097087131626,14.659571567740509,7118.0,0.0,02
6195,2026-03-01,202603,6198,C.S. SAN MIGUEL,RIS 2,I-3,SAN MIGUEL,8820.0,5.0,20.0,177.0,1559.0,677.0,2026-04-05,7933.0,887.0,2.006802721088435,17.675736961451246,7.675736961451247,1764.0,89.94331065759637,10.056689342403628,2026,3,5.0,0.0,9195.0,5.0,22.0,1839.0,11.071234366503534,18.760195758564436,4.980967917346384,89.94018488308863,3.9577776215185043,15.173144230616492,7821.333333333333,1.0,03
6195,2026-04-01,202604,6198,C.S. SAN MIGUEL,RIS 2,I-3,SAN MIGUEL,8690.0,5.0,20.0,128.0,2040.0,861.0,2026-05-05,7432.0,1258.0,1.472957422324511,23.475258918296895,9.907940161104719,1738.0,85.52359033371691,14.476409666283084,2026,4,5.0,0.0,8820.0,5.0,20.0,1764.0,2.006802721088435,17.675736961451246,7.675736961451247,89.94331065759637,4.488641658493286,17.55488714958147,8669.0,0.0,04
6195,2026-05-01,202605,6198,C.S. SAN MIGUEL,RIS 2,I-3,SAN MIGUEL,8871.0,8.0,22.0,588.0,1282.0,410.0,2026-06-04,7286.0,1585.0,6.628339533310788,14.4515838124225,4.621801375267727,1108.875,82.13279224439184,17.86720775560816,2026,5,4.0,0.0,8690.0,5.0,20.0,1738.0,1.472957422324511,23.475258918296895,9.907940161104719,85.52359033371691,4.850331503305493,19.97039721277086,8901.666666666666,0.0,05
6195,2026-06-01,202606,6198,C.S. SAN MIGUEL,RIS 2,I-3,SAN MIGUEL,9754.0,7.0,24.0,296.0,518.0,0.0,2026-07-05,8456.0,1298.0,3.0346524502768095,5.310641787984417,0.0,1393.4285714285713,86.69263891736723,13.307361082632767,2026,6,5.0,0.0,8871.0,8.0,22.0,1108.875,6.628339533310788,14.4515838124225,4.621801375267727,82.13279224439184,3.3693665589079114,18.534193230723545,8793.666666666666,0.0,06
6195,2026-07-01,202607,6198,C.S. SAN MIGUEL,RIS 2,I-3,SAN MIGUEL,9372.0,8.0,24.0,114.0,1197.0,469.0,2026-08-04,7821.0,1551.0,1.2163892445582587,12.772087067861715,5.0042680324370465,1171.5,83.45070422535211,16.549295774647888,2026,7,4.0,0.0,9754.0,7.0,24.0,1393.4285714285713,3.0346524502768095,5.310641787984417,0.0,86.69263891736723,3.711983135304036,14.412494839567934,9105.0,0.0,07
6195,2026-08-01,202608,6198,C.S. SAN MIGUEL,RIS 2,I-3,SAN MIGUEL,9286.0,6.0,24.0,146.0,588.0,0.0,2026-09-04,8260.0,1026.0,1.5722593150979969,6.332112858065906,0.0,1547.6666666666667,88.9511091966401,11.048890803359896,2026,8,4.0,0.0,9372.0,8.0,24.0,1171.5,1.2163892445582587,12.772087067861715,5.0042680324370465,83.45070422535211,3.626460409381952,10.844770889422875,9332.333333333334,0.0,08
6196,2025-02-01,202502,6199,C.S. HUACA PANDO,RIS 2,I-3,SAN MIGUEL,1846.0,1.0,12.0,1140.0,114.0,114.0,2025-03-04,1647.0,199.0,61.75514626218852,6.175514626218852,6.175514626218852,1846.0,89.21993499458289,10.780065005417118,2025,2,4.0,1.0,1939.0,1.0,13.0,1939.0,50.23207839092316,5.776173285198556,3.919546157813306,89.99484270242392,50.23207839092316,5.776173285198556,1939.0,1.0,02
6196,2025-03-01,202503,6199,C.S. HUACA PANDO,RIS 2,I-3,SAN MIGUEL,1807.0,1.0,13.0,939.0,68.0,0.0,2025-04-05,1550.0,257.0,51.96458218040952,3.763143331488655,0.0,1807.0,85.77753182069729,14.222468179302712,2025,3,5.0,1.0,1846.0,1.0,12.0,1846.0,61.75514626218852,6.175514626218852,6.175514626218852,89.21993499458289,55.993612326555834,5.975843955708704,1892.5,1.0,03
6196,2025-04-01,202504,6199,C.S. HUACA PANDO,RIS 2,I-3,SAN MIGUEL,2092.0,1.0,14.0,1099.0,239.0,236.0,2025-05-05,1768.0,324.0,52.53346080305927,11.424474187380497,11.281070745697896,2092.0,84.51242829827916,15.48757170172084,2025,4,5.0,1.0,1807.0,1.0,13.0,1807.0,51.96458218040952,3.763143331488655,0.0,85.77753182069729,54.6506022778404,5.238277080968688,1864.0,1.0,04
6196,2025-05-01,202505,6199,C.S. HUACA PANDO,RIS 2,I-3,SAN MIGUEL,3347.0,1.0,13.0,427.0,391.0,26.0,2025-06-04,2486.0,861.0,12.75769345682701,11.682103376157754,0.7768150582611294,3347.0,74.27547057066029,25.724529429339707,2025,5,4.0,1.0,2092.0,1.0,14.0,2092.0,52.53346080305927,11.424474187380497,11.281070745697896,84.51242829827916,55.41772974855243,7.121044048362667,1915.0,1.0,05
6196,2025-06-01,202506,6199,C.S. HUACA PANDO,RIS 2,I-3,SAN MIGUEL,2800.0,3.0,14.0,24.0,179.0,0.0,2025-07-05,1838.0,962.0,0.8571428571428571,6.392857142857143,0.0,933.3333333333334,65.64285714285714,34.357142857142854,2025,6,5.0,0.0,3347.0,1.0,13.0,3347.0,12.75769345682701,11.682103376157754,0.7768150582611294,74.27547057066029,39.0852454800986,8.956573631675635,2415.3333333333335,1.0,06
6196,2025-07-01,202507,6199,C.S. HUACA PANDO,RIS 2,I-3,SAN MIGUEL,2978.0,2.0,14.0,1219.0,34.0,34.0,2025-08-04,2338.0,640.0,40.93351242444594,1.1417058428475486,1.1417058428475486,1489.0,78.50906648757555,21.490933512424444,2025,7,4.0,1.0,2800.0,3.0,14.0,933.3333333333334,0.8571428571428571,6.392857142857143,0.0,65.64285714285714,22.049432372343045,9.833144902131798,2746.3333333333335,0.0,07
6196,2025-08-01,202508,6199,C.S. HUACA PANDO,RIS 2,I-3,SAN MIGUEL,1960.0,1.0,12.0,437.0,139.0,0.0,2025-09-04,1156.0,804.0,22.29591836734694,7.091836734693878,0.0,1960.0,58.97959183673469,41.02040816326531,2025,8,4.0,1.0,2978.0,2.0,14.0,1489.0,40.93351242444594,1.1417058428475486,1.1417058428475486,78.50906648757555,18.18278291280527,6.405555453954148,3041.6666666666665,1.0,08
6196,2025-09-01,202509,6199,C.S. HUACA PANDO,RIS 2,I-3,SAN MIGUEL,2357.0,2.0,10.0,503.0,224.0,44.0,2025-10-04,1935.0,422.0,21.34068731438269,9.503606279168434,1.8667798048366568,1178.5,82.09588459906661,17.90411540093339,2025,9,4.0,1.0,1960.0,1.0,12.0,1960.0,22.29591836734694,7.091836734693878,0.0,58.97959183673469,21.362191216311913,4.87546657346619,2579.3333333333335,1.0,09
6196,2025-10-01,202510,6199,C.S. HUACA PANDO,RIS 2,I-3,SAN MIGUEL,2260.0,2.0,12.0,455.0,318.0,234.0,2025-11-04,1815.0,445.0,20.13274336283186,14.070796460176991,10.353982300884956,1130.0,80.30973451327434,19.690265486725664,2025,10,4.0,1.0,2357.0,2.0,10.0,1178.5,21.34068731438269,9.503606279168434,1.8667798048366568,82.09588459906661,28.19003936872519,5.91238295223662,2431.6666666666665,1.0,10
6196,2025-11-01,202511,6199,C.S. HUACA PANDO,RIS 2,I-3,SAN MIGUEL,2325.0,2.0,14.0,339.0,411.0,4.0,2025-12-04,2101.0,224.0,14.580645161290322,17.677419354838708,0.17204301075268819,1162.5,90.36559139784946,9.634408602150538,2025,11,4.0,1.0,2260.0,2.0,12.0,1130.0,20.13274336283186,14.070796460176991,10.353982300884956,80.30973451327434,21.256449681520497,10.222079824679767,2192.3333333333335,1.0,11
6196,2025-12-01,202512,6199,C.S. HUACA PANDO,RIS 2,I-3,SAN MIGUEL,2389.0,2.0,14.0,9.0,813.0,316.0,2026-01-05,2241.0,148.0,0.37672666387609877,34.03097530347426,13.227291753871913,1194.5,93.8049393051486,6.195060694851402,2025,12,5.0,0.0,2325.0,2.0,14.0,1162.5,14.580645161290322,17.677419354838708,0.17204301075268819,90.36559139784946,18.68469194616829,13.750607364728046,2314.0,1.0,12
6196,2026-01-01,202601,6199,C.S. HUACA PANDO,RIS 2,I-3,SAN MIGUEL,3495.0,1.0,16.0,149.0,75.0,0.0,2026-02-06,3311.0,184.0,4.263233190271817,2.1459227467811157,0.0,3495.0,94.73533619456366,5.264663805436338,2026,1,6.0,0.0,2389.0,2.0,14.0,1194.5,0.37672666387609877,34.03097530347426,13.227291753871913,93.8049393051486,11.696705062666092,21.926397039496653,2324.6666666666665,0.0,01
6196,2026-02-01,202602,6199,C.S. HUACA PANDO,RIS 2,I-3,SAN MIGUEL,2707.0,2.0,13.0,26.0,260.0,0.0,2026-03-04,2494.0,213.0,0.9604728481714074,9.604728481714075,0.0,1353.5,92.1315108976727,7.8684891023273,2026,2,4.0,0.0,3495.0,1.0,16.0,3495.0,4.263233190271817,2.1459227467811157,0.0,94.73533619456366,6.406868338479413,17.95143913503136,2736.3333333333335,0.0,02
6196,2026-03-01,202603,6199,C.S. HUACA PANDO,RIS 2,I-3,SAN MIGUEL,3404.0,2.0,14.0,40.0,552.0,0.0,2026-04-05,2995.0,409.0,1.1750881316098707,16.216216216216218,0.0,1702.0,87.98472385428907,12.015276145710928,2026,3,5.0,0.0,2707.0,2.0,13.0,1353.5,0.9604728481714074,9.604728481714075,0.0,92.1315108976727,1.8668109007731075,15.26054217732315,2863.6666666666665,0.0,03
6196,2026-04-01,202604,6199,C.S. HUACA PANDO,RIS 2,I-3,SAN MIGUEL,3239.0,1.0,13.0,830.0,363.0,0.0,2026-05-05,2258.0,981.0,25.62519296079037,11.207162704538439,0.0,3239.0,69.71287434393331,30.28712565606669,2026,4,5.0,1.0,3404.0,2.0,14.0,1702.0,1.1750881316098707,16.216216216216218,0.0,87.98472385428907,2.1329313900176983,9.322289148237136,3202.0,0.0,04
6196,2026-05-01,202605,6199,C.S. HUACA PANDO,RIS 2,I-3,SAN MIGUEL,4386.0,2.0,13.0,25.0,1029.0,1003.0,2026-06-04,3356.0,1030.0,0.5699954400364797,23.461012311901506,22.868217054263567,2193.0,76.51618787049703,23.483812129502965,2026,5,4.0,0.0,3239.0,1.0,13.0,3239.0,25.62519296079037,11.207162704538439,0.0,69.71287434393331,9.253584646857215,12.342702467489579,3116.6666666666665,1.0,05
6196,2026-06-01,202606,6199,C.S. HUACA PANDO,RIS 2,I-3,SAN MIGUEL,3072.0,3.0,13.0,54.0,174.0,0.0,2026-07-05,2747.0,325.0,1.7578125,5.6640625,0.0,1024.0,89.42057291666667,10.579427083333334,2026,6,5.0,0.0,4386.0,2.0,13.0,2193.0,0.5699954400364797,23.461012311901506,22.868217054263567,76.51618787049703,9.12342551081224,16.961463744218722,3676.3333333333335,0.0,06
6196,2026-07-01,202607,6199,C.S. HUACA PANDO,RIS 2,I-3,SAN MIGUEL,3090.0,1.0,13.0,693.0,0.0,0.0,2026-08-04,2842.0,248.0,22.42718446601942,0.0,0.0,3090.0,91.97411003236246,8.025889967637541,2026,7,4.0,1.0,3072.0,3.0,13.0,1024.0,1.7578125,5.6640625,0.0,89.42057291666667,9.317666966942282,13.44407917214665,3565.6666666666665,0.0,07
6196,2026-08-01,202608,6199,C.S. HUACA PANDO,RIS 2,I-3,SAN MIGUEL,3467.0,1.0,13.0,4.0,873.0,240.0,2026-09-04,3133.0,334.0,0.11537352177675224,25.180271127776177,6.9224113066051345,3467.0,90.3663109316412,9.633689068358812,2026,8,4.0,0.0,3090.0,1.0,13.0,3090.0,22.42718446601942,0.0,0.0,91.97411003236246,8.251664135351966,9.708358270633836,3516.0,1.0,08
6197,2025-02-01,202502,6200,C.S. SANTA CRUZ DE MIRAFLORES,RIS 3,I-3,MIRAFLORES,3610.0,7.0,16.0,892.0,409.0,159.0,2025-03-04,3056.0,554.0,24.709141274238227,11.329639889196676,4.404432132963989,515.7142857142857,84.65373961218836,15.346260387811634,2025,2,4.0,1.0,3460.0,4.0,16.0,865.0,28.352601156069365,14.76878612716763,0.4913294797687861,90.17341040462428,28.352601156069365,14.76878612716763,3460.0,1.0,02
6197,2025-03-01,202503,6200,C.S. SANTA CRUZ DE MIRAFLORES,RIS 3,I-3,MIRAFLORES,4334.0,3.0,17.0,240.0,533.0,0.0,2025-04-05,3579.0,755.0,5.5376095985233045,12.29810798338717,0.0,1444.6666666666667,82.57960313797878,17.420396862021228,2025,3,5.0,0.0,3610.0,7.0,16.0,515.7142857142857,24.709141274238227,11.329639889196676,4.404432132963989,84.65373961218836,26.530871215153795,13.049213008182154,3535.0,1.0,03
6197,2025-04-01,202504,6200,C.S. SANTA CRUZ DE MIRAFLORES,RIS 3,I-3,MIRAFLORES,4881.0,3.0,16.0,741.0,467.0,272.0,2025-05-05,3721.0,1160.0,15.181315304240934,9.567711534521614,5.572628559721369,1627.0,76.23437820118828,23.76562179881172,2025,4,5.0,1.0,4334.0,3.0,17.0,1444.6666666666667,5.5376095985233045,12.29810798338717,0.0,82.57960313797878,19.533117342943633,12.798844666583825,3801.3333333333335,0.0,04
6197,2025-05-01,202505,6200,C.S. SANTA CRUZ DE MIRAFLORES,RIS 3,I-3,MIRAFLORES,5831.0,3.0,16.0,210.0,1340.0,710.0,2025-06-04,4294.0,1537.0,3.6014405762304924,22.980620819756474,12.176299091064998,1943.6666666666667,73.64088492539874,26.35911507460127,2025,5,4.0,0.0,4881.0,3.0,16.0,1627.0,15.181315304240934,9.567711534521614,5.572628559721369,76.23437820118828,15.142688725667488,11.06515313570182,4275.0,1.0,05
6197,2025-06-01,202506,6200,C.S. SANTA CRUZ DE MIRAFLORES,RIS 3,I-3,MIRAFLORES,6237.0,6.0,15.0,184.0,1296.0,316.0,2025-07-05,3226.0,3011.0,2.9501362834696168,20.77922077922078,5.0665383998717335,1039.5,51.72358505691839,48.27641494308161,2025,6,5.0,0.0,5831.0,3.0,16.0,1943.6666666666667,3.6014405762304924,22.980620819756474,12.176299091064998,73.64088492539874,8.106788492998243,14.948813445888419,5015.333333333333,0.0,06
6197,2025-07-01,202507,6200,C.S. SANTA CRUZ DE MIRAFLORES,RIS 3,I-3,MIRAFLORES,4553.0,5.0,16.0,438.0,746.0,326.0,2025-08-04,3079.0,1474.0,9.620030748956731,16.38480122995827,7.160114210410718,910.6,67.62574126949264,32.37425873050736,2025,7,4.0,0.0,6237.0,6.0,15.0,1039.5,2.9501362834696168,20.77922077922078,5.0665383998717335,51.72358505691839,7.244297387980349,17.77585104449962,5649.666666666667,0.0,07
6197,2025-08-01,202508,6200,C.S. SANTA CRUZ DE MIRAFLORES,RIS 3,I-3,MIRAFLORES,4935.0,4.0,16.0,362.0,970.0,29.0,2025-09-04,3820.0,1115.0,7.335359675785208,19.655521783181356,0.5876393110435664,1233.75,77.40628166160081,22.59371833839919,2025,8,4.0,0.0,4553.0,5.0,16.0,910.6,9.620030748956731,16.38480122995827,7.160114210410718,67.62574126949264,5.390535869552281,20.048214276311842,5540.333333333333,0.0,08
6197,2025-09-01,202509,6200,C.S. SANTA CRUZ DE MIRAFLORES,RIS 3,I-3,MIRAFLORES,6309.0,4.0,17.0,905.0,923.0,353.0,2025-10-04,5136.0,1173.0,14.344587097796799,14.629893802504359,5.595181486764939,1577.25,81.4075130765573,18.5924869234427,2025,9,4.0,1.0,4935.0,4.0,16.0,1233.75,7.335359675785208,19.655521783181356,0.5876393110435664,77.40628166160081,6.6351755694038514,18.9398479307868,5241.666666666667,0.0,09
6197,2025-10-01,202510,6200,C.S. SANTA CRUZ DE MIRAFLORES,RIS 3,I-3,MIRAFLORES,4561.0,4.0,18.0,576.0,864.0,475.0,2025-11-04,3984.0,577.0,12.628809471607104,18.943214207410655,10.414382810787108,1140.25,87.34926551194913,12.650734488050865,2025,10,4.0,1.0,6309.0,4.0,17.0,1577.25,14.344587097796799,14.629893802504359,5.595181486764939,81.4075130765573,10.433325840846246,16.890072271881326,5265.666666666667,1.0,10
6197,2025-11-01,202511,6200,C.S. SANTA CRUZ DE MIRAFLORES,RIS 3,I-3,MIRAFLORES,4863.0,3.0,18.0,325.0,773.0,260.0,2025-12-04,4335.0,528.0,6.683117417232161,15.89553773390911,5.346493933785729,1621.0,89.1425046267736,10.857495373226403,2025,11,4.0,0.0,4561.0,4.0,18.0,1140.25,12.628809471607104,18.943214207410655,10.414382810787108,87.34926551194913,11.436252081729704,17.742876597698793,5268.333333333333,1.0,11
6197,2025-12-01,202512,6200,C.S. SANTA CRUZ DE MIRAFLORES,RIS 3,I-3,MIRAFLORES,3216.0,3.0,16.0,0.0,579.0,222.0,2026-01-05,2923.0,293.0,0.0,18.003731343283583,6.902985074626866,1072.0,90.88930348258707,9.110696517412935,2025,12,5.0,0.0,4863.0,3.0,18.0,1621.0,6.683117417232161,15.89553773390911,5.346493933785729,89.1425046267736,11.218837995545355,16.489548581274708,5244.333333333333,0.0,12
6197,2026-01-01,202601,6200,C.S. SANTA CRUZ DE MIRAFLORES,RIS 3,I-3,MIRAFLORES,3704.0,3.0,16.0,760.0,535.0,135.0,2026-02-06,3396.0,308.0,20.518358531317496,14.443844492440604,3.6447084233261338,1234.6666666666667,91.68466522678186,8.315334773218142,2026,1,6.0,1.0,3216.0,3.0,16.0,1072.0,0.0,18.003731343283583,6.902985074626866,90.88930348258707,6.437308962946422,17.614161094867786,4213.333333333333,0.0,01
6197,2026-02-01,202602,6200,C.S. SANTA CRUZ DE MIRAFLORES,RIS 3,I-3,MIRAFLORES,3980.0,3.0,15.0,377.0,520.0,0.0,2026-03-04,3303.0,677.0,9.472361809045227,13.06532663316583,0.0,1326.6666666666667,82.98994974874371,17.01005025125628,2026,2,4.0,0.0,3704.0,3.0,16.0,1234.6666666666667,20.518358531317496,14.443844492440604,3.6447084233261338,91.68466522678186,9.067158649516552,16.11437118987777,3927.6666666666665,1.0,02
6197,2026-03-01,202603,6200,C.S. SANTA CRUZ DE MIRAFLORES,RIS 3,I-3,MIRAFLORES,4797.0,3.0,16.0,910.0,717.0,152.0,2026-04-05,4324.0,473.0,18.97018970189702,14.94684177611007,3.1686470710860957,1599.0,90.13967062747551,9.860329372524495,2026,3,5.0,1.0,3980.0,3.0,15.0,1326.6666666666667,9.472361809045227,13.06532663316583,0.0,82.98994974874371,9.996906780120907,15.170967489630007,3633.3333333333335,0.0,03
6197,2026-04-01,202604,6200,C.S. SANTA CRUZ DE MIRAFLORES,RIS 3,I-3,MIRAFLORES,4780.0,3.0,17.0,475.0,349.0,118.0,2026-05-05,3832.0,948.0,9.93723849372385,7.301255230125523,2.4686192468619246,1593.3333333333333,80.1673640167364,19.832635983263597,2026,4,5.0,0.0,4797.0,3.0,16.0,1599.0,18.97018970189702,14.94684177611007,3.1686470710860957,90.13967062747551,16.320303347419912,14.152004300572168,4160.333333333333,1.0,04
6197,2026-05-01,202605,6200,C.S. SANTA CRUZ DE MIRAFLORES,RIS 3,I-3,MIRAFLORES,3390.0,3.0,15.0,129.0,414.0,3.0,2026-06-04,2745.0,645.0,3.8053097345132745,12.212389380530974,0.08849557522123894,1130.0,80.97345132743362,19.02654867256637,2026,5,4.0,0.0,4780.0,3.0,17.0,1593.3333333333333,9.93723849372385,7.301255230125523,2.4686192468619246,80.1673640167364,12.793263334888698,11.771141213133808,4519.0,0.0,05
6197,2026-06-01,202606,6200,C.S. SANTA CRUZ DE MIRAFLORES,RIS 3,I-3,MIRAFLORES,5258.0,3.0,17.0,806.0,360.0,104.0,2026-07-05,4611.0,647.0,15.329022441993153,6.846709775580068,1.9779383796120198,1752.6666666666667,87.69494104222137,12.305058957778623,2026,6,5.0,1.0,3390.0,3.0,15.0,1130.0,3.8053097345132745,12.212389380530974,0.08849557522123894,80.97345132743362,10.904245976711382,11.486828795588854,4322.333333333333,0.0,06
6197,2026-07-01,202607,6200,C.S. SANTA CRUZ DE MIRAFLORES,RIS 3,I-3,MIRAFLORES,4387.0,3.0,16.0,290.0,660.0,420.0,2026-08-04,3852.0,535.0,6.610439936175062,15.04444950991566,9.573740597219055,1462.3333333333333,87.8048780487805,12.195121951219512,2026,7,4.0,0.0,5258.0,3.0,17.0,1752.6666666666667,15.329022441993153,6.846709775580068,1.9779383796120198,87.69494104222137,9.690523556743427,8.786784795412188,4476.0,1.0,07
6197,2026-08-01,202608,6200,C.S. SANTA CRUZ DE MIRAFLORES,RIS 3,I-3,MIRAFLORES,4048.0,4.0,14.0,10.0,275.0,0.0,2026-09-04,3598.0,450.0,0.24703557312252963,6.793478260869565,0.0,1012.0,88.88339920948617,11.116600790513834,2026,8,4.0,0.0,4387.0,3.0,16.0,1462.3333333333333,6.610439936175062,15.04444950991566,9.573740597219055,87.8048780487805,8.581590704227162,11.367849555342234,4345.0,0.0,08
6198,2025-02-01,202502,6201,C.S. JESUS MARIA,RIS 2,I-3,JESUS MARIA,7693.0,6.0,16.0,498.0,1315.0,295.0,2025-03-04,6882.0,811.0,6.473417392434681,17.09346158845704,3.8346548810607044,1282.1666666666667,89.45794878460939,10.542051215390615,2025,2,4.0,0.0,6362.0,6.0,15.0,1060.3333333333333,16.457088965734044,11.694435712040239,4.023891857906319,92.61238604212512,16.457088965734044,11.694435712040239,6362.0,1.0,02
6198,2025-03-01,202503,6201,C.S. JESUS MARIA,RIS 2,I-3,JESUS MARIA,8526.0,8.0,16.0,243.0,1503.0,132.0,2025-04-05,7826.0,700.0,2.8501055594651654,17.628430682617875,1.5482054890921886,1065.75,91.78981937602627,8.210180623973727,2025,3,5.0,0.0,7693.0,6.0,16.0,1282.1666666666667,6.473417392434681,17.09346158845704,3.8346548810607044,89.45794878460939,11.465253179084362,14.393948650248639,7027.5,0.0,03
6198,2025-04-01,202504,6201,C.S. JESUS MARIA,RIS 2,I-3,JESUS MARIA,9526.0,8.0,16.0,1406.0,1014.0,202.0,2025-05-05,7946.0,1580.0,14.759605290783119,10.644551753096788,2.1205122821751,1190.75,83.41381482259081,16.586185177409195,2025,4,5.0,1.0,8526.0,8.0,16.0,1065.75,2.8501055594651654,17.628430682617875,1.5482054890921886,91.78981937602627,8.593537305877964,15.47210932770505,7527.0,0.0,04
6198,2025-05-01,202505,6201,C.S. JESUS MARIA,RIS 2,I-3,JESUS MARIA,11324.0,9.0,18.0,536.0,1936.0,1041.0,2025-06-04,9232.0,2092.0,4.733309784528435,17.09643235605793,9.19286471211586,1258.2222222222222,81.5259625574002,18.474037442599787,2025,5,4.0,0.0,9526.0,8.0,16.0,1190.75,14.759605290783119,10.644551753096788,2.1205122821751,83.41381482259081,8.027709414227656,15.122148008057232,8581.666666666666,1.0,05
6198,2025-06-01,202506,6201,C.S. JESUS MARIA,RIS 2,I-3,JESUS MARIA,8421.0,6.0,13.0,941.0,1159.0,821.0,2025-07-05,6023.0,2398.0,11.174444840280252,13.763211020068875,9.749435933974587,1403.5,71.52357202232514,28.47642797767486,2025,6,5.0,1.0,11324.0,9.0,18.0,1258.2222222222222,4.733309784528435,17.09643235605793,9.19286471211586,81.5259625574002,7.447673544925574,15.123138263924199,9792.0,0.0,06
6198,2025-07-01,202507,6201,C.S. JESUS MARIA,RIS 2,I-3,JESUS MARIA,6539.0,5.0,12.0,60.0,811.0,681.0,2025-08-04,4954.0,1585.0,0.9175714941122496,12.402508028750573,10.414436458174032,1307.8,75.76081969720141,24.239180302798594,2025,7,4.0,0.0,8421.0,6.0,13.0,1403.5,11.174444840280252,13.763211020068875,9.749435933974587,71.52357202232514,10.222453305197268,13.834731709741199,9757.0,1.0,07
6198,2025-08-01,202508,6201,C.S. JESUS MARIA,RIS 2,I-3,JESUS MARIA,5944.0,5.0,13.0,724.0,1294.0,546.0,2025-09-04,5591.0,353.0,12.18034993270525,21.76985195154778,9.185733512786003,1188.8,94.06123822341857,5.938761776581426,2025,8,4.0,1.0,6539.0,5.0,12.0,1307.8,0.9175714941122496,12.402508028750573,10.414436458174032,75.76081969720141,5.6084420396403125,14.420717134959126,8761.333333333334,0.0,08
6198,2025-09-01,202509,6201,C.S. JESUS MARIA,RIS 2,I-3,JESUS MARIA,8039.0,3.0,13.0,1393.0,638.0,133.0,2025-10-04,7818.0,221.0,17.32802587386491,7.936310486378903,1.6544346311730316,2679.6666666666665,97.25090185346436,2.7490981465356388,2025,9,4.0,1.0,5944.0,5.0,13.0,1188.8,12.18034993270525,21.76985195154778,9.185733512786003,94.06123822341857,8.09078875569925,15.978523666789075,6968.0,1.0,09
6198,2025-10-01,202510,6201,C.S. JESUS MARIA,RIS 2,I-3,JESUS MARIA,5305.0,3.0,12.0,378.0,1316.0,554.0,2025-11-04,5263.0,42.0,7.125353440150801,24.806786050895383,10.442978322337417,1768.3333333333333,99.20829406220547,0.7917059377945335,2025,10,4.0,0.0,8039.0,3.0,13.0,2679.6666666666665,17.32802587386491,7.936310486378903,1.6544346311730316,97.25090185346436,10.141982433560804,14.036223488892418,6840.666666666667,1.0,10
6198,2025-11-01,202511,6201,C.S. JESUS MARIA,RIS 2,I-3,JESUS MARIA,5177.0,2.0,13.0,18.0,763.0,126.0,2025-12-04,5106.0,71.0,0.34769171334749854,14.738265404674522,2.4338419934324897,2588.5,98.62854935290709,1.3714506470929109,2025,11,4.0,0.0,5305.0,3.0,12.0,1768.3333333333333,7.125353440150801,24.806786050895383,10.442978322337417,99.20829406220547,12.21124308224032,18.170982829607354,6429.333333333333,0.0,11
6198,2025-12-01,202512,6201,C.S. JESUS MARIA,RIS 2,I-3,JESUS MARIA,5120.0,3.0,12.0,151.0,395.0,320.0,2026-01-05,5062.0,58.0,2.94921875,7.71484375,6.25,1706.6666666666667,98.8671875,1.1328125,2025,12,5.0,0.0,5177.0,2.0,13.0,2588.5,0.34769171334749854,14.738265404674522,2.4338419934324897,98.62854935290709,8.267023675787735,15.827120647316269,6173.666666666667,0.0,12
6198,2026-01-01,202601,6201,C.S. JESUS MARIA,RIS 2,I-3,JESUS MARIA,5006.0,5.0,11.0,311.0,426.0,0.0,2026-02-06,4985.0,21.0,6.212544946064722,8.509788254095087,0.0,1001.2,99.5805033959249,0.41949660407510986,2026,1,6.0,0.0,5120.0,3.0,12.0,1706.6666666666667,2.94921875,7.71484375,6.25,98.8671875,3.4740879678327663,15.753298401856634,5200.666666666667,0.0,01
6198,2026-02-01,202602,6201,C.S. JESUS MARIA,RIS 2,I-3,JESUS MARIA,5514.0,3.0,12.0,608.0,322.0,11.0,2026-03-04,5498.0,16.0,11.026478055857817,5.83968081247733,0.19949220166848022,1838.0,99.70982952484584,0.29017047515415306,2026,2,4.0,1.0,5006.0,5.0,11.0,1001.2,6.212544946064722,8.509788254095087,0.0,99.5805033959249,3.1698184698040737,10.320965802923203,5101.0,0.0,02
6198,2026-03-01,202603,6201,C.S. JESUS MARIA,RIS 2,I-3,JESUS MARIA,6884.0,2.0,13.0,581.0,1503.0,486.0,2026-04-05,6848.0,36.0,8.439860546194073,21.83323649041255,7.059848925043579,3442.0,99.47704822777455,0.5229517722254503,2026,3,5.0,0.0,5514.0,3.0,12.0,1838.0,11.026478055857817,5.83968081247733,0.19949220166848022,99.70982952484584,6.729413917307514,7.354770938857473,5213.333333333333,1.0,03
6198,2026-04-01,202604,6201,C.S. JESUS MARIA,RIS 2,I-3,JESUS MARIA,7731.0,3.0,12.0,333.0,1166.0,580.0,2026-05-05,6395.0,1336.0,4.307334109429569,15.08213685163627,7.502263614021472,2577.0,82.7189238132195,17.281076186780496,2026,4,5.0,0.0,6884.0,2.0,13.0,3442.0,8.439860546194073,21.83323649041255,7.059848925043579,99.47704822777455,8.559627849372204,12.060901852328323,5801.333333333333,0.0,04
6198,2026-05-01,202605,6201,C.S. JESUS MARIA,RIS 2,I-3,JESUS MARIA,7556.0,5.0,12.0,348.0,414.0,305.0,2026-06-04,6413.0,1143.0,4.605611434621493,5.479089465325569,4.036527263102171,1511.2,84.87294865007941,15.127051349920594,2026,5,4.0,0.0,7731.0,3.0,12.0,2577.0,4.307334109429569,15.08213685163627,7.502263614021472,82.7189238132195,7.92455757049382,14.251684718175383,6709.666666666667,0.0,05
6198,2026-06-01,202606,6201,C.S. JESUS MARIA,RIS 2,I-3,JESUS MARIA,7402.0,4.0,12.0,813.0,501.0,0.0,2026-07-05,7038.0,364.0,10.983517968116725,6.768440961902189,0.0,1850.5,95.08241015941637,4.917589840583626,2026,6,5.0,1.0,7556.0,5.0,12.0,1511.2,4.605611434621493,5.479089465325569,4.036527263102171,84.87294865007941,5.784268696748378,14.13148760245813,7390.333333333333,0.0,06
6198,2026-07-01,202607,6201,C.S. JESUS MARIA,RIS 2,I-3,JESUS MARIA,6784.0,5.0,13.0,1912.0,245.0,26.0,2026-08-04,6246.0,538.0,28.183962264150942,3.611438679245283,0.38325471698113206,1356.8,92.06957547169812,7.930424528301887,2026,7,4.0,1.0,7402.0,4.0,12.0,1850.5,10.983517968116725,6.768440961902189,0.0,95.08241015941637,6.632154504055929,9.109889092954676,7563.0,1.0,07
6198,2026-08-01,202608,6201,C.S. JESUS MARIA,RIS 2,I-3,JESUS MARIA,8689.0,5.0,13.0,3016.0,1415.0,617.0,2026-09-04,8327.0,362.0,34.710553573483715,16.28495799286454,7.100932213143055,1737.8,95.83381286684313,4.166187133156865,2026,8,4.0,1.0,6784.0,5.0,13.0,1356.8,28.183962264150942,3.611438679245283,0.38325471698113206,92.06957547169812,14.59103055562972,5.286323035491013,7247.333333333333,1.0,08
6199,2025-02-01,202502,6202,C.R.E. ANTIRRABICO - ESPECIALIZADO EN ZOONOSIS,RIS 1,I-3,LIMA,2212.0,1.0,5.0,13.0,871.0,510.0,2025-03-04,2142.0,70.0,0.5877034358047016,39.37613019891501,23.05605786618445,2212.0,96.83544303797468,3.1645569620253164,2025,2,4.0,0.0,2522.0,1.0,5.0,2522.0,0.19825535289452814,13.52101506740682,1.5860428231562251,97.02616970658208,0.19825535289452814,13.52101506740682,2522.0,0.0,02
6199,2025-03-01,202503,6202,C.R.E. ANTIRRABICO - ESPECIALIZADO EN ZOONOSIS,RIS 1,I-3,LIMA,2256.0,1.0,5.0,3.0,584.0,0.0,2025-04-05,2182.0,74.0,0.13297872340425532,25.886524822695037,0.0,2256.0,96.71985815602837,3.280141843971631,2025,3,5.0,0.0,2212.0,1.0,5.0,2212.0,0.5877034358047016,39.37613019891501,23.05605786618445,96.83544303797468,0.3929793943496149,26.448572633160914,2367.0,0.0,03
6199,2025-04-01,202504,6202,C.R.E. ANTIRRABICO - ESPECIALIZADO EN ZOONOSIS,RIS 1,I-3,LIMA,2109.0,1.0,6.0,54.0,873.0,534.0,2025-05-05,2047.0,62.0,2.5604551920341394,41.39402560455192,25.320056899004268,2109.0,97.0602181128497,2.9397818871503083,2025,4,5.0,0.0,2256.0,1.0,5.0,2256.0,0.13297872340425532,25.886524822695037,0.0,96.71985815602837,0.306312504034495,26.261223363005623,2330.0,0.0,04
6199,2025-05-01,202505,6202,C.R.E. ANTIRRABICO - ESPECIALIZADO EN ZOONOSIS,RIS 1,I-3,LIMA,2879.0,1.0,5.0,645.0,644.0,287.0,2025-06-04,2743.0,136.0,22.403612365404655,22.368878082667592,9.968739145536645,2879.0,95.27613754775963,4.723862452240361,2025,5,4.0,1.0,2109.0,1.0,6.0,2109.0,2.5604551920341394,41.39402560455192,25.320056899004268,97.0602181128497,1.0937124504143654,35.552226875387326,2192.3333333333335,0.0,05
6199,2025-06-01,202506,6202,C.R.E. ANTIRRABICO - ESPECIALIZADO EN ZOONOSIS,RIS 1,I-3,LIMA,2863.0,1.0,5.0,0.0,1.0,0.0,2025-07-05,2720.0,143.0,0.0,0.0349283967865875,0.0,2863.0,95.00523925951799,4.994760740482012,2025,6,5.0,0.0,2879.0,1.0,5.0,2879.0,22.403612365404655,22.368878082667592,9.968739145536645,95.27613754775963,8.36568209361435,29.883142836638182,2414.6666666666665,1.0,06
6199,2025-07-01,202507,6202,C.R.E. ANTIRRABICO - ESPECIALIZADO EN ZOONOSIS,RIS 1,I-3,LIMA,2249.0,1.0,5.0,3.0,445.0,188.0,2025-08-04,2135.0,114.0,0.1333926189417519,19.786571809693196,8.359270787016452,2249.0,94.93108048021342,5.068919519786572,2025,7,4.0,0.0,2863.0,1.0,5.0,2863.0,0.0,0.0349283967865875,0.0,95.00523925951799,8.321355852479597,21.265944028002036,2617.0,0.0,07
6199,2025-08-01,202508,6202,C.R.E. ANTIRRABICO - ESPECIALIZADO EN ZOONOSIS,RIS 1,I-3,LIMA,2495.0,1.0,5.0,1.0,889.0,304.0,2025-09-04,2414.0,81.0,0.04008016032064128,35.6312625250501,12.18436873747495,2495.0,96.75350701402806,3.246492985971944,2025,8,4.0,0.0,2249.0,1.0,5.0,2249.0,0.1333926189417519,19.786571809693196,8.359270787016452,94.93108048021342,7.512334994782136,14.063459429715792,2663.6666666666665,0.0,08
6199,2025-09-01,202509,6202,C.R.E. ANTIRRABICO - ESPECIALIZADO EN ZOONOSIS,RIS 1,I-3,LIMA,2964.0,1.0,6.0,4.0,14.0,0.0,2025-10-04,2908.0,56.0,0.1349527665317139,0.47233468286099867,0.0,2964.0,98.110661268556,1.8893387314439947,2025,9,4.0,0.0,2495.0,1.0,5.0,2495.0,0.04008016032064128,35.6312625250501,12.18436873747495,96.75350701402806,0.05782425975413106,18.484254243843292,2535.6666666666665,0.0,09
6199,2025-10-01,202510,6202,C.R.E. ANTIRRABICO - ESPECIALIZADO EN ZOONOSIS,RIS 1,I-3,LIMA,1837.0,1.0,5.0,0.0,59.0,1.0,2025-11-04,1787.0,50.0,0.0,3.211758301578661,0.05443658138268917,1837.0,97.27817093086554,2.721829069134458,2025,10,4.0,0.0,2964.0,1.0,6.0,2964.0,0.1349527665317139,0.47233468286099867,0.0,98.110661268556,0.10280851526470236,18.630056339201428,2569.3333333333335,0.0,10
6199,2025-11-01,202511,6202,C.R.E. ANTIRRABICO - ESPECIALIZADO EN ZOONOSIS,RIS 1,I-3,LIMA,1931.0,1.0,5.0,0.0,5.0,0.0,2025-12-04,1871.0,60.0,0.0,0.2589331952356292,0.0,1931.0,96.89280165717246,3.1071983428275507,2025,11,4.0,0.0,1837.0,1.0,5.0,1837.0,0.0,3.211758301578661,0.05443658138268917,97.27817093086554,0.058344308950785066,13.105118503163252,2432.0,0.0,11
6199,2025-12-01,202512,6202,C.R.E. ANTIRRABICO - ESPECIALIZADO EN ZOONOSIS,RIS 1,I-3,LIMA,4518.0,1.0,6.0,168.0,254.0,254.0,2026-01-05,4479.0,39.0,3.7184594953519254,5.621956617972554,5.621956617972554,4518.0,99.13678618857902,0.8632138114209827,2025,12,5.0,0.0,1931.0,1.0,5.0,1931.0,0.0,0.2589331952356292,0.0,96.89280165717246,0.0449842555105713,1.3143420598917628,2244.0,0.0,12
6199,2026-01-01,202601,6202,C.R.E. ANTIRRABICO - ESPECIALIZADO EN ZOONOSIS,RIS 1,I-3,LIMA,2302.0,1.0,5.0,0.0,318.0,0.0,2026-02-06,2236.0,66.0,0.0,13.814074717636837,0.0,2302.0,97.13292788879235,2.8670721112076456,2026,1,6.0,0.0,4518.0,1.0,6.0,4518.0,3.7184594953519254,5.621956617972554,5.621956617972554,99.13678618857902,1.2394864984506417,3.0308827049289477,2762.0,0.0,01
6199,2026-02-01,202602,6202,C.R.E. ANTIRRABICO - ESPECIALIZADO EN ZOONOSIS,RIS 1,I-3,LIMA,1927.0,1.0,5.0,10.0,1037.0,176.0,2026-03-04,1843.0,84.0,0.5189413596263622,53.81421899325376,9.133367929423976,1927.0,95.64089257913855,4.359107420861442,2026,2,4.0,0.0,2302.0,1.0,5.0,2302.0,0.0,13.814074717636837,0.0,97.13292788879235,1.2394864984506417,6.56498817694834,2917.0,0.0,02
6199,2026-03-01,202603,6202,C.R.E. ANTIRRABICO - ESPECIALIZADO EN ZOONOSIS,RIS 1,I-3,LIMA,4252.0,1.0,5.0,0.0,966.0,0.0,2026-04-05,4187.0,65.0,0.0,22.718720602069613,0.0,4252.0,98.47130761994356,1.528692380056444,2026,3,5.0,0.0,1927.0,1.0,5.0,1927.0,0.5189413596263622,53.81421899325376,9.133367929423976,95.64089257913855,1.412466951659429,24.416750109621052,2915.6666666666665,0.0,03
6199,2026-04-01,202604,6202,C.R.E. ANTIRRABICO - ESPECIALIZADO EN ZOONOSIS,RIS 1,I-3,LIMA,2322.0,1.0,5.0,0.0,142.0,0.0,2026-05-05,2256.0,66.0,0.0,6.11541774332472,0.0,2322.0,97.1576227390181,2.842377260981912,2026,4,5.0,0.0,4252.0,1.0,5.0,4252.0,0.0,22.718720602069613,0.0,98.47130761994356,0.1729804532087874,30.115671437653404,2827.0,0.0,04
6199,2026-05-01,202605,6202,C.R.E. ANTIRRABICO - ESPECIALIZADO EN ZOONOSIS,RIS 1,I-3,LIMA,1802.0,1.0,5.0,12.0,363.0,0.0,2026-06-04,1749.0,53.0,0.6659267480577137,20.144284128745838,0.0,1802.0,97.05882352941177,2.9411764705882355,2026,5,4.0,0.0,2322.0,1.0,5.0,2322.0,0.0,6.11541774332472,0.0,97.1576227390181,0.1729804532087874,27.549452446216026,2833.6666666666665,0.0,05
6199,2026-06-01,202606,6202,C.R.E. ANTIRRABICO - ESPECIALIZADO EN ZOONOSIS,RIS 1,I-3,LIMA,1729.0,1.0,5.0,0.0,184.0,0.0,2026-07-05,1694.0,35.0,0.0,10.64198958935801,0.0,1729.0,97.97570850202429,2.0242914979757085,2026,6,5.0,0.0,1802.0,1.0,5.0,1802.0,0.6659267480577137,20.144284128745838,0.0,97.05882352941177,0.22197558268590456,16.32614082471339,2792.0,0.0,06
6199,2026-07-01,202607,6202,C.R.E. ANTIRRABICO - ESPECIALIZADO EN ZOONOSIS,RIS 1,I-3,LIMA,1540.0,1.0,5.0,12.0,0.0,0.0,2026-08-04,1499.0,41.0,0.7792207792207793,0.0,0.0,1540.0,97.33766233766234,2.6623376623376624,2026,7,4.0,0.0,1729.0,1.0,5.0,1729.0,0.0,10.64198958935801,0.0,97.97570850202429,0.22197558268590456,12.30056382047619,1951.0,0.0,07
6199,2026-08-01,202608,6202,C.R.E. ANTIRRABICO - ESPECIALIZADO EN ZOONOSIS,RIS 1,I-3,LIMA,1685.0,1.0,5.0,12.0,575.0,367.0,2026-09-04,1652.0,33.0,0.712166172106825,34.124629080118694,21.780415430267063,1685.0,98.04154302670624,1.9584569732937684,2026,8,4.0,0.0,1540.0,1.0,5.0,1540.0,0.7792207792207793,0.0,0.0,97.33766233766234,0.4817158424261643,10.26209123936795,1690.3333333333333,0.0,08
6200,2025-02-01,202502,6203,C.E.R. DE ITSS Y VIH/SIDA RAUL PATRUCCO PUIG,RIS 1,I-3,LIMA,2423.0,1.0,7.0,0.0,368.0,110.0,2025-03-04,2423.0,0.0,0.0,15.187783739166322,4.539826661163846,2423.0,100.0,0.0,2025,2,4.0,0.0,3342.0,1.0,7.0,3342.0,0.0,15.200478755236386,4.727707959305805,100.0,0.0,15.200478755236386,3342.0,0.0,02
6200,2025-03-01,202503,6203,C.E.R. DE ITSS Y VIH/SIDA RAUL PATRUCCO PUIG,RIS 1,I-3,LIMA,2409.0,1.0,7.0,0.0,205.0,0.0,2025-04-05,2409.0,0.0,0.0,8.50975508509755,0.0,2409.0,100.0,0.0,2025,3,5.0,0.0,2423.0,1.0,7.0,2423.0,0.0,15.187783739166322,4.539826661163846,100.0,0.0,15.194131247201355,2882.5,0.0,03
6200,2025-04-01,202504,6203,C.E.R. DE ITSS Y VIH/SIDA RAUL PATRUCCO PUIG,RIS 1,I-3,LIMA,3417.0,1.0,7.0,0.0,330.0,0.0,2025-05-05,3417.0,0.0,0.0,9.657594381035997,0.0,3417.0,100.0,0.0,2025,4,5.0,0.0,2409.0,1.0,7.0,2409.0,0.0,8.50975508509755,0.0,100.0,0.0,12.966005859833421,2724.6666666666665,0.0,04
6200,2025-05-01,202505,6203,C.E.R. DE ITSS Y VIH/SIDA RAUL PATRUCCO PUIG,RIS 1,I-3,LIMA,4158.0,1.0,7.0,1.0,418.0,0.0,2025-06-04,4158.0,0.0,0.02405002405002405,10.052910052910052,0.0,4158.0,100.0,0.0,2025,5,4.0,0.0,3417.0,1.0,7.0,3417.0,0.0,9.657594381035997,0.0,100.0,0.0,11.118377735099957,2749.6666666666665,0.0,05
6200,2025-06-01,202506,6203,C.E.R. DE ITSS Y VIH/SIDA RAUL PATRUCCO PUIG,RIS 1,I-3,LIMA,2781.0,1.0,7.0,4.0,0.0,0.0,2025-07-05,2781.0,0.0,0.1438331535418914,0.0,0.0,2781.0,100.0,0.0,2025,6,5.0,0.0,4158.0,1.0,7.0,4158.0,0.02405002405002405,10.052910052910052,0.0,100.0,0.00801667468334135,9.406753173014534,3328.0,0.0,06
6200,2025-07-01,202507,6203,C.E.R. DE ITSS Y VIH/SIDA RAUL PATRUCCO PUIG,RIS 1,I-3,LIMA,2947.0,1.0,7.0,7.0,385.0,0.0,2025-08-04,2947.0,0.0,0.2375296912114014,13.064133016627078,0.0,2947.0,100.0,0.0,2025,7,4.0,0.0,2781.0,1.0,7.0,2781.0,0.1438331535418914,0.0,0.0,100.0,0.05596105919730515,6.570168144648683,3452.0,0.0,07
6200,2025-08-01,202508,6203,C.E.R. DE ITSS Y VIH/SIDA RAUL PATRUCCO PUIG,RIS 1,I-3,LIMA,2553.0,1.0,7.0,0.0,0.0,0.0,2025-09-04,2553.0,0.0,0.0,0.0,0.0,2553.0,100.0,0.0,2025,8,4.0,0.0,2947.0,1.0,7.0,2947.0,0.2375296912114014,13.064133016627078,0.0,100.0,0.13513762293443896,7.705681023179044,3295.3333333333335,0.0,08
6200,2025-09-01,202509,6203,C.E.R. DE ITSS Y VIH/SIDA RAUL PATRUCCO PUIG,RIS 1,I-3,LIMA,3850.0,1.0,8.0,0.0,248.0,0.0,2025-10-04,3850.0,0.0,0.0,6.441558441558442,0.0,3850.0,100.0,0.0,2025,9,4.0,0.0,2553.0,1.0,7.0,2553.0,0.0,0.0,0.0,100.0,0.12712094825109763,4.3547110055423595,2760.3333333333335,0.0,09
6200,2025-10-01,202510,6203,C.E.R. DE ITSS Y VIH/SIDA RAUL PATRUCCO PUIG,RIS 1,I-3,LIMA,2708.0,2.0,7.0,39.0,36.0,0.0,2025-11-04,2708.0,0.0,1.4401772525849335,1.329394387001477,0.0,1354.0,100.0,0.0,2025,10,4.0,0.0,3850.0,1.0,8.0,3850.0,0.0,6.441558441558442,0.0,100.0,0.0791765637371338,6.501897152728507,3116.6666666666665,0.0,10
6200,2025-11-01,202511,6203,C.E.R. DE ITSS Y VIH/SIDA RAUL PATRUCCO PUIG,RIS 1,I-3,LIMA,2559.0,2.0,6.0,3.0,129.0,129.0,2025-12-04,2559.0,0.0,0.11723329425556858,5.041031652989449,5.041031652989449,1279.5,100.0,0.0,2025,11,4.0,0.0,2708.0,2.0,7.0,1354.0,1.4401772525849335,1.329394387001477,0.0,100.0,0.48005908419497784,2.590317609519973,3037.0,0.0,11
6200,2025-12-01,202512,6203,C.E.R. DE ITSS Y VIH/SIDA RAUL PATRUCCO PUIG,RIS 1,I-3,LIMA,5927.0,2.0,7.0,0.0,0.0,0.0,2026-01-05,5927.0,0.0,0.0,0.0,0.0,2963.5,100.0,0.0,2025,12,5.0,0.0,2559.0,2.0,6.0,1279.5,0.11723329425556858,5.041031652989449,5.041031652989449,100.0,0.519136848946834,4.270661493849789,3039.0,0.0,12
6200,2026-01-01,202601,6203,C.E.R. DE ITSS Y VIH/SIDA RAUL PATRUCCO PUIG,RIS 1,I-3,LIMA,3326.0,2.0,7.0,9.0,0.0,0.0,2026-02-06,3326.0,0.0,0.27059530968129886,0.0,0.0,1663.0,100.0,0.0,2026,1,6.0,0.0,5927.0,2.0,7.0,2963.5,0.0,0.0,0.0,100.0,0.519136848946834,2.1234753466636422,3731.3333333333335,0.0,01
6200,2026-02-01,202602,6203,C.E.R. DE ITSS Y VIH/SIDA RAUL PATRUCCO PUIG,RIS 1,I-3,LIMA,2734.0,2.0,6.0,0.0,606.0,33.0,2026-03-04,2734.0,0.0,0.0,22.165325530358448,1.207022677395757,1367.0,100.0,0.0,2026,2,4.0,0.0,3326.0,2.0,7.0,1663.0,0.27059530968129886,0.0,0.0,100.0,0.12927620131228915,1.6803438843298164,3937.3333333333335,0.0,02
6200,2026-03-01,202603,6203,C.E.R. DE ITSS Y VIH/SIDA RAUL PATRUCCO PUIG,RIS 1,I-3,LIMA,5962.0,1.0,7.0,0.0,0.0,0.0,2026-04-05,5962.0,0.0,0.0,0.0,0.0,5962.0,100.0,0.0,2026,3,5.0,0.0,2734.0,2.0,6.0,1367.0,0.0,22.165325530358448,1.207022677395757,100.0,0.09019843656043296,7.388441843452816,3995.6666666666665,0.0,03
6200,2026-04-01,202604,6203,C.E.R. DE ITSS Y VIH/SIDA RAUL PATRUCCO PUIG,RIS 1,I-3,LIMA,3102.0,1.0,6.0,5.0,0.0,0.0,2026-05-05,3102.0,0.0,0.16118633139909735,0.0,0.0,3102.0,100.0,0.0,2026,4,5.0,0.0,5962.0,1.0,7.0,5962.0,0.0,0.0,0.0,100.0,0.09019843656043296,7.388441843452816,4007.3333333333335,0.0,04
6200,2026-05-01,202605,6203,C.E.R. DE ITSS Y VIH/SIDA RAUL PATRUCCO PUIG,RIS 1,I-3,LIMA,2370.0,1.0,6.0,0.0,0.0,0.0,2026-06-04,2370.0,0.0,0.0,0.0,0.0,2370.0,100.0,0.0,2026,5,4.0,0.0,3102.0,1.0,6.0,3102.0,0.16118633139909735,0.0,0.0,100.0,0.05372877713303245,7.388441843452816,3932.6666666666665,0.0,05
6200,2026-06-01,202606,6203,C.E.R. DE ITSS Y VIH/SIDA RAUL PATRUCCO PUIG,RIS 1,I-3,LIMA,2842.0,1.0,6.0,0.0,0.0,0.0,2026-07-05,2842.0,0.0,0.0,0.0,0.0,2842.0,100.0,0.0,2026,6,5.0,0.0,2370.0,1.0,6.0,2370.0,0.0,0.0,0.0,100.0,0.05372877713303245,0.0,3811.3333333333335,0.0,06
6200,2026-07-01,202607,6203,C.E.R. DE ITSS Y VIH/SIDA RAUL PATRUCCO PUIG,RIS 1,I-3,LIMA,2674.0,2.0,7.0,0.0,2.0,0.0,2026-08-04,2674.0,0.0,0.0,0.07479431563201197,0.0,1337.0,100.0,0.0,2026,7,4.0,0.0,2842.0,1.0,6.0,2842.0,0.0,0.0,0.0,100.0,0.05372877713303245,0.0,2771.3333333333335,0.0,07
6200,2026-08-01,202608,6203,C.E.R. DE ITSS Y VIH/SIDA RAUL PATRUCCO PUIG,RIS 1,I-3,LIMA,3055.0,1.0,6.0,0.0,2212.0,282.0,2026-09-04,3055.0,0.0,0.0,72.40589198036007,9.23076923076923,3055.0,100.0,0.0,2026,8,4.0,0.0,2674.0,2.0,7.0,1337.0,0.0,0.07479431563201197,0.0,100.0,0.0,0.02493143854400399,2628.6666666666665,0.0,08
6976,2025-02-01,202502,6999,P.S. SAGRADA FAMILIA,RIS 6,I-2,SAN JUAN DE LURIGANCHO,3284.0,3.0,12.0,107.0,477.0,309.0,2025-03-04,2754.0,530.0,3.2582216808769795,14.524969549330086,9.40925700365408,1094.6666666666667,83.8611449451888,16.138855054811206,2025,2,4.0,0.0,2947.0,2.0,11.0,1473.5,0.848320325755005,9.874448591788259,7.024092297251443,88.39497794367153,0.848320325755005,9.874448591788259,2947.0,0.0,02
6976,2025-03-01,202503,6999,P.S. SAGRADA FAMILIA,RIS 6,I-2,SAN JUAN DE LURIGANCHO,4990.0,3.0,13.0,22.0,59.0,3.0,2025-04-05,4488.0,502.0,0.4408817635270541,1.182364729458918,0.06012024048096192,1663.3333333333333,89.93987975951904,10.060120240480963,2025,3,5.0,0.0,3284.0,3.0,12.0,1094.6666666666667,3.2582216808769795,14.524969549330086,9.40925700365408,83.8611449451888,2.0532710033159924,12.199709070559173,3115.5,0.0,03
6976,2025-04-01,202504,6999,P.S. SAGRADA FAMILIA,RIS 6,I-2,SAN JUAN DE LURIGANCHO,5103.0,5.0,12.0,32.0,681.0,175.0,2025-05-05,3986.0,1117.0,0.62708210856359,13.3450911228689,3.429355281207133,1020.6,78.11091514795218,21.889084852047816,2025,4,5.0,0.0,4990.0,3.0,13.0,1663.3333333333333,0.4408817635270541,1.182364729458918,0.06012024048096192,89.93987975951904,1.5158079233863464,8.527260956859088,3740.3333333333335,0.0,04
6976,2025-05-01,202505,6999,P.S. SAGRADA FAMILIA,RIS 6,I-2,SAN JUAN DE LURIGANCHO,6816.0,4.0,13.0,607.0,703.0,217.0,2025-06-04,5064.0,1752.0,8.905516431924882,10.313967136150234,3.1836854460093895,1704.0,74.29577464788733,25.704225352112676,2025,5,4.0,0.0,5103.0,5.0,12.0,1020.6,0.62708210856359,13.3450911228689,3.429355281207133,78.11091514795218,1.4420618509892078,9.684141800552636,4459.0,0.0,05
6976,2025-06-01,202506,6999,P.S. SAGRADA FAMILIA,RIS 6,I-2,SAN JUAN DE LURIGANCHO,4677.0,5.0,13.0,63.0,84.0,2.0,2025-07-05,3723.0,954.0,1.3470173187940988,1.7960230917254651,0.04276245456489203,935.4,79.6023091725465,20.397690827453495,2025,6,5.0,0.0,6816.0,4.0,13.0,1704.0,8.905516431924882,10.313967136150234,3.1836854460093895,74.29577464788733,3.324493434671842,8.280474329492684,5636.333333333333,0.0,06
6976,2025-07-01,202507,6999,P.S. SAGRADA FAMILIA,RIS 6,I-2,SAN JUAN DE LURIGANCHO,4154.0,4.0,12.0,28.0,75.0,10.0,2025-08-04,3483.0,671.0,0.6740491092922485,1.805488685604237,0.2407318247472316,1038.5,83.84689455946076,16.15310544053924,2025,7,4.0,0.0,4677.0,5.0,13.0,935.4,1.3470173187940988,1.7960230917254651,0.04276245456489203,79.6023091725465,3.6265386197608565,8.485027116914866,5532.0,0.0,07
6976,2025-08-01,202508,6999,P.S. SAGRADA FAMILIA,RIS 6,I-2,SAN JUAN DE LURIGANCHO,4503.0,5.0,15.0,14.0,204.0,0.0,2025-09-04,3699.0,804.0,0.310903841883189,4.530313124583611,0.0,900.6,82.145236508994,17.854763491005997,2025,8,4.0,0.0,4154.0,4.0,12.0,1038.5,0.6740491092922485,1.805488685604237,0.2407318247472316,83.84689455946076,3.64219428667041,4.6384929711599785,5215.666666666667,0.0,08
6976,2025-09-01,202509,6999,P.S. SAGRADA FAMILIA,RIS 6,I-2,SAN JUAN DE LURIGANCHO,8519.0,4.0,13.0,30.0,629.0,29.0,2025-10-04,4702.0,3817.0,0.35215400868646557,7.383495715459561,0.34041554173025,2129.75,55.194271628125364,44.805728371874636,2025,9,4.0,0.0,4503.0,5.0,15.0,900.6,0.310903841883189,4.530313124583611,0.0,82.145236508994,0.7773234233231787,2.710608300637771,4444.666666666667,0.0,09
6976,2025-10-01,202510,6999,P.S. SAGRADA FAMILIA,RIS 6,I-2,SAN JUAN DE LURIGANCHO,4444.0,4.0,14.0,148.0,494.0,286.0,2025-11-04,3962.0,482.0,3.3303330333033303,11.116111611161116,6.435643564356436,1111.0,89.15391539153916,10.846084608460846,2025,10,4.0,0.0,8519.0,4.0,13.0,2129.75,0.35215400868646557,7.383495715459561,0.34041554173025,55.194271628125364,0.44570231995396764,4.573099175215803,5725.333333333333,0.0,10
6976,2025-11-01,202511,6999,P.S. SAGRADA FAMILIA,RIS 6,I-2,SAN JUAN DE LURIGANCHO,5005.0,3.0,13.0,7.0,52.0,6.0,2025-12-04,4435.0,570.0,0.13986013986013987,1.0389610389610389,0.11988011988011989,1668.3333333333333,88.6113886113886,11.38861138861139,2025,11,4.0,0.0,4444.0,4.0,14.0,1111.0,3.3303330333033303,11.116111611161116,6.435643564356436,89.15391539153916,1.3311302946243282,7.67664015040143,5822.0,0.0,11
6976,2025-12-01,202512,6999,P.S. SAGRADA FAMILIA,RIS 6,I-2,SAN JUAN DE LURIGANCHO,5204.0,2.0,13.0,4.0,119.0,2.0,2026-01-05,4845.0,359.0,0.07686395080707148,2.2867025365103766,0.03843197540353574,2602.0,93.10146041506533,6.898539584934666,2025,12,5.0,0.0,5005.0,3.0,13.0,1668.3333333333333,0.13986013986013987,1.0389610389610389,0.11988011988011989,88.6113886113886,1.274115727283312,6.5128561218605725,5989.333333333333,0.0,12
6976,2026-01-01,202601,6999,P.S. SAGRADA FAMILIA,RIS 6,I-2,SAN JUAN DE LURIGANCHO,4440.0,3.0,14.0,24.0,3.0,1.0,2026-02-06,4023.0,417.0,0.5405405405405406,0.06756756756756757,0.02252252252252252,1480.0,90.60810810810811,9.391891891891891,2026,1,6.0,0.0,5204.0,2.0,13.0,2602.0,0.07686395080707148,2.2867025365103766,0.03843197540353574,93.10146041506533,1.1823523746568472,4.813925062210845,4884.333333333333,0.0,01
6976,2026-02-01,202602,6999,P.S. SAGRADA FAMILIA,RIS 6,I-2,SAN JUAN DE LURIGANCHO,4169.0,2.0,12.0,12.0,550.0,2.0,2026-03-04,3425.0,744.0,0.2878388102662509,13.192612137203167,0.04797313504437515,2084.5,82.15399376349245,17.846006236507556,2026,2,4.0,0.0,4440.0,3.0,14.0,1480.0,0.5405405405405406,0.06756756756756757,0.02252252252252252,90.60810810810811,0.2524215437359173,1.1310770476796617,4883.0,0.0,02
6976,2026-03-01,202603,6999,P.S. SAGRADA FAMILIA,RIS 6,I-2,SAN JUAN DE LURIGANCHO,5086.0,3.0,16.0,16.0,6.0,0.0,2026-04-05,4407.0,679.0,0.31458906802988595,0.11797090051120723,0.0,1695.3333333333333,86.64962642548171,13.350373574518285,2026,3,5.0,0.0,4169.0,2.0,12.0,2084.5,0.2878388102662509,13.192612137203167,0.04797313504437515,82.15399376349245,0.301747767204621,5.182294080427037,4604.333333333333,0.0,03
6976,2026-04-01,202604,6999,P.S. SAGRADA FAMILIA,RIS 6,I-2,SAN JUAN DE LURIGANCHO,5235.0,4.0,15.0,41.0,504.0,2.0,2026-05-05,4385.0,850.0,0.7831900668576887,9.627507163323783,0.038204393505253106,1308.75,83.76313276026742,16.236867239732568,2026,4,5.0,0.0,5086.0,3.0,16.0,1695.3333333333333,0.31458906802988595,0.11797090051120723,0.0,86.64962642548171,0.3809894729455592,4.4593835350939806,4565.0,0.0,04
6976,2026-05-01,202605,6999,P.S. SAGRADA FAMILIA,RIS 6,I-2,SAN JUAN DE LURIGANCHO,5101.0,6.0,15.0,39.0,67.0,3.0,2026-06-04,3984.0,1117.0,0.7645559694177613,1.313467947461282,0.05881199764752009,850.1666666666666,78.10233287590668,21.897667124093314,2026,5,4.0,0.0,5235.0,4.0,15.0,1308.75,0.7831900668576887,9.627507163323783,0.038204393505253106,83.76313276026742,0.4618726483846085,7.6460300670127195,4830.0,0.0,05
6976,2026-06-01,202606,6999,P.S. SAGRADA FAMILIA,RIS 6,I-2,SAN JUAN DE LURIGANCHO,4782.0,5.0,14.0,15.0,0.0,0.0,2026-07-05,4015.0,767.0,0.3136762860727729,0.0,0.0,956.4,83.96068590547888,16.03931409452112,2026,6,5.0,0.0,5101.0,6.0,15.0,850.1666666666666,0.7645559694177613,1.313467947461282,0.05881199764752009,78.10233287590668,0.6207783681017786,3.686315337098758,5140.666666666667,0.0,06
6976,2026-07-01,202607,6999,P.S. SAGRADA FAMILIA,RIS 6,I-2,SAN JUAN DE LURIGANCHO,3853.0,4.0,13.0,28.0,18.0,3.0,2026-08-04,3230.0,623.0,0.7267064624967557,0.46716844017648584,0.07786140669608098,963.25,83.83078120944718,16.169218790552815,2026,7,4.0,0.0,4782.0,5.0,14.0,956.4,0.3136762860727729,0.0,0.0,83.96068590547888,0.6204741074494076,3.646991703595022,5039.333333333333,0.0,07
6976,2026-08-01,202608,6999,P.S. SAGRADA FAMILIA,RIS 6,I-2,SAN JUAN DE LURIGANCHO,4664.0,4.0,14.0,39.0,265.0,0.0,2026-09-04,3725.0,939.0,0.8361921097770154,5.681818181818182,0.0,1166.0,79.86706689536878,20.132933104631217,2026,8,4.0,0.0,3853.0,4.0,13.0,963.25,0.7267064624967557,0.46716844017648584,0.07786140669608098,83.83078120944718,0.6016462393290967,0.5935454625459232,4578.666666666667,0.0,08
7023,2025-02-01,202502,7046,P.S. CESAR VALLEJO,RIS 7,I-2,SAN JUAN DE LURIGANCHO,1670.0,1.0,12.0,536.0,562.0,197.0,2025-03-04,1433.0,237.0,32.09580838323353,33.65269461077844,11.796407185628743,1670.0,85.80838323353294,14.191616766467066,2025,2,4.0,1.0,1269.0,2.0,9.0,634.5,35.5397951142632,37.43104806934594,26.792750197005518,87.70685579196217,35.5397951142632,37.43104806934594,1269.0,1.0,02
7023,2025-03-01,202503,7046,P.S. CESAR VALLEJO,RIS 7,I-2,SAN JUAN DE LURIGANCHO,1346.0,2.0,11.0,1.0,0.0,0.0,2025-04-05,1099.0,247.0,0.07429420505200594,0.0,0.0,673.0,81.64933135215453,18.350668647845467,2025,3,5.0,0.0,1670.0,1.0,12.0,1670.0,32.09580838323353,33.65269461077844,11.796407185628743,85.80838323353294,33.817801748748366,35.54187134006219,1469.5,1.0,03
7023,2025-04-01,202504,7046,P.S. CESAR VALLEJO,RIS 7,I-2,SAN JUAN DE LURIGANCHO,2077.0,3.0,12.0,3.0,35.0,32.0,2025-05-05,1415.0,662.0,0.14443909484833894,1.685122773230621,1.5406836783822822,692.3333333333334,68.12710640346654,31.872893596533462,2025,4,5.0,0.0,1346.0,2.0,11.0,673.0,0.07429420505200594,0.0,0.0,81.64933135215453,22.56996590084958,23.69458089337479,1428.3333333333333,0.0,04
7023,2025-05-01,202505,7046,P.S. CESAR VALLEJO,RIS 7,I-2,SAN JUAN DE LURIGANCHO,2884.0,4.0,13.0,621.0,463.0,267.0,2025-06-04,2061.0,823.0,21.53259361997226,16.054091539528432,9.257975034674065,721.0,71.46324549237171,28.536754507628295,2025,5,4.0,1.0,2077.0,3.0,12.0,692.3333333333334,0.14443909484833894,1.685122773230621,1.5406836783822822,68.12710640346654,10.771513894377959,11.779272461336355,1697.6666666666667,0.0,05
7023,2025-06-01,202506,7046,P.S. CESAR VALLEJO,RIS 7,I-2,SAN JUAN DE LURIGANCHO,1645.0,2.0,10.0,10.0,661.0,301.0,2025-07-05,1323.0,322.0,0.60790273556231,40.182370820668694,18.29787234042553,822.5,80.42553191489361,19.574468085106382,2025,6,5.0,0.0,2884.0,4.0,13.0,721.0,21.53259361997226,16.054091539528432,9.257975034674065,71.46324549237171,7.250442306624202,5.913071437586351,2102.3333333333335,1.0,06
7023,2025-07-01,202507,7046,P.S. CESAR VALLEJO,RIS 7,I-2,SAN JUAN DE LURIGANCHO,1706.0,4.0,13.0,365.0,507.0,215.0,2025-08-04,1403.0,303.0,21.395076201641267,29.718640093786636,12.602579132473622,426.5,82.23915592028136,17.76084407971864,2025,7,4.0,1.0,1645.0,2.0,10.0,822.5,0.60790273556231,40.182370820668694,18.29787234042553,80.42553191489361,7.428311816794303,19.307195044475915,2202.0,0.0,07
7023,2025-08-01,202508,7046,P.S. CESAR VALLEJO,RIS 7,I-2,SAN JUAN DE LURIGANCHO,1603.0,2.0,12.0,7.0,1032.0,550.0,2025-09-04,1289.0,314.0,0.4366812227074236,64.3792888334373,34.310667498440424,801.5,80.41172800998129,19.588271990018715,2025,8,4.0,0.0,1706.0,4.0,13.0,426.5,21.395076201641267,29.718640093786636,12.602579132473622,82.23915592028136,14.511857519058614,28.651700817994584,2078.3333333333335,1.0,08
7023,2025-09-01,202509,7046,P.S. CESAR VALLEJO,RIS 7,I-2,SAN JUAN DE LURIGANCHO,2402.0,2.0,12.0,675.0,676.0,404.0,2025-10-04,2003.0,399.0,28.10158201498751,28.143213988343046,16.81931723563697,1201.0,83.38884263114072,16.611157368859285,2025,9,4.0,1.0,1603.0,2.0,12.0,801.5,0.4366812227074236,64.3792888334373,34.310667498440424,80.41172800998129,7.479886719970334,44.76009991596421,1651.3333333333333,0.0,09
7023,2025-10-01,202510,7046,P.S. CESAR VALLEJO,RIS 7,I-2,SAN JUAN DE LURIGANCHO,1763.0,2.0,14.0,523.0,348.0,128.0,2025-11-04,1482.0,281.0,29.665343165059557,19.73908111174135,7.260351673284175,881.5,84.06125921724333,15.938740782756664,2025,10,4.0,1.0,2402.0,2.0,12.0,1201.0,28.10158201498751,28.143213988343046,16.81931723563697,83.38884263114072,16.644446479778733,40.747047638522325,1903.6666666666667,1.0,10
7023,2025-11-01,202511,7046,P.S. CESAR VALLEJO,RIS 7,I-2,SAN JUAN DE LURIGANCHO,2249.0,3.0,13.0,479.0,813.0,250.0,2025-12-04,1925.0,324.0,21.298354824366385,36.149399733214764,11.116051578479324,749.6666666666666,85.59359715429079,14.406402845709204,2025,11,4.0,1.0,1763.0,2.0,14.0,881.5,29.665343165059557,19.73908111174135,7.260351673284175,84.06125921724333,19.401202134251495,37.420527977840564,1922.6666666666667,1.0,11
7023,2025-12-01,202512,7046,P.S. CESAR VALLEJO,RIS 7,I-2,SAN JUAN DE LURIGANCHO,1850.0,2.0,11.0,25.0,789.0,584.0,2026-01-05,1546.0,304.0,1.3513513513513513,42.648648648648646,31.56756756756757,925.0,83.56756756756756,16.43243243243243,2025,12,5.0,0.0,2249.0,3.0,13.0,749.6666666666666,21.298354824366385,36.149399733214764,11.116051578479324,85.59359715429079,26.355093334804483,28.010564944433053,2138.0,1.0,12
7023,2026-01-01,202601,7046,P.S. CESAR VALLEJO,RIS 7,I-2,SAN JUAN DE LURIGANCHO,1544.0,2.0,11.0,42.0,0.0,0.0,2026-02-06,1364.0,180.0,2.7202072538860103,0.0,0.0,772.0,88.34196891191709,11.658031088082902,2026,1,6.0,0.0,1850.0,2.0,11.0,925.0,1.3513513513513513,42.648648648648646,31.56756756756757,83.56756756756756,17.4383497802591,32.84570983120158,1954.0,0.0,01
7023,2026-02-01,202602,7046,P.S. CESAR VALLEJO,RIS 7,I-2,SAN JUAN DE LURIGANCHO,1479.0,3.0,11.0,80.0,529.0,1.0,2026-03-04,1200.0,279.0,5.409060175794456,35.76741041244084,0.0676132521974307,493.0,81.13590263691684,18.864097363083165,2026,2,4.0,0.0,1544.0,2.0,11.0,772.0,2.7202072538860103,0.0,0.0,88.34196891191709,8.456637809867916,26.266016127287802,1881.0,0.0,02
7023,2026-03-01,202603,7046,P.S. CESAR VALLEJO,RIS 7,I-2,SAN JUAN DE LURIGANCHO,2213.0,2.0,13.0,945.0,242.0,242.0,2026-04-05,1984.0,229.0,42.702214188883865,10.935381834613647,10.935381834613647,1106.5,89.65205603253501,10.34794396746498,2026,3,5.0,1.0,1479.0,3.0,11.0,493.0,5.409060175794456,35.76741041244084,0.0676132521974307,81.13590263691684,3.160206260343939,26.138686353696496,1624.3333333333333,0.0,03
7023,2026-04-01,202604,7046,P.S. CESAR VALLEJO,RIS 7,I-2,SAN JUAN DE LURIGANCHO,2161.0,3.0,13.0,777.0,557.0,281.0,2026-05-05,1640.0,521.0,35.95557612216567,25.775104118463673,13.003239241092087,720.3333333333334,75.89079130032393,24.109208699676074,2026,4,5.0,1.0,2213.0,2.0,13.0,1106.5,42.702214188883865,10.935381834613647,10.935381834613647,89.65205603253501,16.94382720618811,15.56759741568483,1745.3333333333333,1.0,04
7023,2026-05-01,202605,7046,P.S. CESAR VALLEJO,RIS 7,I-2,SAN JUAN DE LURIGANCHO,2381.0,4.0,12.0,991.0,494.0,424.0,2026-06-04,1909.0,472.0,41.62116757664847,20.747585048299033,17.807643847123057,595.25,80.17639647207056,19.823603527929443,2026,5,4.0,1.0,2161.0,3.0,13.0,720.3333333333334,35.95557612216567,25.775104118463673,13.003239241092087,75.89079130032393,28.022283495614662,24.159298788506053,1951.0,1.0,05
7023,2026-06-01,202606,7046,P.S. CESAR VALLEJO,RIS 7,I-2,SAN JUAN DE LURIGANCHO,3459.0,4.0,15.0,756.0,1145.0,637.0,2026-07-05,2971.0,488.0,21.856027753686035,33.10205261636311,18.415727088753975,864.75,85.89187626481642,14.108123735183579,2026,6,5.0,1.0,2381.0,4.0,12.0,595.25,41.62116757664847,20.747585048299033,17.807643847123057,80.17639647207056,40.092985962566,19.15269033379212,2251.6666666666665,1.0,06
7023,2026-07-01,202607,7046,P.S. CESAR VALLEJO,RIS 7,I-2,SAN JUAN DE LURIGANCHO,2692.0,3.0,14.0,973.0,875.0,202.0,2026-08-04,2302.0,390.0,36.144130757800895,32.5037147102526,7.5037147102526,897.3333333333334,85.51263001485884,14.487369985141159,2026,7,4.0,1.0,3459.0,4.0,15.0,864.75,21.856027753686035,33.10205261636311,18.415727088753975,85.89187626481642,33.14425715083339,26.541580594375272,2667.0,1.0,07
7023,2026-08-01,202608,7046,P.S. CESAR VALLEJO,RIS 7,I-2,SAN JUAN DE LURIGANCHO,2877.0,4.0,15.0,1003.0,849.0,201.0,2026-09-04,2392.0,485.0,34.8627042057699,29.509906152241918,6.986444212721585,719.25,83.14216197427876,16.857838025721236,2026,8,4.0,1.0,2692.0,3.0,14.0,897.3333333333334,36.144130757800895,32.5037147102526,7.5037147102526,85.51263001485884,33.20710869604513,28.78445079163825,2844.0,1.0,08
7324,2025-02-01,202502,7357,P.S. MARISCAL CACERES,RIS 7,I-2,SAN JUAN DE LURIGANCHO,3244.0,2.0,13.0,439.0,338.0,217.0,2025-03-04,2927.0,317.0,13.532675709001232,10.419235511713934,6.689272503082614,1622.0,90.22811344019729,9.771886559802713,2025,2,4.0,1.0,3088.0,2.0,13.0,1544.0,0.2266839378238342,8.646373056994818,2.623056994818653,91.38601036269431,0.2266839378238342,8.646373056994818,3088.0,0.0,02
7324,2025-03-01,202503,7357,P.S. MARISCAL CACERES,RIS 7,I-2,SAN JUAN DE LURIGANCHO,4008.0,5.0,14.0,355.0,1472.0,883.0,2025-04-05,3637.0,371.0,8.857285429141717,36.72654690618762,22.030938123752495,801.6,90.7435129740519,9.256487025948104,2025,3,5.0,0.0,3244.0,2.0,13.0,1622.0,13.532675709001232,10.419235511713934,6.689272503082614,90.22811344019729,6.879679823412533,9.532804284354377,3166.0,1.0,03
7324,2025-04-01,202504,7357,P.S. MARISCAL CACERES,RIS 7,I-2,SAN JUAN DE LURIGANCHO,4557.0,3.0,16.0,68.0,400.0,137.0,2025-05-05,3691.0,866.0,1.4922097871406628,8.777704630239192,3.0063638358569236,1519.0,80.99626947553215,19.00373052446785,2025,4,5.0,0.0,4008.0,5.0,14.0,801.6,8.857285429141717,36.72654690618762,22.030938123752495,90.7435129740519,7.538881691988927,18.597385158298792,3446.6666666666665,0.0,04
7324,2025-05-01,202505,7357,P.S. MARISCAL CACERES,RIS 7,I-2,SAN JUAN DE LURIGANCHO,4704.0,4.0,16.0,45.0,856.0,213.0,2025-06-04,3829.0,875.0,0.9566326530612245,18.197278911564627,4.528061224489796,1176.0,81.39880952380952,18.601190476190474,2025,5,4.0,0.0,4557.0,3.0,16.0,1519.0,1.4922097871406628,8.777704630239192,3.0063638358569236,80.99626947553215,7.960723641761203,18.64116234938025,3936.3333333333335,0.0,05
7324,2025-06-01,202506,7357,P.S. MARISCAL CACERES,RIS 7,I-2,SAN JUAN DE LURIGANCHO,3840.0,3.0,16.0,39.0,973.0,179.0,2025-07-05,3086.0,754.0,1.015625,25.338541666666668,4.661458333333333,1280.0,80.36458333333333,19.635416666666668,2025,6,5.0,0.0,4704.0,4.0,16.0,1176.0,0.9566326530612245,18.197278911564627,4.528061224489796,81.39880952380952,3.768709289781201,21.233843482663815,4423.0,0.0,06
7324,2025-07-01,202507,7357,P.S. MARISCAL CACERES,RIS 7,I-2,SAN JUAN DE LURIGANCHO,4022.0,2.0,14.0,30.0,491.0,1.0,2025-08-04,3399.0,623.0,0.7458975634012929,12.207856787667827,0.02486325211337643,2011.0,84.51019393336648,15.489806066633516,2025,7,4.0,0.0,3840.0,3.0,16.0,1280.0,1.015625,25.338541666666668,4.661458333333333,80.36458333333333,1.1548224800672957,17.43784173615683,4367.0,0.0,07
7324,2025-08-01,202508,7357,P.S. MARISCAL CACERES,RIS 7,I-2,SAN JUAN DE LURIGANCHO,4610.0,1.0,13.0,69.0,453.0,39.0,2025-09-04,4041.0,569.0,1.4967462039045554,9.82646420824295,0.8459869848156182,4610.0,87.65726681127983,12.342733188720173,2025,8,4.0,0.0,4022.0,2.0,14.0,2011.0,0.7458975634012929,12.207856787667827,0.02486325211337643,84.51019393336648,0.9060517388208392,18.58122578863304,4188.666666666667,0.0,08
7324,2025-09-01,202509,7357,P.S. MARISCAL CACERES,RIS 7,I-2,SAN JUAN DE LURIGANCHO,5347.0,2.0,14.0,65.0,685.0,190.0,2025-10-04,4759.0,588.0,1.215634935477838,12.81092201234337,3.553394426781373,2673.5,89.00317935290818,10.996820647091827,2025,9,4.0,0.0,4610.0,1.0,13.0,4610.0,1.4967462039045554,9.82646420824295,0.8459869848156182,87.65726681127983,1.0860895891019495,15.790954220859147,4157.333333333333,0.0,09
7324,2025-10-01,202510,7357,P.S. MARISCAL CACERES,RIS 7,I-2,SAN JUAN DE LURIGANCHO,3505.0,1.0,16.0,31.0,172.0,16.0,2025-11-04,3187.0,318.0,0.884450784593438,4.907275320970043,0.456490727532097,3505.0,90.92724679029958,9.072753209700428,2025,10,4.0,0.0,5347.0,2.0,14.0,2673.5,1.215634935477838,12.81092201234337,3.553394426781373,89.00317935290818,1.152759567594562,11.615081002751381,4659.666666666667,0.0,10
7324,2025-11-01,202511,7357,P.S. MARISCAL CACERES,RIS 7,I-2,SAN JUAN DE LURIGANCHO,3354.0,2.0,15.0,16.0,415.0,9.0,2025-12-04,3108.0,246.0,0.4770423375074538,12.373285629099582,0.26833631484794274,1677.0,92.6654740608229,7.334525939177102,2025,11,4.0,0.0,3505.0,1.0,16.0,3505.0,0.884450784593438,4.907275320970043,0.456490727532097,90.92724679029958,1.1989439746586104,9.181553847185453,4487.333333333333,0.0,11
7324,2025-12-01,202512,7357,P.S. MARISCAL CACERES,RIS 7,I-2,SAN JUAN DE LURIGANCHO,2927.0,2.0,13.0,23.0,171.0,0.0,2026-01-05,2615.0,312.0,0.7857874957294158,5.842159207379569,0.0,1463.5,89.34062179706184,10.659378202938163,2025,12,5.0,0.0,3354.0,2.0,15.0,1677.0,0.4770423375074538,12.373285629099582,0.26833631484794274,92.6654740608229,0.8590426858595767,10.030494320804332,4068.6666666666665,0.0,12
7324,2026-01-01,202601,7357,P.S. MARISCAL CACERES,RIS 7,I-2,SAN JUAN DE LURIGANCHO,4431.0,2.0,16.0,143.0,139.0,1.0,2026-02-06,4107.0,324.0,3.2272624689686302,3.1369893929135637,0.022568269013766643,2215.5,92.6878808395396,7.312119160460393,2026,1,6.0,0.0,2927.0,2.0,13.0,1463.5,0.7857874957294158,5.842159207379569,0.0,89.34062179706184,0.7157602059434357,7.707573385816398,3262.0,0.0,01
7324,2026-02-01,202602,7357,P.S. MARISCAL CACERES,RIS 7,I-2,SAN JUAN DE LURIGANCHO,3974.0,2.0,14.0,417.0,414.0,185.0,2026-03-04,3565.0,409.0,10.493205837946654,10.417715148465023,4.6552591847005536,1987.0,89.7081026673377,10.291897332662305,2026,2,4.0,1.0,4431.0,2.0,16.0,2215.5,3.2272624689686302,3.1369893929135637,0.022568269013766643,92.6878808395396,1.4966974340685002,7.117478076464238,3570.6666666666665,0.0,02
7324,2026-03-01,202603,7357,P.S. MARISCAL CACERES,RIS 7,I-2,SAN JUAN DE LURIGANCHO,6096.0,2.0,15.0,284.0,144.0,0.0,2026-04-05,5557.0,539.0,4.6587926509186355,2.3622047244094486,0.0,3048.0,91.15813648293964,8.841863517060368,2026,3,5.0,0.0,3974.0,2.0,14.0,1987.0,10.493205837946654,10.417715148465023,4.6552591847005536,89.7081026673377,4.8354186008815665,6.465621249586053,3777.3333333333335,1.0,03
7324,2026-04-01,202604,7357,P.S. MARISCAL CACERES,RIS 7,I-2,SAN JUAN DE LURIGANCHO,5070.0,3.0,14.0,249.0,400.0,76.0,2026-05-05,4305.0,765.0,4.911242603550296,7.889546351084813,1.4990138067061145,1690.0,84.91124260355029,15.088757396449704,2026,4,5.0,0.0,6096.0,2.0,15.0,3048.0,4.6587926509186355,2.3622047244094486,0.0,91.15813648293964,6.126420319277973,5.305636421929345,4833.666666666667,0.0,04
7324,2026-05-01,202605,7357,P.S. MARISCAL CACERES,RIS 7,I-2,SAN JUAN DE LURIGANCHO,4813.0,4.0,15.0,49.0,1224.0,824.0,2026-06-04,3740.0,1073.0,1.0180760440473717,25.431124039060876,17.120299189694578,1203.25,77.7062123415749,22.2937876584251,2026,5,4.0,0.0,5070.0,3.0,14.0,1690.0,4.911242603550296,7.889546351084813,1.4990138067061145,84.91124260355029,6.687747030805196,6.889822074653094,5046.666666666667,0.0,05
7324,2026-06-01,202606,7357,P.S. MARISCAL CACERES,RIS 7,I-2,SAN JUAN DE LURIGANCHO,3873.0,3.0,16.0,36.0,842.0,0.0,2026-07-05,3341.0,532.0,0.9295120061967467,21.740253033823908,0.0,1291.0,86.26387813064808,13.736121869351923,2026,6,5.0,0.0,4813.0,4.0,15.0,1203.25,1.0180760440473717,25.431124039060876,17.120299189694578,77.7062123415749,3.529370432838768,11.894291704851712,5326.333333333333,0.0,06
7324,2026-07-01,202607,7357,P.S. MARISCAL CACERES,RIS 7,I-2,SAN JUAN DE LURIGANCHO,3172.0,2.0,14.0,23.0,519.0,339.0,2026-08-04,2830.0,342.0,0.725094577553594,16.36191677175284,10.687263556116015,1586.0,89.21815889029004,10.781841109709962,2026,7,4.0,0.0,3873.0,3.0,16.0,1291.0,0.9295120061967467,21.740253033823908,0.0,86.26387813064808,2.2862768845981387,18.353641141323198,4585.333333333333,0.0,07
7324,2026-08-01,202608,7357,P.S. MARISCAL CACERES,RIS 7,I-2,SAN JUAN DE LURIGANCHO,4699.0,3.0,14.0,719.0,844.0,449.0,2026-09-04,4373.0,326.0,15.301127899553096,17.961268354969143,9.555224515854437,1566.3333333333333,93.06235369227495,6.937646307725048,2026,8,4.0,1.0,3172.0,2.0,14.0,1586.0,0.725094577553594,16.36191677175284,10.687263556116015,89.21815889029004,0.8908942092659048,21.17776461487921,3952.6666666666665,0.0,08
37273,2025-02-01,202502,27703,C.S.M. COMUNITARIO HONORIO DELGADO,RIS 2,I-2,PUEBLO LIBRE,2952.0,1.0,6.0,174.0,283.0,233.0,2025-03-04,2952.0,0.0,5.894308943089431,9.586720867208673,7.892953929539296,2952.0,100.0,0.0,2025,2,4.0,0.0,3152.0,1.0,6.0,3152.0,4.50507614213198,8.883248730964468,8.883248730964468,100.0,4.50507614213198,8.883248730964468,3152.0,0.0,02
37273,2025-03-01,202503,27703,C.S.M. COMUNITARIO HONORIO DELGADO,RIS 2,I-2,PUEBLO LIBRE,3155.0,1.0,6.0,26.0,22.0,0.0,2025-04-05,3155.0,0.0,0.8240887480190174,0.6973058637083994,0.0,3155.0,100.0,0.0,2025,3,5.0,0.0,2952.0,1.0,6.0,2952.0,5.894308943089431,9.586720867208673,7.892953929539296,100.0,5.1996925426107055,9.23498479908657,3052.0,0.0,03
37273,2025-04-01,202504,27703,C.S.M. COMUNITARIO HONORIO DELGADO,RIS 2,I-2,PUEBLO LIBRE,3474.0,1.0,6.0,68.0,67.0,62.0,2025-05-05,3474.0,0.0,1.9573978123200921,1.9286125503742084,1.7846862406447899,3474.0,100.0,0.0,2025,4,5.0,0.0,3155.0,1.0,6.0,3155.0,0.8240887480190174,0.6973058637083994,0.0,100.0,3.741157944413476,6.38909182062718,3086.3333333333335,0.0,04
37273,2025-05-01,202505,27703,C.S.M. COMUNITARIO HONORIO DELGADO,RIS 2,I-2,PUEBLO LIBRE,3204.0,1.0,7.0,103.0,574.0,331.0,2025-06-04,3204.0,0.0,3.2147315855181025,17.915106117353307,10.33083645443196,3204.0,100.0,0.0,2025,5,4.0,0.0,3474.0,1.0,6.0,3474.0,1.9573978123200921,1.9286125503742084,1.7846862406447899,100.0,2.89193183447618,4.070879760430427,3193.6666666666665,0.0,05
37273,2025-06-01,202506,27703,C.S.M. COMUNITARIO HONORIO DELGADO,RIS 2,I-2,PUEBLO LIBRE,2951.0,1.0,6.0,28.0,116.0,12.0,2025-07-05,2951.0,0.0,0.9488309047780413,3.9308708912233143,0.4066418163334463,2951.0,100.0,0.0,2025,6,5.0,0.0,3204.0,1.0,7.0,3204.0,3.2147315855181025,17.915106117353307,10.33083645443196,100.0,1.9987393819524037,6.847008177145305,3277.6666666666665,0.0,06
37273,2025-07-01,202507,27703,C.S.M. COMUNITARIO HONORIO DELGADO,RIS 2,I-2,PUEBLO LIBRE,2692.0,1.0,6.0,47.0,288.0,79.0,2025-08-04,2692.0,0.0,1.7459138187221397,10.698365527488855,2.9346210995542346,2692.0,100.0,0.0,2025,7,4.0,0.0,2951.0,1.0,6.0,2951.0,0.9488309047780413,3.9308708912233143,0.4066418163334463,100.0,2.0403201008720786,7.924863186316943,3209.6666666666665,0.0,07
37273,2025-08-01,202508,27703,C.S.M. COMUNITARIO HONORIO DELGADO,RIS 2,I-2,PUEBLO LIBRE,2808.0,1.0,6.0,11.0,290.0,40.0,2025-09-04,2808.0,0.0,0.39173789173789175,10.327635327635328,1.4245014245014245,2808.0,100.0,0.0,2025,8,4.0,0.0,2692.0,1.0,6.0,2692.0,1.7459138187221397,10.698365527488855,2.9346210995542346,100.0,1.9698254363394279,10.848114178688492,2949.0,0.0,08
37273,2025-09-01,202509,27703,C.S.M. COMUNITARIO HONORIO DELGADO,RIS 2,I-2,PUEBLO LIBRE,3381.0,1.0,7.0,31.0,339.0,0.0,2025-10-04,3381.0,0.0,0.9168884945282461,10.02661934338953,0.0,3381.0,100.0,0.0,2025,9,4.0,0.0,2808.0,1.0,6.0,2808.0,0.39173789173789175,10.327635327635328,1.4245014245014245,100.0,1.028827538412691,8.318957248782498,2817.0,0.0,09
37273,2025-10-01,202510,27703,C.S.M. COMUNITARIO HONORIO DELGADO,RIS 2,I-2,PUEBLO LIBRE,2840.0,1.0,6.0,39.0,414.0,141.0,2025-11-04,2840.0,0.0,1.3732394366197183,14.577464788732394,4.964788732394366,2840.0,100.0,0.0,2025,10,4.0,0.0,3381.0,1.0,7.0,3381.0,0.9168884945282461,10.02661934338953,0.0,100.0,1.0181800683294258,10.350873399504572,2960.3333333333335,0.0,10
37273,2025-11-01,202511,27703,C.S.M. COMUNITARIO HONORIO DELGADO,RIS 2,I-2,PUEBLO LIBRE,2849.0,1.0,7.0,5.0,564.0,138.0,2025-12-04,2849.0,0.0,0.1755001755001755,19.796419796419798,4.843804843804844,2849.0,100.0,0.0,2025,11,4.0,0.0,2840.0,1.0,6.0,2840.0,1.3732394366197183,14.577464788732394,4.964788732394366,100.0,0.8939552742952853,11.64390648658575,3009.6666666666665,0.0,11
37273,2025-12-01,202512,27703,C.S.M. COMUNITARIO HONORIO DELGADO,RIS 2,I-2,PUEBLO LIBRE,3948.0,1.0,8.0,88.0,475.0,290.0,2026-01-05,3948.0,0.0,2.2289766970618032,12.031408308004053,7.34549138804458,3948.0,100.0,0.0,2025,12,5.0,0.0,2849.0,1.0,7.0,2849.0,0.1755001755001755,19.796419796419798,4.843804843804844,100.0,0.8218760355493799,14.800167976180575,3023.3333333333335,0.0,12
37273,2026-01-01,202601,27703,C.S.M. COMUNITARIO HONORIO DELGADO,RIS 2,I-2,PUEBLO LIBRE,3296.0,1.0,7.0,51.0,351.0,0.0,2026-02-06,3296.0,0.0,1.5473300970873787,10.649271844660195,0.0,3296.0,100.0,0.0,2026,1,6.0,0.0,3948.0,1.0,8.0,3948.0,2.2289766970618032,12.031408308004053,7.34549138804458,100.0,1.2592387697272323,15.468430964385414,3212.3333333333335,0.0,01
37273,2026-02-01,202602,27703,C.S.M. COMUNITARIO HONORIO DELGADO,RIS 2,I-2,PUEBLO LIBRE,3050.0,1.0,7.0,3.0,303.0,70.0,2026-03-04,3050.0,0.0,0.09836065573770492,9.934426229508198,2.2950819672131146,3050.0,100.0,0.0,2026,2,4.0,0.0,3296.0,1.0,7.0,3296.0,1.5473300970873787,10.649271844660195,0.0,100.0,1.3172689898831191,14.15903331636135,3364.3333333333335,0.0,02
37273,2026-03-01,202603,27703,C.S.M. COMUNITARIO HONORIO DELGADO,RIS 2,I-2,PUEBLO LIBRE,4421.0,1.0,9.0,376.0,0.0,0.0,2026-04-05,4421.0,0.0,8.504863153132776,0.0,0.0,4421.0,100.0,0.0,2026,3,5.0,0.0,3050.0,1.0,7.0,3050.0,0.09836065573770492,9.934426229508198,2.2950819672131146,100.0,1.2915558166289622,10.871702127390813,3431.3333333333335,0.0,03
37273,2026-04-01,202604,27703,C.S.M. COMUNITARIO HONORIO DELGADO,RIS 2,I-2,PUEBLO LIBRE,3124.0,1.0,8.0,54.0,207.0,62.0,2026-05-05,3124.0,0.0,1.7285531370038412,6.626120358514725,1.9846350832266326,3124.0,100.0,0.0,2026,4,5.0,0.0,4421.0,1.0,9.0,4421.0,8.504863153132776,0.0,0.0,100.0,3.3835179686526202,6.861232691389464,3589.0,0.0,04
37273,2026-05-01,202605,27703,C.S.M. COMUNITARIO HONORIO DELGADO,RIS 2,I-2,PUEBLO LIBRE,3282.0,1.0,8.0,66.0,396.0,0.0,2026-06-04,3282.0,0.0,2.010968921389397,12.06581352833638,0.0,3282.0,100.0,0.0,2026,5,4.0,0.0,3124.0,1.0,8.0,3124.0,1.7285531370038412,6.626120358514725,1.9846350832266326,100.0,3.443925648624774,5.520182196007641,3531.6666666666665,0.0,05
37273,2026-06-01,202606,27703,C.S.M. COMUNITARIO HONORIO DELGADO,RIS 2,I-2,PUEBLO LIBRE,3443.0,1.0,8.0,14.0,58.0,0.0,2026-07-05,3443.0,0.0,0.40662213186174845,1.6845774034272436,0.0,3443.0,100.0,0.0,2026,6,5.0,0.0,3282.0,1.0,8.0,3282.0,2.010968921389397,12.06581352833638,0.0,100.0,4.081461737175338,6.230644628950368,3609.0,0.0,06
37273,2026-07-01,202607,27703,C.S.M. COMUNITARIO HONORIO DELGADO,RIS 2,I-2,PUEBLO LIBRE,3213.0,1.0,8.0,106.0,225.0,224.0,2026-08-04,3213.0,0.0,3.2990974167444755,7.002801120448179,6.971677559912854,3213.0,100.0,0.0,2026,7,4.0,0.0,3443.0,1.0,8.0,3443.0,0.40662213186174845,1.6845774034272436,0.0,100.0,1.3820480634183288,6.792170430092782,3283.0,0.0,07
37273,2026-08-01,202608,27703,C.S.M. COMUNITARIO HONORIO DELGADO,RIS 2,I-2,PUEBLO LIBRE,3559.0,1.0,8.0,10.0,274.0,211.0,2026-09-04,3559.0,0.0,0.2809778027535825,7.69879179544816,5.92863163810059,3559.0,100.0,0.0,2026,8,4.0,0.0,3213.0,1.0,8.0,3213.0,3.2990974167444755,7.002801120448179,6.971677559912854,100.0,1.9055628233318735,6.917730684070601,3312.6666666666665,0.0,08
37521,2025-02-01,202502,27728,C.S.M. COMUNITARIO NUEVO PERU,RIS 6,I-3,SAN JUAN DE LURIGANCHO,2748.0,2.0,7.0,3.0,559.0,49.0,2025-03-04,2748.0,0.0,0.1091703056768559,20.34206695778748,1.7831149927219796,1374.0,100.0,0.0,2025,2,4.0,0.0,2479.0,2.0,6.0,1239.5,0.7260992335619201,31.34328358208955,26.3816054860831,100.0,0.7260992335619201,31.34328358208955,2479.0,0.0,02
37521,2025-03-01,202503,27728,C.S.M. COMUNITARIO NUEVO PERU,RIS 6,I-3,SAN JUAN DE LURIGANCHO,3043.0,2.0,8.0,11.0,511.0,0.0,2025-04-05,3043.0,0.0,0.36148537627341437,16.792638843246795,0.0,1521.5,100.0,0.0,2025,3,5.0,0.0,2748.0,2.0,7.0,1374.0,0.1091703056768559,20.34206695778748,1.7831149927219796,100.0,0.417634769619388,25.842675269938518,2613.5,0.0,03
37521,2025-04-01,202504,27728,C.S.M. COMUNITARIO NUEVO PERU,RIS 6,I-3,SAN JUAN DE LURIGANCHO,2808.0,2.0,7.0,1138.0,636.0,353.0,2025-05-05,2808.0,0.0,40.527065527065524,22.64957264957265,12.57122507122507,1404.0,100.0,0.0,2025,4,5.0,1.0,3043.0,2.0,8.0,1521.5,0.36148537627341437,16.792638843246795,0.0,100.0,0.3989183051707301,22.825996461041274,2756.6666666666665,0.0,04
37521,2025-05-01,202505,27728,C.S.M. COMUNITARIO NUEVO PERU,RIS 6,I-3,SAN JUAN DE LURIGANCHO,2722.0,3.0,7.0,23.0,660.0,93.0,2025-06-04,2722.0,0.0,0.8449669360764144,24.246877296105804,3.416605437178545,907.3333333333334,100.0,0.0,2025,5,4.0,0.0,2808.0,2.0,7.0,1404.0,40.527065527065524,22.64957264957265,12.57122507122507,100.0,13.665907069671931,19.928092816868972,2866.3333333333335,1.0,05
37521,2025-06-01,202506,27728,C.S.M. COMUNITARIO NUEVO PERU,RIS 6,I-3,SAN JUAN DE LURIGANCHO,2990.0,3.0,8.0,12.0,493.0,0.0,2025-07-05,2990.0,0.0,0.4013377926421405,16.48829431438127,0.0,996.6666666666666,100.0,0.0,2025,6,5.0,0.0,2722.0,3.0,7.0,907.3333333333334,0.8449669360764144,24.246877296105804,3.416605437178545,100.0,13.911172613138453,21.229696262975082,2857.6666666666665,0.0,06
37521,2025-07-01,202507,27728,C.S.M. COMUNITARIO NUEVO PERU,RIS 6,I-3,SAN JUAN DE LURIGANCHO,2478.0,3.0,7.0,79.0,867.0,731.0,2025-08-04,2478.0,0.0,3.188054882970137,34.987893462469735,29.499596448748992,826.0,100.0,0.0,2025,7,4.0,0.0,2990.0,3.0,8.0,996.6666666666666,0.4013377926421405,16.48829431438127,0.0,100.0,13.924456751928027,21.128248086686575,2840.0,0.0,07
37521,2025-08-01,202508,27728,C.S.M. COMUNITARIO NUEVO PERU,RIS 6,I-3,SAN JUAN DE LURIGANCHO,2653.0,2.0,7.0,5.0,403.0,0.0,2025-09-04,2653.0,0.0,0.18846588767433095,15.190350546551075,0.0,1326.5,100.0,0.0,2025,8,4.0,0.0,2478.0,3.0,7.0,826.0,3.188054882970137,34.987893462469735,29.499596448748992,100.0,1.478119870562897,25.241021690985605,2730.0,0.0,08
37521,2025-09-01,202509,27728,C.S.M. COMUNITARIO NUEVO PERU,RIS 6,I-3,SAN JUAN DE LURIGANCHO,3417.0,3.0,6.0,9.0,308.0,88.0,2025-10-04,3417.0,0.0,0.2633889376646181,9.013754755633597,2.5753585016095992,1139.0,100.0,0.0,2025,9,4.0,0.0,2653.0,2.0,7.0,1326.5,0.18846588767433095,15.190350546551075,0.0,100.0,1.2592861877622028,22.222179441134028,2707.0,0.0,09
37521,2025-10-01,202510,27728,C.S.M. COMUNITARIO NUEVO PERU,RIS 6,I-3,SAN JUAN DE LURIGANCHO,2934.0,2.0,7.0,5.0,0.0,0.0,2025-11-04,2934.0,0.0,0.17041581458759372,0.0,0.0,1467.0,100.0,0.0,2025,10,4.0,0.0,3417.0,3.0,6.0,1139.0,0.2633889376646181,9.013754755633597,2.5753585016095992,100.0,1.2133032361030287,19.730666254884802,2849.3333333333335,0.0,10
37521,2025-11-01,202511,27728,C.S.M. COMUNITARIO NUEVO PERU,RIS 6,I-3,SAN JUAN DE LURIGANCHO,2696.0,2.0,6.0,3.0,440.0,352.0,2025-12-04,2696.0,0.0,0.11127596439169139,16.320474777448073,13.056379821958457,1348.0,100.0,0.0,2025,11,4.0,0.0,2934.0,2.0,7.0,1467.0,0.17041581458759372,0.0,0.0,100.0,0.2074235466421809,8.068035100728224,3001.3333333333335,0.0,11
37521,2025-12-01,202512,27728,C.S.M. COMUNITARIO NUEVO PERU,RIS 6,I-3,SAN JUAN DE LURIGANCHO,4383.0,3.0,7.0,0.0,582.0,256.0,2026-01-05,4383.0,0.0,0.0,13.27857631759069,5.840748345881816,1461.0,100.0,0.0,2025,12,5.0,0.0,2696.0,2.0,6.0,1348.0,0.11127596439169139,16.320474777448073,13.056379821958457,100.0,0.18169357221463442,8.444743177693889,3015.6666666666665,0.0,12
37521,2026-01-01,202601,27728,C.S.M. COMUNITARIO NUEVO PERU,RIS 6,I-3,SAN JUAN DE LURIGANCHO,2457.0,2.0,6.0,164.0,61.0,0.0,2026-02-06,2457.0,0.0,6.674806674806675,2.4827024827024826,0.0,1228.5,100.0,0.0,2026,1,6.0,0.0,4383.0,3.0,7.0,1461.0,0.0,13.27857631759069,5.840748345881816,100.0,0.0938972596597617,9.866350365012922,3337.6666666666665,0.0,01
37521,2026-02-01,202602,27728,C.S.M. COMUNITARIO NUEVO PERU,RIS 6,I-3,SAN JUAN DE LURIGANCHO,2466.0,2.0,5.0,69.0,979.0,241.0,2026-03-04,2466.0,0.0,2.798053527980535,39.699918896999186,9.772911597729117,1233.0,100.0,0.0,2026,2,4.0,0.0,2457.0,2.0,6.0,1228.5,6.674806674806675,2.4827024827024826,0.0,100.0,2.2620275463994552,10.693917859247085,3178.6666666666665,0.0,02
37521,2026-03-01,202603,27728,C.S.M. COMUNITARIO NUEVO PERU,RIS 6,I-3,SAN JUAN DE LURIGANCHO,4457.0,3.0,9.0,788.0,443.0,0.0,2026-04-05,4457.0,0.0,17.68005384787974,9.939421135292799,0.0,1485.6666666666667,100.0,0.0,2026,3,5.0,1.0,2466.0,2.0,5.0,1233.0,2.798053527980535,39.699918896999186,9.772911597729117,100.0,3.1576200675957367,18.487065899097455,3102.0,0.0,03
37521,2026-04-01,202604,27728,C.S.M. COMUNITARIO NUEVO PERU,RIS 6,I-3,SAN JUAN DE LURIGANCHO,2471.0,2.0,7.0,277.0,444.0,224.0,2026-05-05,2471.0,0.0,11.210036422501013,17.968433832456494,9.06515580736544,1235.5,100.0,0.0,2026,4,5.0,1.0,4457.0,3.0,9.0,1485.6666666666667,17.68005384787974,9.939421135292799,0.0,100.0,9.050971350222317,17.37401417166482,3126.6666666666665,1.0,04
37521,2026-05-01,202605,27728,C.S.M. COMUNITARIO NUEVO PERU,RIS 6,I-3,SAN JUAN DE LURIGANCHO,2416.0,2.0,7.0,64.0,425.0,0.0,2026-06-04,2416.0,0.0,2.6490066225165565,17.591059602649008,0.0,1208.0,100.0,0.0,2026,5,4.0,0.0,2471.0,2.0,7.0,1235.5,11.210036422501013,17.968433832456494,9.06515580736544,100.0,10.562714599453763,22.535924621582826,3131.3333333333335,1.0,05
37521,2026-06-01,202606,27728,C.S.M. COMUNITARIO NUEVO PERU,RIS 6,I-3,SAN JUAN DE LURIGANCHO,2709.0,2.0,6.0,46.0,204.0,0.0,2026-07-05,2709.0,0.0,1.6980435585086748,7.530454042081949,0.0,1354.5,100.0,0.0,2026,6,5.0,0.0,2416.0,2.0,7.0,1208.0,2.6490066225165565,17.591059602649008,0.0,100.0,10.513032297632437,15.166304856799433,3114.6666666666665,0.0,06
37521,2026-07-01,202607,27728,C.S.M. COMUNITARIO NUEVO PERU,RIS 6,I-3,SAN JUAN DE LURIGANCHO,2606.0,2.0,7.0,81.0,231.0,44.0,2026-08-04,2606.0,0.0,3.108211818879509,8.86415963161934,1.6884113584036837,1303.0,100.0,0.0,2026,7,4.0,0.0,2709.0,2.0,6.0,1354.5,1.6980435585086748,7.530454042081949,0.0,100.0,5.185695534508748,14.36331582572915,2532.0,0.0,07
37521,2026-08-01,202608,27728,C.S.M. COMUNITARIO NUEVO PERU,RIS 6,I-3,SAN JUAN DE LURIGANCHO,2171.0,2.0,6.0,0.0,737.0,144.0,2026-09-04,2171.0,0.0,0.0,33.947489636112394,6.632888070013818,1085.5,100.0,0.0,2026,8,4.0,0.0,2606.0,2.0,7.0,1303.0,3.108211818879509,8.86415963161934,1.6884113584036837,100.0,2.48508733330158,11.328557758783433,2577.0,0.0,08
37536,2025-02-01,202502,27726,C.S.M. COMUNITARIO JAVIER MARIATEGUI CHIAPPE,RIS 5,I-3,SAN JUAN DE LURIGANCHO,2983.0,1.0,8.0,20.0,84.0,54.0,2025-03-04,2983.0,0.0,0.670465973851827,2.8159570901776734,1.810258129399933,2983.0,100.0,0.0,2025,2,4.0,0.0,2722.0,2.0,9.0,1361.0,51.1756061719324,14.290962527553269,13.409257898603968,100.0,51.1756061719324,14.290962527553269,2722.0,1.0,02
37536,2025-03-01,202503,27726,C.S.M. COMUNITARIO JAVIER MARIATEGUI CHIAPPE,RIS 5,I-3,SAN JUAN DE LURIGANCHO,3075.0,1.0,8.0,12.0,11.0,0.0,2025-04-05,3075.0,0.0,0.3902439024390244,0.35772357723577236,0.0,3075.0,100.0,0.0,2025,3,5.0,0.0,2983.0,1.0,8.0,2983.0,0.670465973851827,2.8159570901776734,1.810258129399933,100.0,25.923036072892113,8.55345980886547,2852.5,0.0,03
37536,2025-04-01,202504,27726,C.S.M. COMUNITARIO JAVIER MARIATEGUI CHIAPPE,RIS 5,I-3,SAN JUAN DE LURIGANCHO,3478.0,1.0,8.0,27.0,6.0,0.0,2025-05-05,3478.0,0.0,0.7763082231167338,0.1725129384703853,0.0,3478.0,100.0,0.0,2025,4,5.0,0.0,3075.0,1.0,8.0,3075.0,0.3902439024390244,0.35772357723577236,0.0,100.0,17.41210534940775,5.8215477316555715,2926.6666666666665,0.0,04
37536,2025-05-01,202505,27726,C.S.M. COMUNITARIO JAVIER MARIATEGUI CHIAPPE,RIS 5,I-3,SAN JUAN DE LURIGANCHO,3585.0,1.0,11.0,50.0,121.0,0.0,2025-06-04,3585.0,0.0,1.394700139470014,3.375174337517434,0.0,3585.0,100.0,0.0,2025,5,4.0,0.0,3478.0,1.0,8.0,3478.0,0.7763082231167338,0.1725129384703853,0.0,100.0,0.6123393664691951,1.1153978686279438,3178.6666666666665,0.0,05
37536,2025-06-01,202506,27726,C.S.M. COMUNITARIO JAVIER MARIATEGUI CHIAPPE,RIS 5,I-3,SAN JUAN DE LURIGANCHO,3458.0,1.0,8.0,28.0,130.0,0.0,2025-07-05,3458.0,0.0,0.8097165991902834,3.7593984962406015,0.0,3458.0,100.0,0.0,2025,6,5.0,0.0,3585.0,1.0,11.0,3585.0,1.394700139470014,3.375174337517434,0.0,100.0,0.8537507550085909,1.3018036177411971,3379.3333333333335,0.0,06
37536,2025-07-01,202507,27726,C.S.M. COMUNITARIO JAVIER MARIATEGUI CHIAPPE,RIS 5,I-3,SAN JUAN DE LURIGANCHO,2890.0,1.0,8.0,8.0,60.0,35.0,2025-08-04,2890.0,0.0,0.2768166089965398,2.0761245674740483,1.2110726643598615,2890.0,100.0,0.0,2025,7,4.0,0.0,3458.0,1.0,8.0,3458.0,0.8097165991902834,3.7593984962406015,0.0,100.0,0.9935749872590104,2.4356952574094737,3507.0,0.0,07
37536,2025-08-01,202508,27726,C.S.M. COMUNITARIO JAVIER MARIATEGUI CHIAPPE,RIS 5,I-3,SAN JUAN DE LURIGANCHO,3618.0,1.0,8.0,37.0,7.0,0.0,2025-09-04,3618.0,0.0,1.0226644555002764,0.19347705914870095,0.0,3618.0,100.0,0.0,2025,8,4.0,0.0,2890.0,1.0,8.0,2890.0,0.2768166089965398,2.0761245674740483,1.2110726643598615,100.0,0.8270777825522792,3.070232467077361,3311.0,0.0,08
37536,2025-09-01,202509,27726,C.S.M. COMUNITARIO JAVIER MARIATEGUI CHIAPPE,RIS 5,I-3,SAN JUAN DE LURIGANCHO,4365.0,1.0,8.0,37.0,7.0,0.0,2025-10-04,4365.0,0.0,0.847651775486827,0.16036655211912945,0.0,4365.0,100.0,0.0,2025,9,4.0,0.0,3618.0,1.0,8.0,3618.0,1.0226644555002764,0.19347705914870095,0.0,100.0,0.7030658878957,2.009666707621117,3322.0,0.0,09
37536,2025-10-01,202510,27726,C.S.M. COMUNITARIO JAVIER MARIATEGUI CHIAPPE,RIS 5,I-3,SAN JUAN DE LURIGANCHO,3752.0,1.0,8.0,21.0,245.0,32.0,2025-11-04,3752.0,0.0,0.5597014925373134,6.529850746268656,0.8528784648187633,3752.0,100.0,0.0,2025,10,4.0,0.0,4365.0,1.0,8.0,4365.0,0.847651775486827,0.16036655211912945,0.0,100.0,0.7157109466612145,0.8099893929139595,3624.3333333333335,0.0,10
37536,2025-11-01,202511,27726,C.S.M. COMUNITARIO JAVIER MARIATEGUI CHIAPPE,RIS 5,I-3,SAN JUAN DE LURIGANCHO,4092.0,1.0,8.0,27.0,104.0,0.0,2025-12-04,4092.0,0.0,0.6598240469208211,2.541544477028348,0.0,4092.0,100.0,0.0,2025,11,4.0,0.0,3752.0,1.0,8.0,3752.0,0.5597014925373134,6.529850746268656,0.8528784648187633,100.0,0.8100059078414724,2.2945647858454956,3911.6666666666665,0.0,11
37536,2025-12-01,202512,27726,C.S.M. COMUNITARIO JAVIER MARIATEGUI CHIAPPE,RIS 5,I-3,SAN JUAN DE LURIGANCHO,6170.0,4.0,8.0,8.0,0.0,0.0,2026-01-05,6170.0,0.0,0.12965964343598055,0.0,0.0,1542.5,100.0,0.0,2025,12,5.0,0.0,4092.0,1.0,8.0,4092.0,0.6598240469208211,2.541544477028348,0.0,100.0,0.6890591049816539,3.077253925138711,4069.6666666666665,0.0,12
37536,2026-01-01,202601,27726,C.S.M. COMUNITARIO JAVIER MARIATEGUI CHIAPPE,RIS 5,I-3,SAN JUAN DE LURIGANCHO,3984.0,1.0,8.0,48.0,4.0,0.0,2026-02-06,3984.0,0.0,1.2048192771084338,0.10040160642570281,0.0,3984.0,100.0,0.0,2026,1,6.0,0.0,6170.0,4.0,8.0,1542.5,0.12965964343598055,0.0,0.0,100.0,0.4497283942980384,3.023798407765668,4671.333333333333,0.0,01
37536,2026-02-01,202602,27726,C.S.M. COMUNITARIO JAVIER MARIATEGUI CHIAPPE,RIS 5,I-3,SAN JUAN DE LURIGANCHO,4009.0,1.0,8.0,39.0,203.0,0.0,2026-03-04,4009.0,0.0,0.9728111748565728,5.063606884509853,0.0,4009.0,100.0,0.0,2026,2,4.0,0.0,3984.0,1.0,8.0,3984.0,1.2048192771084338,0.10040160642570281,0.0,100.0,0.6647676558217452,0.8806486944846835,4748.666666666667,0.0,02
37536,2026-03-01,202603,27726,C.S.M. COMUNITARIO JAVIER MARIATEGUI CHIAPPE,RIS 5,I-3,SAN JUAN DE LURIGANCHO,5633.0,4.0,8.0,42.0,0.0,0.0,2026-04-05,5633.0,0.0,0.7456062488904669,0.0,0.0,1408.25,100.0,0.0,2026,3,5.0,0.0,4009.0,1.0,8.0,4009.0,0.9728111748565728,5.063606884509853,0.0,100.0,0.7690966984669959,1.7213361636451854,4721.0,0.0,03
37536,2026-04-01,202604,27726,C.S.M. COMUNITARIO JAVIER MARIATEGUI CHIAPPE,RIS 5,I-3,SAN JUAN DE LURIGANCHO,3447.0,1.0,8.0,12.0,214.0,67.0,2026-05-05,3447.0,0.0,0.34812880765883375,6.208297069915869,1.943719176095155,3447.0,100.0,0.0,2026,4,5.0,0.0,5633.0,4.0,8.0,1408.25,0.7456062488904669,0.0,0.0,100.0,0.9744122336184913,1.7213361636451852,4542.0,0.0,04
37536,2026-05-01,202605,27726,C.S.M. COMUNITARIO JAVIER MARIATEGUI CHIAPPE,RIS 5,I-3,SAN JUAN DE LURIGANCHO,3364.0,1.0,8.0,19.0,198.0,185.0,2026-06-04,3364.0,0.0,0.5648038049940547,5.885850178359096,5.499405469678954,3364.0,100.0,0.0,2026,5,4.0,0.0,3447.0,1.0,8.0,3447.0,0.34812880765883375,6.208297069915869,1.943719176095155,100.0,0.6888487438019579,3.757301318141907,4363.0,0.0,05
37536,2026-06-01,202606,27726,C.S.M. COMUNITARIO JAVIER MARIATEGUI CHIAPPE,RIS 5,I-3,SAN JUAN DE LURIGANCHO,3257.0,1.0,8.0,10.0,1.0,0.0,2026-07-05,3257.0,0.0,0.30703101013202333,0.030703101013202335,0.0,3257.0,100.0,0.0,2026,6,5.0,0.0,3364.0,1.0,8.0,3364.0,0.5648038049940547,5.885850178359096,5.499405469678954,100.0,0.5528462871811185,4.031382416091655,4148.0,0.0,06
37536,2026-07-01,202607,27726,C.S.M. COMUNITARIO JAVIER MARIATEGUI CHIAPPE,RIS 5,I-3,SAN JUAN DE LURIGANCHO,3083.0,1.0,8.0,33.0,722.0,160.0,2026-08-04,3083.0,0.0,1.0703859876743431,23.41874797275381,5.189750243269542,3083.0,100.0,0.0,2026,7,4.0,0.0,3257.0,1.0,8.0,3257.0,0.30703101013202333,0.030703101013202335,0.0,100.0,0.40665454092830405,4.041616783096056,3356.0,0.0,07
37536,2026-08-01,202608,27726,C.S.M. COMUNITARIO JAVIER MARIATEGUI CHIAPPE,RIS 5,I-3,SAN JUAN DE LURIGANCHO,3637.0,1.0,9.0,42.0,405.0,314.0,2026-09-04,3637.0,0.0,1.154797910365686,11.135551278526258,8.633489139400606,3637.0,100.0,0.0,2026,8,4.0,0.0,3083.0,1.0,8.0,3083.0,1.0703859876743431,23.41874797275381,5.189750243269542,100.0,0.6474069342668072,9.778433750708702,3234.6666666666665,0.0,08
37569,2025-02-01,202502,27711,C.S.M. COMUNITARIO LA VICTORIA,RIS 4,I-3,LA VICTORIA,707.0,1.0,5.0,685.0,0.0,0.0,2025-03-04,707.0,0.0,96.88826025459689,0.0,0.0,707.0,100.0,0.0,2025,2,4.0,1.0,1364.0,1.0,5.0,1364.0,84.23753665689149,10.337243401759531,9.310850439882698,100.0,84.23753665689149,10.337243401759531,1364.0,1.0,02
37569,2025-03-01,202503,27711,C.S.M. COMUNITARIO LA VICTORIA,RIS 4,I-3,LA VICTORIA,771.0,1.0,5.0,771.0,0.0,0.0,2025-04-05,771.0,0.0,100.0,0.0,0.0,771.0,100.0,0.0,2025,3,5.0,1.0,707.0,1.0,5.0,707.0,96.88826025459689,0.0,0.0,100.0,90.56289845574419,5.168621700879766,1035.5,1.0,03
37569,2025-04-01,202504,27711,C.S.M. COMUNITARIO LA VICTORIA,RIS 4,I-3,LA VICTORIA,534.0,1.0,5.0,534.0,0.0,0.0,2025-05-05,534.0,0.0,100.0,0.0,0.0,534.0,100.0,0.0,2025,4,5.0,1.0,771.0,1.0,5.0,771.0,100.0,0.0,0.0,100.0,93.70859897049611,3.4457478005865103,947.3333333333334,1.0,04
37569,2025-05-01,202505,27711,C.S.M. COMUNITARIO LA VICTORIA,RIS 4,I-3,LA VICTORIA,706.0,1.0,7.0,590.0,0.0,0.0,2025-06-04,706.0,0.0,83.56940509915015,0.0,0.0,706.0,100.0,0.0,2025,5,4.0,1.0,534.0,1.0,5.0,534.0,100.0,0.0,0.0,100.0,98.96275341819894,0.0,670.6666666666666,1.0,05
37569,2025-06-01,202506,27711,C.S.M. COMUNITARIO LA VICTORIA,RIS 4,I-3,LA VICTORIA,734.0,1.0,6.0,428.0,195.0,195.0,2025-07-05,734.0,0.0,58.310626702997276,26.56675749318801,26.56675749318801,734.0,100.0,0.0,2025,6,5.0,1.0,706.0,1.0,7.0,706.0,83.56940509915015,0.0,0.0,100.0,94.52313503305004,0.0,670.3333333333334,1.0,06
37569,2025-07-01,202507,27711,C.S.M. COMUNITARIO LA VICTORIA,RIS 4,I-3,LA VICTORIA,568.0,1.0,6.0,568.0,0.0,0.0,2025-08-04,568.0,0.0,100.0,0.0,0.0,568.0,100.0,0.0,2025,7,4.0,1.0,734.0,1.0,6.0,734.0,58.310626702997276,26.56675749318801,26.56675749318801,100.0,80.62667726738248,8.85558583106267,658.0,1.0,07
37569,2025-08-01,202508,27711,C.S.M. COMUNITARIO LA VICTORIA,RIS 4,I-3,LA VICTORIA,539.0,1.0,6.0,427.0,112.0,0.0,2025-09-04,539.0,0.0,79.22077922077922,20.77922077922078,0.0,539.0,100.0,0.0,2025,8,4.0,1.0,568.0,1.0,6.0,568.0,100.0,0.0,0.0,100.0,80.62667726738248,8.85558583106267,669.3333333333334,1.0,08
37569,2025-09-01,202509,27711,C.S.M. COMUNITARIO LA VICTORIA,RIS 4,I-3,LA VICTORIA,848.0,1.0,6.0,738.0,0.0,0.0,2025-10-04,848.0,0.0,87.02830188679245,0.0,0.0,848.0,100.0,0.0,2025,9,4.0,1.0,539.0,1.0,6.0,539.0,79.22077922077922,20.77922077922078,0.0,100.0,79.1771353079255,15.781992757469595,613.6666666666666,1.0,09
37569,2025-10-01,202510,27711,C.S.M. COMUNITARIO LA VICTORIA,RIS 4,I-3,LA VICTORIA,1398.0,1.0,7.0,1398.0,0.0,0.0,2025-11-04,1398.0,0.0,100.0,0.0,0.0,1398.0,100.0,0.0,2025,10,4.0,1.0,848.0,1.0,6.0,848.0,87.02830188679245,0.0,0.0,100.0,88.74969370252389,6.926406926406926,651.6666666666666,1.0,10
37569,2025-11-01,202511,27711,C.S.M. COMUNITARIO LA VICTORIA,RIS 4,I-3,LA VICTORIA,1553.0,2.0,6.0,1324.0,192.0,192.0,2025-12-04,1553.0,0.0,85.25434642627174,12.36316806181584,12.36316806181584,776.5,100.0,0.0,2025,11,4.0,1.0,1398.0,1.0,7.0,1398.0,100.0,0.0,0.0,100.0,88.74969370252389,6.926406926406926,928.3333333333334,1.0,11
37569,2025-12-01,202512,27711,C.S.M. COMUNITARIO LA VICTORIA,RIS 4,I-3,LA VICTORIA,4097.0,1.0,9.0,1296.0,0.0,0.0,2026-01-05,4097.0,0.0,31.632902123505005,0.0,0.0,4097.0,100.0,0.0,2025,12,5.0,1.0,1553.0,2.0,6.0,776.5,85.25434642627174,12.36316806181584,12.36316806181584,100.0,90.7608827710214,4.1210560206052795,1266.3333333333333,1.0,12
37569,2026-01-01,202601,27711,C.S.M. COMUNITARIO LA VICTORIA,RIS 4,I-3,LA VICTORIA,1524.0,2.0,7.0,1524.0,0.0,0.0,2026-02-06,1524.0,0.0,100.0,0.0,0.0,762.0,100.0,0.0,2026,1,6.0,1.0,4097.0,1.0,9.0,4097.0,31.632902123505005,0.0,0.0,100.0,72.29574951659225,4.1210560206052795,2349.3333333333335,1.0,01
37569,2026-02-01,202602,27711,C.S.M. COMUNITARIO LA VICTORIA,RIS 4,I-3,LA VICTORIA,1494.0,2.0,6.0,1494.0,0.0,0.0,2026-03-04,1494.0,0.0,100.0,0.0,0.0,747.0,100.0,0.0,2026,2,4.0,1.0,1524.0,2.0,7.0,762.0,100.0,0.0,0.0,100.0,72.29574951659225,4.1210560206052795,2391.3333333333335,1.0,02
37569,2026-03-01,202603,27711,C.S.M. COMUNITARIO LA VICTORIA,RIS 4,I-3,LA VICTORIA,3165.0,2.0,8.0,1589.0,193.0,0.0,2026-04-05,3165.0,0.0,50.20537124802528,6.097946287519747,0.0,1582.5,100.0,0.0,2026,3,5.0,1.0,1494.0,2.0,6.0,747.0,100.0,0.0,0.0,100.0,77.21096737450166,0.0,2371.6666666666665,1.0,03
37569,2026-04-01,202604,27711,C.S.M. COMUNITARIO LA VICTORIA,RIS 4,I-3,LA VICTORIA,1753.0,2.0,8.0,6.0,246.0,142.0,2026-05-05,1753.0,0.0,0.34227039361095263,14.03308613804906,8.100399315459212,876.5,100.0,0.0,2026,4,5.0,0.0,3165.0,2.0,8.0,1582.5,50.20537124802528,6.097946287519747,0.0,100.0,83.40179041600842,2.0326487625065823,2061.0,1.0,04
37569,2026-05-01,202605,27711,C.S.M. COMUNITARIO LA VICTORIA,RIS 4,I-3,LA VICTORIA,1902.0,2.0,7.0,706.0,213.0,70.0,2026-06-04,1902.0,0.0,37.11882229232387,11.198738170347003,3.680336487907466,951.0,100.0,0.0,2026,5,4.0,1.0,1753.0,2.0,8.0,876.5,0.34227039361095263,14.03308613804906,8.100399315459212,100.0,50.18254721387874,6.710344141856268,2137.3333333333335,0.0,05
37569,2026-06-01,202606,27711,C.S.M. COMUNITARIO LA VICTORIA,RIS 4,I-3,LA VICTORIA,1806.0,1.0,8.0,0.0,61.0,0.0,2026-07-05,1806.0,0.0,0.0,3.377630121816168,0.0,1806.0,100.0,0.0,2026,6,5.0,0.0,1902.0,2.0,7.0,951.0,37.11882229232387,11.198738170347003,3.680336487907466,100.0,29.22215464465337,10.44325686530527,2273.3333333333335,1.0,06
37569,2026-07-01,202607,27711,C.S.M. COMUNITARIO LA VICTORIA,RIS 4,I-3,LA VICTORIA,1766.0,1.0,8.0,56.0,943.0,512.0,2026-08-04,1766.0,0.0,3.1710079275198186,53.397508493771234,28.9920724801812,1766.0,100.0,0.0,2026,7,4.0,0.0,1806.0,1.0,8.0,1806.0,0.0,3.377630121816168,0.0,100.0,12.487030895311607,9.536484810070744,1820.3333333333333,0.0,07
37569,2026-08-01,202608,27711,C.S.M. COMUNITARIO LA VICTORIA,RIS 4,I-3,LA VICTORIA,1760.0,1.0,8.0,0.0,394.0,239.0,2026-09-04,1760.0,0.0,0.0,22.386363636363637,13.579545454545455,1760.0,100.0,0.0,2026,8,4.0,0.0,1766.0,1.0,8.0,1766.0,3.1710079275198186,53.397508493771234,28.9920724801812,100.0,13.429943406614562,22.657958928644803,1824.6666666666667,0.0,08
37570,2025-02-01,202502,28401,C.S.M. COMUNITARIO UNIVERSITARIO SAN MARCOS,RIS 1,I-3,LIMA,1056.0,2.0,5.0,361.0,430.0,277.0,2025-03-04,1056.0,0.0,34.18560606060606,40.71969696969697,26.231060606060606,528.0,100.0,0.0,2025,2,4.0,1.0,1443.0,2.0,6.0,721.5,0.4851004851004851,17.671517671517673,8.454608454608454,100.0,0.4851004851004851,17.671517671517673,1443.0,0.0,02
37570,2025-03-01,202503,28401,C.S.M. COMUNITARIO UNIVERSITARIO SAN MARCOS,RIS 1,I-3,LIMA,1179.0,3.0,5.0,9.0,0.0,0.0,2025-04-05,1179.0,0.0,0.7633587786259542,0.0,0.0,393.0,100.0,0.0,2025,3,5.0,0.0,1056.0,2.0,5.0,528.0,34.18560606060606,40.71969696969697,26.231060606060606,100.0,17.335353272853272,29.195607320607323,1249.5,1.0,03
37570,2025-04-01,202504,28401,C.S.M. COMUNITARIO UNIVERSITARIO SAN MARCOS,RIS 1,I-3,LIMA,1877.0,3.0,5.0,179.0,467.0,0.0,2025-05-05,1877.0,0.0,9.536494405966968,24.88012786361215,0.0,625.6666666666666,100.0,0.0,2025,4,5.0,0.0,1179.0,3.0,5.0,393.0,0.7633587786259542,0.0,0.0,100.0,11.811355108110833,19.463738213738214,1226.0,0.0,04
37570,2025-05-01,202505,28401,C.S.M. COMUNITARIO UNIVERSITARIO SAN MARCOS,RIS 1,I-3,LIMA,1915.0,3.0,5.0,2.0,383.0,0.0,2025-06-04,1915.0,0.0,0.10443864229765012,20.0,0.0,638.3333333333334,100.0,0.0,2025,5,4.0,0.0,1877.0,3.0,5.0,625.6666666666666,9.536494405966968,24.88012786361215,0.0,100.0,14.828486415066328,21.866608277769704,1370.6666666666667,0.0,05
37570,2025-06-01,202506,28401,C.S.M. COMUNITARIO UNIVERSITARIO SAN MARCOS,RIS 1,I-3,LIMA,2086.0,3.0,5.0,1.0,1.0,0.0,2025-07-05,2086.0,0.0,0.04793863854266539,0.04793863854266539,0.0,695.3333333333334,100.0,0.0,2025,6,5.0,0.0,1915.0,3.0,5.0,638.3333333333334,0.10443864229765012,20.0,0.0,100.0,3.468097275630191,14.960042621204048,1657.0,0.0,06
37570,2025-07-01,202507,28401,C.S.M. COMUNITARIO UNIVERSITARIO SAN MARCOS,RIS 1,I-3,LIMA,1513.0,2.0,6.0,10.0,178.0,0.0,2025-08-04,1513.0,0.0,0.6609385327164574,11.764705882352942,0.0,756.5,100.0,0.0,2025,7,4.0,0.0,2086.0,3.0,5.0,695.3333333333334,0.04793863854266539,0.04793863854266539,0.0,100.0,3.229623895602428,14.976022167384938,1959.3333333333333,0.0,07
37570,2025-08-01,202508,28401,C.S.M. COMUNITARIO UNIVERSITARIO SAN MARCOS,RIS 1,I-3,LIMA,719.0,2.0,5.0,1.0,1.0,0.0,2025-09-04,719.0,0.0,0.13908205841446453,0.13908205841446453,0.0,359.5,100.0,0.0,2025,8,4.0,0.0,1513.0,2.0,6.0,756.5,0.6609385327164574,11.764705882352942,0.0,100.0,0.27110527118559097,10.604214840298537,1838.0,0.0,08
37570,2025-09-01,202509,28401,C.S.M. COMUNITARIO UNIVERSITARIO SAN MARCOS,RIS 1,I-3,LIMA,945.0,2.0,5.0,0.0,0.0,0.0,2025-10-04,945.0,0.0,0.0,0.0,0.0,472.5,100.0,0.0,2025,9,4.0,0.0,719.0,2.0,5.0,359.5,0.13908205841446453,0.13908205841446453,0.0,100.0,0.2826530765578625,3.983908859770024,1439.3333333333333,0.0,09
37570,2025-10-01,202510,28401,C.S.M. COMUNITARIO UNIVERSITARIO SAN MARCOS,RIS 1,I-3,LIMA,744.0,2.0,6.0,9.0,18.0,0.0,2025-11-04,744.0,0.0,1.2096774193548387,2.4193548387096775,0.0,372.0,100.0,0.0,2025,10,4.0,0.0,945.0,2.0,5.0,472.5,0.0,0.0,0.0,100.0,0.266673530376974,3.9679293135891354,1059.0,0.0,10
37570,2025-11-01,202511,28401,C.S.M. COMUNITARIO UNIVERSITARIO SAN MARCOS,RIS 1,I-3,LIMA,1263.0,2.0,6.0,0.0,57.0,0.0,2025-12-04,1263.0,0.0,0.0,4.513064133016627,0.0,631.5,100.0,0.0,2025,11,4.0,0.0,744.0,2.0,6.0,372.0,1.2096774193548387,2.4193548387096775,0.0,100.0,0.44958649258976774,0.8528122990413807,802.6666666666666,0.0,11
37570,2025-12-01,202512,28401,C.S.M. COMUNITARIO UNIVERSITARIO SAN MARCOS,RIS 1,I-3,LIMA,1425.0,2.0,7.0,0.0,1.0,1.0,2026-01-05,1425.0,0.0,0.0,0.07017543859649122,0.07017543859649122,712.5,100.0,0.0,2025,12,5.0,0.0,1263.0,2.0,6.0,631.5,0.0,4.513064133016627,0.0,100.0,0.40322580645161293,2.310806323908768,984.0,0.0,12
37570,2026-01-01,202601,28401,C.S.M. COMUNITARIO UNIVERSITARIO SAN MARCOS,RIS 1,I-3,LIMA,778.0,2.0,6.0,0.0,0.0,0.0,2026-02-06,778.0,0.0,0.0,0.0,0.0,389.0,100.0,0.0,2026,1,6.0,0.0,1425.0,2.0,7.0,712.5,0.0,0.07017543859649122,0.07017543859649122,100.0,0.40322580645161293,2.3341981367742655,1144.0,0.0,01
37570,2026-02-01,202602,28401,C.S.M. COMUNITARIO UNIVERSITARIO SAN MARCOS,RIS 1,I-3,LIMA,587.0,1.0,7.0,21.0,341.0,85.0,2026-03-04,587.0,0.0,3.577512776831346,58.09199318568995,14.480408858603067,587.0,100.0,0.0,2026,2,4.0,0.0,778.0,2.0,6.0,389.0,0.0,0.0,0.0,100.0,0.0,1.5277465238710395,1155.3333333333333,0.0,02
37570,2026-03-01,202603,28401,C.S.M. COMUNITARIO UNIVERSITARIO SAN MARCOS,RIS 1,I-3,LIMA,1393.0,1.0,7.0,9.0,0.0,0.0,2026-04-05,1393.0,0.0,0.6460875807609476,0.0,0.0,1393.0,100.0,0.0,2026,3,5.0,0.0,587.0,1.0,7.0,587.0,3.577512776831346,58.09199318568995,14.480408858603067,100.0,1.192504258943782,19.387389541428814,930.0,0.0,03
37570,2026-04-01,202604,28401,C.S.M. COMUNITARIO UNIVERSITARIO SAN MARCOS,RIS 1,I-3,LIMA,594.0,1.0,7.0,0.0,73.0,0.0,2026-05-05,594.0,0.0,0.0,12.289562289562289,0.0,594.0,100.0,0.0,2026,4,5.0,0.0,1393.0,1.0,7.0,1393.0,0.6460875807609476,0.0,0.0,100.0,1.4078667858640979,19.363997728563316,919.3333333333334,0.0,04
37570,2026-05-01,202605,28401,C.S.M. COMUNITARIO UNIVERSITARIO SAN MARCOS,RIS 1,I-3,LIMA,408.0,1.0,7.0,1.0,2.0,2.0,2026-06-04,408.0,0.0,0.24509803921568626,0.49019607843137253,0.49019607843137253,408.0,100.0,0.0,2026,5,4.0,0.0,594.0,1.0,7.0,594.0,0.0,12.289562289562289,0.0,100.0,1.4078667858640979,23.460518491750747,858.0,0.0,05
37570,2026-06-01,202606,28401,C.S.M. COMUNITARIO UNIVERSITARIO SAN MARCOS,RIS 1,I-3,LIMA,420.0,1.0,7.0,24.0,1.0,0.0,2026-07-05,420.0,0.0,5.714285714285714,0.23809523809523808,0.0,420.0,100.0,0.0,2026,6,5.0,0.0,408.0,1.0,7.0,408.0,0.24509803921568626,0.49019607843137253,0.49019607843137253,100.0,0.2970618733255446,4.2599194559978875,798.3333333333334,0.0,06
37570,2026-07-01,202607,28401,C.S.M. COMUNITARIO UNIVERSITARIO SAN MARCOS,RIS 1,I-3,LIMA,361.0,1.0,7.0,1.0,17.0,1.0,2026-08-04,361.0,0.0,0.2770083102493075,4.7091412742382275,0.2770083102493075,361.0,100.0,0.0,2026,7,4.0,0.0,420.0,1.0,7.0,420.0,5.714285714285714,0.23809523809523808,0.0,100.0,1.9864612511671336,4.3392845353629665,474.0,0.0,07
37570,2026-08-01,202608,28401,C.S.M. COMUNITARIO UNIVERSITARIO SAN MARCOS,RIS 1,I-3,LIMA,441.0,1.0,7.0,1.0,19.0,3.0,2026-09-04,441.0,0.0,0.22675736961451248,4.308390022675737,0.6802721088435374,441.0,100.0,0.0,2026,8,4.0,0.0,361.0,1.0,7.0,361.0,0.2770083102493075,4.7091412742382275,0.2770083102493075,100.0,2.0787973545835694,1.812477530254946,396.3333333333333,0.0,08
40759,2025-02-01,202502,33452,C.S.M. COMUNITARIO SAN BORJA,RIS 4,I-2,SAN BORJA,2630.0,2.0,7.0,700.0,284.0,178.0,2025-03-04,2630.0,0.0,26.61596958174905,10.798479087452472,6.768060836501901,1315.0,100.0,0.0,2025,2,4.0,1.0,2222.0,2.0,5.0,1111.0,8.955895589558956,22.77227722772277,11.521152115211521,100.0,8.955895589558956,22.77227722772277,2222.0,0.0,02
40759,2025-03-01,202503,33452,C.S.M. COMUNITARIO SAN BORJA,RIS 4,I-2,SAN BORJA,2610.0,3.0,7.0,775.0,349.0,0.0,2025-04-05,2610.0,0.0,29.693486590038315,13.371647509578544,0.0,870.0,100.0,0.0,2025,3,5.0,1.0,2630.0,2.0,7.0,1315.0,26.61596958174905,10.798479087452472,6.768060836501901,100.0,17.785932585654002,16.785378157587623,2426.0,1.0,03
40759,2025-04-01,202504,33452,C.S.M. COMUNITARIO SAN BORJA,RIS 4,I-2,SAN BORJA,2544.0,5.0,8.0,2013.0,0.0,0.0,2025-05-05,2544.0,0.0,79.12735849056604,0.0,0.0,508.8,100.0,0.0,2025,4,5.0,1.0,2610.0,3.0,7.0,870.0,29.693486590038315,13.371647509578544,0.0,100.0,21.755117253782107,15.647467941584596,2487.3333333333335,1.0,04
40759,2025-05-01,202505,33452,C.S.M. COMUNITARIO SAN BORJA,RIS 4,I-2,SAN BORJA,2709.0,2.0,6.0,2027.0,359.0,139.0,2025-06-04,2709.0,0.0,74.82465854558878,13.252122554448135,5.131044665928387,1354.5,100.0,0.0,2025,5,4.0,1.0,2544.0,5.0,8.0,508.8,79.12735849056604,0.0,0.0,100.0,45.145604887451135,8.056708865677004,2594.6666666666665,1.0,05
40759,2025-06-01,202506,33452,C.S.M. COMUNITARIO SAN BORJA,RIS 4,I-2,SAN BORJA,2460.0,2.0,6.0,1172.0,1025.0,160.0,2025-07-05,2460.0,0.0,47.642276422764226,41.666666666666664,6.504065040650406,1230.0,100.0,0.0,2025,6,5.0,1.0,2709.0,2.0,6.0,1354.5,74.82465854558878,13.252122554448135,5.131044665928387,100.0,61.215167875397704,8.874590021342227,2621.0,1.0,06
40759,2025-07-01,202507,33452,C.S.M. COMUNITARIO SAN BORJA,RIS 4,I-2,SAN BORJA,2454.0,2.0,7.0,396.0,234.0,90.0,2025-08-04,2454.0,0.0,16.13691931540342,9.535452322738386,3.667481662591687,1227.0,100.0,0.0,2025,7,4.0,1.0,2460.0,2.0,6.0,1230.0,47.642276422764226,41.666666666666664,6.504065040650406,100.0,67.19809781963967,18.306263073704933,2571.0,1.0,07
40759,2025-08-01,202508,33452,C.S.M. COMUNITARIO SAN BORJA,RIS 4,I-2,SAN BORJA,2229.0,2.0,7.0,17.0,89.0,2.0,2025-09-04,2229.0,0.0,0.762673844773441,3.9928218932256616,0.08972633467922836,1114.5,100.0,0.0,2025,8,4.0,0.0,2454.0,2.0,7.0,1227.0,16.13691931540342,9.535452322738386,3.667481662591687,100.0,46.20128476125214,21.484747181284394,2541.0,1.0,08
40759,2025-09-01,202509,33452,C.S.M. COMUNITARIO SAN BORJA,RIS 4,I-2,SAN BORJA,2820.0,2.0,8.0,26.0,588.0,123.0,2025-10-04,2820.0,0.0,0.9219858156028369,20.851063829787233,4.361702127659575,1410.0,100.0,0.0,2025,9,4.0,0.0,2229.0,2.0,7.0,1114.5,0.762673844773441,3.9928218932256616,0.08972633467922836,100.0,21.51395652764703,18.39831362754357,2381.0,0.0,09
40759,2025-10-01,202510,33452,C.S.M. COMUNITARIO SAN BORJA,RIS 4,I-2,SAN BORJA,2780.0,2.0,7.0,236.0,651.0,435.0,2025-11-04,2780.0,0.0,8.489208633093526,23.41726618705036,15.647482014388489,1390.0,100.0,0.0,2025,10,4.0,0.0,2820.0,2.0,8.0,1410.0,0.9219858156028369,20.851063829787233,4.361702127659575,100.0,5.940526325259899,11.45977934858376,2501.0,0.0,10
40759,2025-11-01,202511,33452,C.S.M. COMUNITARIO SAN BORJA,RIS 4,I-2,SAN BORJA,2485.0,3.0,8.0,489.0,554.0,189.0,2025-12-04,2485.0,0.0,19.678068410462778,22.293762575452718,7.605633802816901,828.3333333333334,100.0,0.0,2025,11,4.0,1.0,2780.0,2.0,7.0,1390.0,8.489208633093526,23.41726618705036,15.647482014388489,100.0,3.391289431156601,16.087050636687753,2609.6666666666665,0.0,11
40759,2025-12-01,202512,33452,C.S.M. COMUNITARIO SAN BORJA,RIS 4,I-2,SAN BORJA,3824.0,3.0,8.0,424.0,224.0,111.0,2026-01-05,3824.0,0.0,11.087866108786612,5.857740585774058,2.9027196652719667,1274.6666666666667,100.0,0.0,2025,12,5.0,1.0,2485.0,3.0,8.0,828.3333333333334,19.678068410462778,22.293762575452718,7.605633802816901,100.0,9.696420953053048,22.187364197430103,2695.0,1.0,12
40759,2026-01-01,202601,33452,C.S.M. COMUNITARIO SAN BORJA,RIS 4,I-2,SAN BORJA,2747.0,2.0,9.0,1346.0,812.0,339.0,2026-02-06,2747.0,0.0,48.998907899526756,29.559519475791774,12.340735347651984,1373.5,100.0,0.0,2026,1,6.0,1.0,3824.0,3.0,8.0,1274.6666666666667,11.087866108786612,5.857740585774058,2.9027196652719667,100.0,13.085047717447639,17.189589782759047,3029.6666666666665,1.0,01
40759,2026-02-01,202602,33452,C.S.M. COMUNITARIO SAN BORJA,RIS 4,I-2,SAN BORJA,2367.0,3.0,8.0,322.0,549.0,257.0,2026-03-04,2367.0,0.0,13.603717786227293,23.193916349809886,10.857625686523026,789.0,100.0,0.0,2026,2,4.0,1.0,2747.0,2.0,9.0,1373.5,48.998907899526756,29.559519475791774,12.340735347651984,100.0,26.588280806258712,19.23700754567285,3018.6666666666665,1.0,02
40759,2026-03-01,202603,33452,C.S.M. COMUNITARIO SAN BORJA,RIS 4,I-2,SAN BORJA,4407.0,3.0,9.0,1360.0,0.0,0.0,2026-04-05,4407.0,0.0,30.859995461765372,0.0,0.0,1469.0,100.0,0.0,2026,3,5.0,1.0,2367.0,3.0,8.0,789.0,13.603717786227293,23.193916349809886,10.857625686523026,100.0,24.563497264846887,19.537058803791908,2979.3333333333335,1.0,03
40759,2026-04-01,202604,33452,C.S.M. COMUNITARIO SAN BORJA,RIS 4,I-2,SAN BORJA,2701.0,2.0,9.0,858.0,746.0,475.0,2026-05-05,2701.0,0.0,31.766012587930398,27.619400222139948,17.586079229914848,1350.5,100.0,0.0,2026,4,5.0,1.0,4407.0,3.0,9.0,1469.0,30.859995461765372,0.0,0.0,100.0,31.15420704917314,17.584478608533885,3173.6666666666665,1.0,04
40759,2026-05-01,202605,33452,C.S.M. COMUNITARIO SAN BORJA,RIS 4,I-2,SAN BORJA,2727.0,2.0,9.0,1372.0,173.0,29.0,2026-06-04,2727.0,0.0,50.311697836450314,6.343967730106344,1.0634396773010635,1363.5,100.0,0.0,2026,5,4.0,1.0,2701.0,2.0,9.0,1350.5,31.766012587930398,27.619400222139948,17.586079229914848,100.0,25.409908611974355,16.937772190649945,3158.3333333333335,1.0,05
40759,2026-06-01,202606,33452,C.S.M. COMUNITARIO SAN BORJA,RIS 4,I-2,SAN BORJA,2693.0,2.0,8.0,1842.0,49.0,0.0,2026-07-05,2693.0,0.0,68.39955440029706,1.8195321203119197,0.0,1346.5,100.0,0.0,2026,6,5.0,1.0,2727.0,2.0,9.0,1363.5,50.311697836450314,6.343967730106344,1.0634396773010635,100.0,37.6459019620487,11.321122650748764,3278.3333333333335,1.0,06
40759,2026-07-01,202607,33452,C.S.M. COMUNITARIO SAN BORJA,RIS 4,I-2,SAN BORJA,2610.0,3.0,8.0,395.0,58.0,0.0,2026-08-04,2610.0,0.0,15.134099616858238,2.2222222222222223,0.0,870.0,100.0,0.0,2026,7,4.0,1.0,2693.0,2.0,8.0,1346.5,68.39955440029706,1.8195321203119197,0.0,100.0,50.15908827489259,11.927633357519404,2707.0,1.0,07
40759,2026-08-01,202608,33452,C.S.M. COMUNITARIO SAN BORJA,RIS 4,I-2,SAN BORJA,2904.0,3.0,8.0,703.0,496.0,159.0,2026-09-04,2904.0,0.0,24.207988980716255,17.079889807162534,5.475206611570248,968.0,100.0,0.0,2026,8,4.0,1.0,2610.0,3.0,8.0,870.0,15.134099616858238,2.2222222222222223,0.0,100.0,44.61511728453521,3.461907357546829,2676.6666666666665,1.0,08
41192,2025-02-01,202502,34256,C.S.M. COMUNITARIO JAIME ZUBIETA,RIS 6,I-2,SAN JUAN DE LURIGANCHO,2381.0,3.0,7.0,1517.0,41.0,41.0,2025-03-04,2381.0,0.0,63.71272574548509,1.7219655606887863,1.7219655606887863,793.6666666666666,100.0,0.0,2025,2,4.0,1.0,2089.0,1.0,7.0,2089.0,0.0,0.0,0.0,100.0,0.0,0.0,2089.0,0.0,02
41192,2025-03-01,202503,34256,C.S.M. COMUNITARIO JAIME ZUBIETA,RIS 6,I-2,SAN JUAN DE LURIGANCHO,2197.0,2.0,7.0,507.0,680.0,280.0,2025-04-05,2197.0,0.0,23.076923076923077,30.951297223486574,12.744651797906236,1098.5,100.0,0.0,2025,3,5.0,1.0,2381.0,3.0,7.0,793.6666666666666,63.71272574548509,1.7219655606887863,1.7219655606887863,100.0,31.856362872742544,0.8609827803443931,2235.0,1.0,03
41192,2025-04-01,202504,34256,C.S.M. COMUNITARIO JAIME ZUBIETA,RIS 6,I-2,SAN JUAN DE LURIGANCHO,2326.0,2.0,7.0,467.0,744.0,213.0,2025-05-05,2326.0,0.0,20.07738607050731,31.986242476354256,9.157351676698195,1163.0,100.0,0.0,2025,4,5.0,1.0,2197.0,2.0,7.0,1098.5,23.076923076923077,30.951297223486574,12.744651797906236,100.0,28.929882940802724,10.89108759472512,2222.3333333333335,1.0,04
41192,2025-05-01,202505,34256,C.S.M. COMUNITARIO JAIME ZUBIETA,RIS 6,I-2,SAN JUAN DE LURIGANCHO,2485.0,2.0,8.0,1244.0,698.0,391.0,2025-06-04,2485.0,0.0,50.06036217303823,28.088531187122737,15.73440643863179,1242.5,100.0,0.0,2025,5,4.0,1.0,2326.0,2.0,7.0,1163.0,20.07738607050731,31.986242476354256,9.157351676698195,100.0,35.62234496430516,21.553168420176537,2301.3333333333335,1.0,05
41192,2025-06-01,202506,34256,C.S.M. COMUNITARIO JAIME ZUBIETA,RIS 6,I-2,SAN JUAN DE LURIGANCHO,2273.0,2.0,7.0,1.0,867.0,245.0,2025-07-05,2273.0,0.0,0.04399472063352398,38.14342278926529,10.778706555213374,1136.5,100.0,0.0,2025,6,5.0,0.0,2485.0,2.0,8.0,1242.5,50.06036217303823,28.088531187122737,15.73440643863179,100.0,31.07155710682287,30.342023628987857,2336.0,1.0,06
41192,2025-07-01,202507,34256,C.S.M. COMUNITARIO JAIME ZUBIETA,RIS 6,I-2,SAN JUAN DE LURIGANCHO,2613.0,1.0,7.0,1.0,1172.0,793.0,2025-08-04,2613.0,0.0,0.038270187523918864,44.852659778032915,30.34825870646766,2613.0,100.0,0.0,2025,7,4.0,0.0,2273.0,2.0,7.0,1136.5,0.04399472063352398,38.14342278926529,10.778706555213374,100.0,23.393914321393016,32.739398817580756,2361.3333333333335,0.0,07
41192,2025-08-01,202508,34256,C.S.M. COMUNITARIO JAIME ZUBIETA,RIS 6,I-2,SAN JUAN DE LURIGANCHO,3111.0,2.0,7.0,2.0,290.0,0.0,2025-09-04,3111.0,0.0,0.06428801028608165,9.321761491481839,0.0,1555.5,100.0,0.0,2025,8,4.0,0.0,2613.0,1.0,7.0,2613.0,0.038270187523918864,44.852659778032915,30.34825870646766,100.0,16.714209027065223,37.02820458480698,2457.0,0.0,08
41192,2025-09-01,202509,34256,C.S.M. COMUNITARIO JAIME ZUBIETA,RIS 6,I-2,SAN JUAN DE LURIGANCHO,4036.0,2.0,9.0,9.0,13.0,0.0,2025-10-04,4036.0,0.0,0.22299306243805747,0.32210109018830524,0.0,2018.0,100.0,0.0,2025,9,4.0,0.0,3111.0,2.0,7.0,1555.5,0.06428801028608165,9.321761491481839,0.0,100.0,0.04885097281450817,30.772614686260013,2665.6666666666665,0.0,09
41192,2025-10-01,202510,34256,C.S.M. COMUNITARIO JAIME ZUBIETA,RIS 6,I-2,SAN JUAN DE LURIGANCHO,3667.0,3.0,8.0,33.0,459.0,0.0,2025-11-04,3667.0,0.0,0.8999181892555222,12.517043905099536,0.0,1222.3333333333333,100.0,0.0,2025,10,4.0,0.0,4036.0,2.0,9.0,2018.0,0.22299306243805747,0.32210109018830524,0.0,100.0,0.10851708674935268,18.16550745323435,3253.3333333333335,0.0,10
41192,2025-11-01,202511,34256,C.S.M. COMUNITARIO JAIME ZUBIETA,RIS 6,I-2,SAN JUAN DE LURIGANCHO,3530.0,3.0,7.0,2.0,65.0,0.0,2025-12-04,3530.0,0.0,0.056657223796033995,1.841359773371105,0.0,1176.6666666666667,100.0,0.0,2025,11,4.0,0.0,3667.0,3.0,8.0,1222.3333333333333,0.8999181892555222,12.517043905099536,0.0,100.0,0.3957330873265538,7.3869688289232265,3604.6666666666665,0.0,11
41192,2025-12-01,202512,34256,C.S.M. COMUNITARIO JAIME ZUBIETA,RIS 6,I-2,SAN JUAN DE LURIGANCHO,2695.0,3.0,8.0,2.0,351.0,0.0,2026-01-05,2695.0,0.0,0.07421150278293136,13.024118738404452,0.0,898.3333333333334,100.0,0.0,2025,12,5.0,0.0,3530.0,3.0,7.0,1176.6666666666667,0.056657223796033995,1.841359773371105,0.0,100.0,0.39318949182987123,4.893501589552982,3744.3333333333335,0.0,12
41192,2026-01-01,202601,34256,C.S.M. COMUNITARIO JAIME ZUBIETA,RIS 6,I-2,SAN JUAN DE LURIGANCHO,3493.0,4.0,8.0,28.0,0.0,0.0,2026-02-06,3493.0,0.0,0.8016032064128257,0.0,0.0,873.25,100.0,0.0,2026,1,6.0,0.0,2695.0,3.0,8.0,898.3333333333334,0.07421150278293136,13.024118738404452,0.0,100.0,0.34359563861149583,9.127507472291697,3297.3333333333335,0.0,01
41192,2026-02-01,202602,34256,C.S.M. COMUNITARIO JAIME ZUBIETA,RIS 6,I-2,SAN JUAN DE LURIGANCHO,3914.0,4.0,8.0,24.0,672.0,0.0,2026-03-04,3914.0,0.0,0.6131834440470108,17.1691364333163,0.0,978.5,100.0,0.0,2026,2,4.0,0.0,3493.0,4.0,8.0,873.25,0.8016032064128257,0.0,0.0,100.0,0.31082397766393033,4.955159503925185,3239.3333333333335,0.0,02
41192,2026-03-01,202603,34256,C.S.M. COMUNITARIO JAIME ZUBIETA,RIS 6,I-2,SAN JUAN DE LURIGANCHO,5846.0,4.0,8.0,33.0,0.0,0.0,2026-04-05,5846.0,0.0,0.5644885391720835,0.0,0.0,1461.5,100.0,0.0,2026,3,5.0,0.0,3914.0,4.0,8.0,978.5,0.6131834440470108,17.1691364333163,0.0,100.0,0.4963327177475893,10.064418390573584,3367.3333333333335,0.0,03
41192,2026-04-01,202604,34256,C.S.M. COMUNITARIO JAIME ZUBIETA,RIS 6,I-2,SAN JUAN DE LURIGANCHO,3562.0,3.0,8.0,22.0,56.0,5.0,2026-05-05,3562.0,0.0,0.617630544637844,1.5721504772599664,0.1403705783267827,1187.3333333333333,100.0,0.0,2026,4,5.0,0.0,5846.0,4.0,8.0,1461.5,0.5644885391720835,0.0,0.0,100.0,0.6597583965439733,5.7230454777721,4417.666666666667,0.0,04
41192,2026-05-01,202605,34256,C.S.M. COMUNITARIO JAIME ZUBIETA,RIS 6,I-2,SAN JUAN DE LURIGANCHO,3764.0,2.0,8.0,6.0,240.0,0.0,2026-06-04,3764.0,0.0,0.1594048884165781,6.376195536663125,0.0,1882.0,100.0,0.0,2026,5,4.0,0.0,3562.0,3.0,8.0,1187.3333333333333,0.617630544637844,1.5721504772599664,0.1403705783267827,100.0,0.5984341759523127,6.247095636858757,4440.666666666667,0.0,05
41192,2026-06-01,202606,34256,C.S.M. COMUNITARIO JAIME ZUBIETA,RIS 6,I-2,SAN JUAN DE LURIGANCHO,3361.0,2.0,9.0,9.0,0.0,0.0,2026-07-05,3361.0,0.0,0.2677774471883368,0.0,0.0,1680.5,100.0,0.0,2026,6,5.0,0.0,3764.0,2.0,8.0,1882.0,0.1594048884165781,6.376195536663125,0.0,100.0,0.4471746574088353,2.649448671307697,4390.666666666667,0.0,06
41192,2026-07-01,202607,34256,C.S.M. COMUNITARIO JAIME ZUBIETA,RIS 6,I-2,SAN JUAN DE LURIGANCHO,3296.0,2.0,9.0,1.0,816.0,78.0,2026-08-04,3296.0,0.0,0.03033980582524272,24.75728155339806,2.366504854368932,1648.0,100.0,0.0,2026,7,4.0,0.0,3361.0,2.0,9.0,1680.5,0.2677774471883368,0.0,0.0,100.0,0.3482709600809197,2.649448671307697,3562.3333333333335,0.0,07
41192,2026-08-01,202608,34256,C.S.M. COMUNITARIO JAIME ZUBIETA,RIS 6,I-2,SAN JUAN DE LURIGANCHO,2914.0,2.0,8.0,6.0,10.0,10.0,2026-09-04,2914.0,0.0,0.2059025394646534,0.34317089910775567,0.34317089910775567,1457.0,100.0,0.0,2026,8,4.0,0.0,3296.0,2.0,9.0,1648.0,0.03033980582524272,24.75728155339806,2.366504854368932,100.0,0.15250738047671922,10.377825696687061,3473.6666666666665,0.0,08
63911,2025-02-01,202502,35717,C.S.M. COMUNITARIO EXCELENCIA SAN MIGUEL,RIS 2,I-3,SAN MIGUEL,1568.0,5.0,6.0,912.0,0.0,0.0,2025-03-04,1568.0,0.0,58.16326530612245,0.0,0.0,313.6,100.0,0.0,2025,2,4.0,1.0,1365.0,3.0,6.0,455.0,100.0,0.0,0.0,100.0,100.0,0.0,1365.0,1.0,02
63911,2025-03-01,202503,35717,C.S.M. COMUNITARIO EXCELENCIA SAN MIGUEL,RIS 2,I-3,SAN MIGUEL,1502.0,5.0,7.0,280.0,336.0,0.0,2025-04-05,1502.0,0.0,18.641810918774965,22.37017310252996,0.0,300.4,100.0,0.0,2025,3,5.0,1.0,1568.0,5.0,6.0,313.6,58.16326530612245,0.0,0.0,100.0,79.08163265306122,0.0,1466.5,1.0,03
63911,2025-04-01,202504,35717,C.S.M. COMUNITARIO EXCELENCIA SAN MIGUEL,RIS 2,I-3,SAN MIGUEL,1913.0,3.0,6.0,11.0,299.0,128.0,2025-05-05,1913.0,0.0,0.575013068478829,15.6299006795609,6.69106116048092,637.6666666666666,100.0,0.0,2025,4,5.0,0.0,1502.0,5.0,7.0,300.4,18.641810918774965,22.37017310252996,0.0,100.0,58.93502540829914,7.456724367509987,1478.3333333333333,1.0,04
63911,2025-05-01,202505,35717,C.S.M. COMUNITARIO EXCELENCIA SAN MIGUEL,RIS 2,I-3,SAN MIGUEL,2252.0,3.0,7.0,183.0,478.0,0.0,2025-06-04,2252.0,0.0,8.126110124333925,21.22557726465364,0.0,750.6666666666666,100.0,0.0,2025,5,4.0,0.0,1913.0,3.0,6.0,637.6666666666666,0.575013068478829,15.6299006795609,6.69106116048092,100.0,25.79336309779208,12.666691260696952,1661.0,0.0,05
63911,2025-06-01,202506,35717,C.S.M. COMUNITARIO EXCELENCIA SAN MIGUEL,RIS 2,I-3,SAN MIGUEL,2231.0,2.0,7.0,1382.0,58.0,58.0,2025-07-05,2231.0,0.0,61.94531600179292,2.5997310623038996,2.5997310623038996,1115.5,100.0,0.0,2025,6,5.0,1.0,2252.0,3.0,7.0,750.6666666666666,8.126110124333925,21.22557726465364,0.0,100.0,9.11431137052924,19.74188368224817,1889.0,0.0,06
63911,2025-07-01,202507,35717,C.S.M. COMUNITARIO EXCELENCIA SAN MIGUEL,RIS 2,I-3,SAN MIGUEL,2026.0,2.0,7.0,120.0,944.0,436.0,2025-08-04,2026.0,0.0,5.923000987166831,46.59427443237907,21.520236920039487,1013.0,100.0,0.0,2025,7,4.0,0.0,2231.0,2.0,7.0,1115.5,61.94531600179292,2.5997310623038996,2.5997310623038996,100.0,23.548813064868558,13.151736335506149,2132.0,1.0,07
63911,2025-08-01,202508,35717,C.S.M. COMUNITARIO EXCELENCIA SAN MIGUEL,RIS 2,I-3,SAN MIGUEL,2808.0,2.0,7.0,94.0,309.0,148.0,2025-09-04,2808.0,0.0,3.3475783475783474,11.004273504273504,5.27065527065527,1404.0,100.0,0.0,2025,8,4.0,0.0,2026.0,2.0,7.0,1013.0,5.923000987166831,46.59427443237907,21.520236920039487,100.0,25.331475704431227,23.473194253112208,2169.6666666666665,0.0,08
63911,2025-09-01,202509,35717,C.S.M. COMUNITARIO EXCELENCIA SAN MIGUEL,RIS 2,I-3,SAN MIGUEL,3106.0,1.0,7.0,420.0,596.0,177.0,2025-10-04,3106.0,0.0,13.522215067611075,19.188667095943334,5.698647778493239,3106.0,100.0,0.0,2025,9,4.0,1.0,2808.0,2.0,7.0,1404.0,3.3475783475783474,11.004273504273504,5.27065527065527,100.0,23.73863177884603,20.06609299965216,2355.0,0.0,09
63911,2025-10-01,202510,35717,C.S.M. COMUNITARIO EXCELENCIA SAN MIGUEL,RIS 2,I-3,SAN MIGUEL,3215.0,2.0,7.0,48.0,383.0,313.0,2025-11-04,3215.0,0.0,1.4930015552099534,11.912908242612753,9.73561430793157,1607.5,100.0,0.0,2025,10,4.0,0.0,3106.0,1.0,7.0,3106.0,13.522215067611075,19.188667095943334,5.698647778493239,100.0,7.597598134118751,25.595738344198637,2646.6666666666665,1.0,10
63911,2025-11-01,202511,35717,C.S.M. COMUNITARIO EXCELENCIA SAN MIGUEL,RIS 2,I-3,SAN MIGUEL,3450.0,2.0,7.0,97.0,1200.0,104.0,2025-12-04,3450.0,0.0,2.8115942028985508,34.78260869565217,3.0144927536231885,1725.0,100.0,0.0,2025,11,4.0,0.0,3215.0,2.0,7.0,1607.5,1.4930015552099534,11.912908242612753,9.73561430793157,100.0,6.120931656799793,14.035282947609863,3043.0,0.0,11
63911,2025-12-01,202512,35717,C.S.M. COMUNITARIO EXCELENCIA SAN MIGUEL,RIS 2,I-3,SAN MIGUEL,4904.0,2.0,8.0,2.0,627.0,133.0,2026-01-05,4904.0,0.0,0.040783034257748776,12.785481239804241,2.7120717781402934,2452.0,100.0,0.0,2025,12,5.0,0.0,3450.0,2.0,7.0,1725.0,2.8115942028985508,34.78260869565217,3.0144927536231885,100.0,5.94227027523986,21.96139467806942,3257.0,0.0,12
63911,2026-01-01,202601,35717,C.S.M. COMUNITARIO EXCELENCIA SAN MIGUEL,RIS 2,I-3,SAN MIGUEL,3347.0,1.0,7.0,2592.0,366.0,0.0,2026-02-06,3347.0,0.0,77.44248580818643,10.935165820137437,0.0,3347.0,100.0,0.0,2026,1,6.0,1.0,4904.0,2.0,8.0,2452.0,0.040783034257748776,12.785481239804241,2.7120717781402934,100.0,1.4484595974554175,19.82699939268972,3856.3333333333335,0.0,01
63911,2026-02-01,202602,35717,C.S.M. COMUNITARIO EXCELENCIA SAN MIGUEL,RIS 2,I-3,SAN MIGUEL,3769.0,1.0,6.0,1544.0,1403.0,118.0,2026-03-04,3769.0,0.0,40.96577341469886,37.22472804457416,3.130803926771027,3769.0,100.0,0.0,2026,2,4.0,1.0,3347.0,1.0,7.0,3347.0,77.44248580818643,10.935165820137437,0.0,100.0,26.764954348447578,19.501085251864616,3900.3333333333335,1.0,02
63911,2026-03-01,202603,35717,C.S.M. COMUNITARIO EXCELENCIA SAN MIGUEL,RIS 2,I-3,SAN MIGUEL,4670.0,2.0,7.0,235.0,18.0,0.0,2026-04-05,4670.0,0.0,5.032119914346895,0.3854389721627409,0.0,2335.0,100.0,0.0,2026,3,5.0,0.0,3769.0,1.0,6.0,3769.0,40.96577341469886,37.22472804457416,3.130803926771027,100.0,39.48301408571435,20.315125034838612,4006.6666666666665,1.0,03
63911,2026-04-01,202604,35717,C.S.M. COMUNITARIO EXCELENCIA SAN MIGUEL,RIS 2,I-3,SAN MIGUEL,3185.0,2.0,7.0,339.0,1356.0,855.0,2026-05-05,3185.0,0.0,10.6436420722135,42.574568288854,26.84458398744113,1592.5,100.0,0.0,2026,4,5.0,1.0,4670.0,2.0,7.0,2335.0,5.032119914346895,0.3854389721627409,0.0,100.0,41.14679304574406,16.181777612291445,3928.6666666666665,0.0,04
63911,2026-05-01,202605,35717,C.S.M. COMUNITARIO EXCELENCIA SAN MIGUEL,RIS 2,I-3,SAN MIGUEL,3755.0,2.0,7.0,742.0,590.0,550.0,2026-06-04,3755.0,0.0,19.760319573901466,15.712383488681757,14.647137150466046,1877.5,100.0,0.0,2026,5,4.0,1.0,3185.0,2.0,7.0,1592.5,10.6436420722135,42.574568288854,26.84458398744113,100.0,18.88051180041975,26.72824510186363,3874.6666666666665,1.0,05
63911,2026-06-01,202606,35717,C.S.M. COMUNITARIO EXCELENCIA SAN MIGUEL,RIS 2,I-3,SAN MIGUEL,3260.0,2.0,7.0,19.0,786.0,103.0,2026-07-05,3260.0,0.0,0.5828220858895705,24.11042944785276,3.1595092024539877,1630.0,100.0,0.0,2026,6,5.0,0.0,3755.0,2.0,7.0,1877.5,19.760319573901466,15.712383488681757,14.647137150466046,100.0,11.81202718682062,19.557463583232835,3870.0,1.0,06
63911,2026-07-01,202607,35717,C.S.M. COMUNITARIO EXCELENCIA SAN MIGUEL,RIS 2,I-3,SAN MIGUEL,3157.0,2.0,7.0,624.0,925.0,769.0,2026-08-04,3157.0,0.0,19.765600253405132,29.29996832435857,24.358568261007285,1578.5,100.0,0.0,2026,7,4.0,1.0,3260.0,2.0,7.0,1630.0,0.5828220858895705,24.11042944785276,3.1595092024539877,100.0,10.32892791066818,27.465793741796176,3400.0,0.0,07
63911,2026-08-01,202608,35717,C.S.M. COMUNITARIO EXCELENCIA SAN MIGUEL,RIS 2,I-3,SAN MIGUEL,2968.0,2.0,7.0,1085.0,102.0,0.0,2026-09-04,2968.0,0.0,36.556603773584904,3.4366576819407006,0.0,1484.0,100.0,0.0,2026,8,4.0,1.0,3157.0,2.0,7.0,1578.5,19.765600253405132,29.29996832435857,24.358568261007285,100.0,13.369580637732057,23.040927086964363,3390.6666666666665,1.0,08
64016,2025-02-01,202502,35816,C.S.M. COMUNITARIO VILLA CAMPOY,RIS 5,I-3,SAN JUAN DE LURIGANCHO,1919.0,1.0,6.0,358.0,312.0,166.0,2025-03-04,1919.0,0.0,18.655549765502865,16.258467952058364,8.650338718082335,1919.0,100.0,0.0,2025,2,4.0,1.0,1704.0,2.0,5.0,852.0,20.305164319248828,17.95774647887324,9.389671361502348,100.0,20.305164319248828,17.95774647887324,1704.0,1.0,02
64016,2025-03-01,202503,35816,C.S.M. COMUNITARIO VILLA CAMPOY,RIS 5,I-3,SAN JUAN DE LURIGANCHO,1866.0,1.0,6.0,170.0,430.0,165.0,2025-04-05,1866.0,0.0,9.110396570203644,23.043944265809216,8.842443729903536,1866.0,100.0,0.0,2025,3,5.0,0.0,1919.0,1.0,6.0,1919.0,18.655549765502865,16.258467952058364,8.650338718082335,100.0,19.480357042375847,17.1081072154658,1811.5,1.0,03
64016,2025-04-01,202504,35816,C.S.M. COMUNITARIO VILLA CAMPOY,RIS 5,I-3,SAN JUAN DE LURIGANCHO,2097.0,1.0,5.0,270.0,305.0,103.0,2025-05-05,2097.0,0.0,12.875536480686696,14.544587505960896,4.9117787315212205,2097.0,100.0,0.0,2025,4,5.0,1.0,1866.0,1.0,6.0,1866.0,9.110396570203644,23.043944265809216,8.842443729903536,100.0,16.023703551651778,19.08671956558027,1829.6666666666667,0.0,04
64016,2025-05-01,202505,35816,C.S.M. COMUNITARIO VILLA CAMPOY,RIS 5,I-3,SAN JUAN DE LURIGANCHO,2047.0,1.0,5.0,102.0,536.0,264.0,2025-06-04,2047.0,0.0,4.982901807523205,26.18466047874939,12.896922325354177,2047.0,100.0,0.0,2025,5,4.0,0.0,2097.0,1.0,5.0,2097.0,12.875536480686696,14.544587505960896,4.9117787315212205,100.0,13.547160938797736,17.948999907942824,1960.6666666666667,1.0,05
64016,2025-06-01,202506,35816,C.S.M. COMUNITARIO VILLA CAMPOY,RIS 5,I-3,SAN JUAN DE LURIGANCHO,1852.0,3.0,7.0,21.0,209.0,0.0,2025-07-05,1852.0,0.0,1.1339092872570193,11.285097192224622,0.0,617.3333333333334,100.0,0.0,2025,6,5.0,0.0,2047.0,1.0,5.0,2047.0,4.982901807523205,26.18466047874939,12.896922325354177,100.0,8.989611619471182,21.257730750173167,2003.3333333333333,0.0,06
64016,2025-07-01,202507,35816,C.S.M. COMUNITARIO VILLA CAMPOY,RIS 5,I-3,SAN JUAN DE LURIGANCHO,2005.0,3.0,6.0,773.0,284.0,43.0,2025-08-04,2005.0,0.0,38.55361596009975,14.164588528678305,2.144638403990025,668.3333333333334,100.0,0.0,2025,7,4.0,1.0,1852.0,3.0,7.0,617.3333333333334,1.1339092872570193,11.285097192224622,0.0,100.0,6.33078252515564,17.338115058978303,1998.6666666666667,0.0,07
64016,2025-08-01,202508,35816,C.S.M. COMUNITARIO VILLA CAMPOY,RIS 5,I-3,SAN JUAN DE LURIGANCHO,2025.0,3.0,6.0,43.0,973.0,538.0,2025-09-04,2025.0,0.0,2.123456790123457,48.04938271604938,26.567901234567902,675.0,100.0,0.0,2025,8,4.0,0.0,2005.0,3.0,6.0,668.3333333333334,38.55361596009975,14.164588528678305,2.144638403990025,100.0,14.890142351626658,17.21144873321744,1968.0,1.0,08
64016,2025-09-01,202509,35816,C.S.M. COMUNITARIO VILLA CAMPOY,RIS 5,I-3,SAN JUAN DE LURIGANCHO,2861.0,2.0,7.0,6.0,497.0,257.0,2025-10-04,2861.0,0.0,0.20971688220901782,17.371548409646977,8.982873121286264,1430.5,100.0,0.0,2025,9,4.0,0.0,2025.0,3.0,6.0,675.0,2.123456790123457,48.04938271604938,26.567901234567902,100.0,13.936994012493408,24.499689478984106,1960.6666666666667,0.0,09
64016,2025-10-01,202510,35816,C.S.M. COMUNITARIO VILLA CAMPOY,RIS 5,I-3,SAN JUAN DE LURIGANCHO,1839.0,2.0,7.0,13.0,317.0,190.0,2025-11-04,1839.0,0.0,0.7069059271343121,17.23762914627515,10.331702011963023,919.5,100.0,0.0,2025,10,4.0,0.0,2861.0,2.0,7.0,1430.5,0.20971688220901782,17.371548409646977,8.982873121286264,100.0,13.62892987747741,26.528506551458218,2297.0,0.0,10
64016,2025-11-01,202511,35816,C.S.M. COMUNITARIO VILLA CAMPOY,RIS 5,I-3,SAN JUAN DE LURIGANCHO,1875.0,2.0,5.0,189.0,394.0,103.0,2025-12-04,1875.0,0.0,10.08,21.013333333333332,5.493333333333333,937.5,100.0,0.0,2025,11,4.0,1.0,1839.0,2.0,7.0,919.5,0.7069059271343121,17.23762914627515,10.331702011963023,100.0,1.013359866488929,27.5528534239905,2241.6666666666665,0.0,11
64016,2025-12-01,202512,35816,C.S.M. COMUNITARIO VILLA CAMPOY,RIS 5,I-3,SAN JUAN DE LURIGANCHO,3395.0,2.0,6.0,0.0,441.0,5.0,2026-01-05,3395.0,0.0,0.0,12.989690721649485,0.14727540500736377,1697.5,100.0,0.0,2025,12,5.0,0.0,1875.0,2.0,5.0,937.5,10.08,21.013333333333332,5.493333333333333,100.0,3.6655409364477767,18.54083696308515,2191.6666666666665,1.0,12
64016,2026-01-01,202601,35816,C.S.M. COMUNITARIO VILLA CAMPOY,RIS 5,I-3,SAN JUAN DE LURIGANCHO,2279.0,2.0,6.0,1.0,202.0,9.0,2026-02-06,2279.0,0.0,0.04387889425186485,8.8635366388767,0.39491004826678366,1139.5,100.0,0.0,2026,1,6.0,0.0,3395.0,2.0,6.0,1697.5,0.0,12.989690721649485,0.14727540500736377,100.0,3.5956353090447712,17.080217733752658,2369.6666666666665,0.0,01
64016,2026-02-01,202602,35816,C.S.M. COMUNITARIO VILLA CAMPOY,RIS 5,I-3,SAN JUAN DE LURIGANCHO,2495.0,2.0,6.0,101.0,627.0,306.0,2026-03-04,2495.0,0.0,4.04809619238477,25.130260521042086,12.264529058116233,1247.5,100.0,0.0,2026,2,4.0,0.0,2279.0,2.0,6.0,1139.5,0.04387889425186485,8.8635366388767,0.39491004826678366,100.0,3.374626298083955,14.288853564619837,2516.3333333333335,0.0,02
64016,2026-03-01,202603,35816,C.S.M. COMUNITARIO VILLA CAMPOY,RIS 5,I-3,SAN JUAN DE LURIGANCHO,3710.0,2.0,6.0,358.0,674.0,265.0,2026-04-05,3710.0,0.0,9.649595687331537,18.16711590296496,7.142857142857143,1855.0,100.0,0.0,2026,3,5.0,0.0,2495.0,2.0,6.0,1247.5,4.04809619238477,25.130260521042086,12.264529058116233,100.0,1.363991695545545,15.661162627189425,2723.0,0.0,03
64016,2026-04-01,202604,35816,C.S.M. COMUNITARIO VILLA CAMPOY,RIS 5,I-3,SAN JUAN DE LURIGANCHO,1996.0,2.0,8.0,1.0,444.0,113.0,2026-05-05,1996.0,0.0,0.050100200400801605,22.24448897795591,5.661322645290581,998.0,100.0,0.0,2026,4,5.0,0.0,3710.0,2.0,6.0,1855.0,9.649595687331537,18.16711590296496,7.142857142857143,100.0,4.580523591322724,17.386971020961248,2828.0,0.0,04
64016,2026-05-01,202605,35816,C.S.M. COMUNITARIO VILLA CAMPOY,RIS 5,I-3,SAN JUAN DE LURIGANCHO,2132.0,2.0,7.0,151.0,598.0,0.0,2026-06-04,2132.0,0.0,7.082551594746716,28.048780487804876,0.0,1066.0,100.0,0.0,2026,5,4.0,0.0,1996.0,2.0,8.0,998.0,0.050100200400801605,22.24448897795591,5.661322645290581,100.0,4.582597360039036,21.847288467320983,2733.6666666666665,0.0,05
64016,2026-06-01,202606,35816,C.S.M. COMUNITARIO VILLA CAMPOY,RIS 5,I-3,SAN JUAN DE LURIGANCHO,2402.0,2.0,9.0,94.0,366.0,0.0,2026-07-05,2402.0,0.0,3.913405495420483,15.23730224812656,0.0,1201.0,100.0,0.0,2026,6,5.0,0.0,2132.0,2.0,7.0,1066.0,7.082551594746716,28.048780487804876,0.0,100.0,5.594082494159685,22.820128456241918,2612.6666666666665,0.0,06
64016,2026-07-01,202607,35816,C.S.M. COMUNITARIO VILLA CAMPOY,RIS 5,I-3,SAN JUAN DE LURIGANCHO,2234.0,2.0,9.0,258.0,503.0,417.0,2026-08-04,2234.0,0.0,11.548791405550581,22.51566696508505,18.66606982990152,1117.0,100.0,0.0,2026,7,4.0,1.0,2402.0,2.0,9.0,1201.0,3.913405495420483,15.23730224812656,0.0,100.0,3.6820190968560005,21.84352390462912,2176.6666666666665,0.0,07
64016,2026-08-01,202608,35816,C.S.M. COMUNITARIO VILLA CAMPOY,RIS 5,I-3,SAN JUAN DE LURIGANCHO,2745.0,2.0,8.0,33.0,415.0,174.0,2026-09-04,2745.0,0.0,1.2021857923497268,15.1183970856102,6.33879781420765,1372.5,100.0,0.0,2026,8,4.0,0.0,2234.0,2.0,9.0,1117.0,11.548791405550581,22.51566696508505,18.66606982990152,100.0,7.51491616523926,21.933916567005497,2256.0,1.0,08
64865,2025-07-01,202507,36695,C.S.M. COMUNITARIO JESUS MARIA,RIS 2,I-3,JESUS MARIA,1633.0,3.0,7.0,12.0,62.0,0.0,2025-08-04,1633.0,0.0,0.7348438456827924,3.7966932026944273,0.0,544.3333333333334,100.0,0.0,2025,7,4.0,0.0,1696.0,3.0,7.0,565.3333333333334,0.41273584905660377,0.0,0.0,100.0,0.41273584905660377,0.0,1696.0,0.0,07
64865,2025-08-01,202508,36695,C.S.M. COMUNITARIO JESUS MARIA,RIS 2,I-3,JESUS MARIA,1853.0,2.0,7.0,7.0,187.0,0.0,2025-09-04,1853.0,0.0,0.37776578521316784,10.091743119266056,0.0,926.5,100.0,0.0,2025,8,4.0,0.0,1633.0,3.0,7.0,544.3333333333334,0.7348438456827924,3.7966932026944273,0.0,100.0,0.5737898473696981,1.8983466013472137,1664.5,0.0,08
64865,2025-09-01,202509,36695,C.S.M. COMUNITARIO JESUS MARIA,RIS 2,I-3,JESUS MARIA,1809.0,3.0,8.0,7.0,42.0,0.0,2025-10-04,1809.0,0.0,0.3869541182974019,2.3217247097844114,0.0,603.0,100.0,0.0,2025,9,4.0,0.0,1853.0,2.0,7.0,926.5,0.37776578521316784,10.091743119266056,0.0,100.0,0.5084484933175214,4.629478773986828,1727.3333333333333,0.0,09
64865,2025-10-01,202510,36695,C.S.M. COMUNITARIO JESUS MARIA,RIS 2,I-3,JESUS MARIA,1933.0,2.0,8.0,3.0,429.0,251.0,2025-11-04,1933.0,0.0,0.1551991722710812,22.193481634764616,12.984997413347129,966.5,100.0,0.0,2025,10,4.0,0.0,1809.0,3.0,8.0,603.0,0.3869541182974019,2.3217247097844114,0.0,100.0,0.49985458306445407,5.403387010581632,1765.0,0.0,10
64865,2025-11-01,202511,36695,C.S.M. COMUNITARIO JESUS MARIA,RIS 2,I-3,JESUS MARIA,1923.0,2.0,6.0,16.0,155.0,10.0,2025-12-04,1923.0,0.0,0.8320332813312532,8.060322412896516,0.5200208008320333,961.5,100.0,0.0,2025,11,4.0,0.0,1933.0,2.0,8.0,966.5,0.1551991722710812,22.193481634764616,12.984997413347129,100.0,0.30663969192721696,11.535649821271695,1865.0,0.0,11
64865,2025-12-01,202512,36695,C.S.M. COMUNITARIO JESUS MARIA,RIS 2,I-3,JESUS MARIA,3129.0,2.0,8.0,25.0,0.0,0.0,2026-01-05,3129.0,0.0,0.7989773090444231,0.0,0.0,1564.5,100.0,0.0,2025,12,5.0,0.0,1923.0,2.0,6.0,961.5,0.8320332813312532,8.060322412896516,0.5200208008320333,100.0,0.45806219063324544,10.858509585815183,1888.3333333333333,0.0,12
64865,2026-01-01,202601,36695,C.S.M. COMUNITARIO JESUS MARIA,RIS 2,I-3,JESUS MARIA,1618.0,2.0,6.0,11.0,143.0,6.0,2026-02-06,1618.0,0.0,0.6798516687268232,8.838071693448702,0.37082818294190356,809.0,100.0,0.0,2026,1,6.0,0.0,3129.0,2.0,8.0,1564.5,0.7989773090444231,0.0,0.0,100.0,0.5954032542155858,10.084601349220378,2328.3333333333335,0.0,01
64865,2026-02-01,202602,36695,C.S.M. COMUNITARIO JESUS MARIA,RIS 2,I-3,JESUS MARIA,1494.0,2.0,7.0,14.0,71.0,6.0,2026-03-04,1494.0,0.0,0.9370816599732262,4.752342704149933,0.40160642570281124,747.0,100.0,0.0,2026,2,4.0,0.0,1618.0,2.0,6.0,809.0,0.6798516687268232,8.838071693448702,0.37082818294190356,100.0,0.7702874197008333,5.632798035448406,2223.3333333333335,0.0,02
64865,2026-03-01,202603,36695,C.S.M. COMUNITARIO JESUS MARIA,RIS 2,I-3,JESUS MARIA,2717.0,2.0,7.0,98.0,144.0,0.0,2026-04-05,2717.0,0.0,3.6069193963930806,5.2999631947000365,0.0,1358.5,100.0,0.0,2026,3,5.0,0.0,1494.0,2.0,7.0,747.0,0.9370816599732262,4.752342704149933,0.40160642570281124,100.0,0.8053035459148242,4.530138132532879,2080.3333333333335,0.0,03
64865,2026-04-01,202604,36695,C.S.M. COMUNITARIO JESUS MARIA,RIS 2,I-3,JESUS MARIA,1788.0,2.0,7.0,26.0,178.0,12.0,2026-05-05,1788.0,0.0,1.45413870246085,9.955257270693512,0.6711409395973155,894.0,100.0,0.0,2026,4,5.0,0.0,2717.0,2.0,7.0,1358.5,3.6069193963930806,5.2999631947000365,0.0,100.0,1.74128424169771,6.296792530766223,1943.0,0.0,04
64865,2026-05-01,202605,36695,C.S.M. COMUNITARIO JESUS MARIA,RIS 2,I-3,JESUS MARIA,1850.0,2.0,7.0,1.0,141.0,0.0,2026-06-04,1850.0,0.0,0.05405405405405406,7.621621621621622,0.0,925.0,100.0,0.0,2026,5,4.0,0.0,1788.0,2.0,7.0,894.0,1.45413870246085,9.955257270693512,0.6711409395973155,100.0,1.9993799196090523,6.66918772318116,1999.6666666666667,0.0,05
64865,2026-06-01,202606,36695,C.S.M. COMUNITARIO JESUS MARIA,RIS 2,I-3,JESUS MARIA,1811.0,2.0,6.0,16.0,49.0,0.0,2026-07-05,1811.0,0.0,0.883489784649365,2.70568746548868,0.0,905.5,100.0,0.0,2026,6,5.0,0.0,1850.0,2.0,7.0,925.0,0.05405405405405406,7.621621621621622,0.0,100.0,1.7050373843026614,7.625614029005057,2118.3333333333335,0.0,06
64865,2026-07-01,202607,36695,C.S.M. COMUNITARIO JESUS MARIA,RIS 2,I-3,JESUS MARIA,1549.0,2.0,6.0,1.0,117.0,45.0,2026-08-04,1549.0,0.0,0.0645577792123951,7.553260167850226,2.905100064557779,774.5,100.0,0.0,2026,7,4.0,0.0,1811.0,2.0,6.0,905.5,0.883489784649365,2.70568746548868,0.0,100.0,0.7972275137214231,6.7608554526012705,1816.3333333333333,0.0,07
64865,2026-08-01,202608,36695,C.S.M. COMUNITARIO JESUS MARIA,RIS 2,I-3,JESUS MARIA,1695.0,2.0,6.0,0.0,22.0,0.0,2026-09-04,1695.0,0.0,0.0,1.2979351032448379,0.0,847.5,100.0,0.0,2026,8,4.0,0.0,1549.0,2.0,6.0,774.5,0.0645577792123951,7.553260167850226,2.905100064557779,100.0,0.33403387263860473,5.960189751653509,1736.6666666666667,0.0,08
65323,2025-12-01,202512,37072,C.S.M. COMUNITARIO SAN ISIDRO,RIS 3,I-3,SAN ISIDRO,3457.0,2.0,10.0,554.0,289.0,91.0,2026-01-05,3457.0,0.0,16.025455597338734,8.35984958056118,2.632340179346254,1728.5,100.0,0.0,2025,12,5.0,1.0,446.0,1.0,3.0,446.0,100.0,0.0,0.0,100.0,100.0,0.0,446.0,1.0,12
65323,2026-01-01,202601,37072,C.S.M. COMUNITARIO SAN ISIDRO,RIS 3,I-3,SAN ISIDRO,1382.0,2.0,8.0,664.0,0.0,0.0,2026-02-06,1382.0,0.0,48.04630969609262,0.0,0.0,691.0,100.0,0.0,2026,1,6.0,1.0,3457.0,2.0,10.0,1728.5,16.025455597338734,8.35984958056118,2.632340179346254,100.0,58.01272779866937,4.17992479028059,1951.5,1.0,01
65323,2026-02-01,202602,37072,C.S.M. COMUNITARIO SAN ISIDRO,RIS 3,I-3,SAN ISIDRO,1867.0,2.0,8.0,1676.0,110.0,110.0,2026-03-04,1867.0,0.0,89.76968398500267,5.891805034815212,5.891805034815212,933.5,100.0,0.0,2026,2,4.0,1.0,1382.0,2.0,8.0,691.0,48.04630969609262,0.0,0.0,100.0,54.69058843114379,2.786616526853727,1761.6666666666667,1.0,02
65323,2026-03-01,202603,37072,C.S.M. COMUNITARIO SAN ISIDRO,RIS 3,I-3,SAN ISIDRO,3136.0,2.0,12.0,1354.0,99.0,0.0,2026-04-05,3136.0,0.0,43.17602040816327,3.1568877551020407,0.0,1568.0,100.0,0.0,2026,3,5.0,1.0,1867.0,2.0,8.0,933.5,89.76968398500267,5.891805034815212,5.891805034815212,100.0,51.280483092811345,4.750551538458797,2235.3333333333335,1.0,03
65323,2026-04-01,202604,37072,C.S.M. COMUNITARIO SAN ISIDRO,RIS 3,I-3,SAN ISIDRO,1668.0,2.0,7.0,1549.0,0.0,0.0,2026-05-05,1668.0,0.0,92.86570743405275,0.0,0.0,834.0,100.0,0.0,2026,4,5.0,1.0,3136.0,2.0,12.0,1568.0,43.17602040816327,3.1568877551020407,0.0,100.0,60.330671363086175,3.0162309299724175,2128.3333333333335,1.0,04
65323,2026-05-01,202605,37072,C.S.M. COMUNITARIO SAN ISIDRO,RIS 3,I-3,SAN ISIDRO,1930.0,2.0,9.0,583.0,0.0,0.0,2026-06-04,1930.0,0.0,30.207253886010363,0.0,0.0,965.0,100.0,0.0,2026,5,4.0,1.0,1668.0,2.0,7.0,834.0,92.86570743405275,0.0,0.0,100.0,75.2704706090729,3.0162309299724175,2223.6666666666665,1.0,05
65323,2026-06-01,202606,37072,C.S.M. COMUNITARIO SAN ISIDRO,RIS 3,I-3,SAN ISIDRO,1872.0,2.0,8.0,1488.0,0.0,0.0,2026-07-05,1872.0,0.0,79.48717948717949,0.0,0.0,936.0,100.0,0.0,2026,6,5.0,1.0,1930.0,2.0,9.0,965.0,30.207253886010363,0.0,0.0,100.0,55.416327242742135,1.0522959183673468,2244.6666666666665,1.0,06
65323,2026-07-01,202607,37072,C.S.M. COMUNITARIO SAN ISIDRO,RIS 3,I-3,SAN ISIDRO,1643.0,2.0,7.0,1557.0,0.0,0.0,2026-08-04,1643.0,0.0,94.76567255021303,0.0,0.0,821.5,100.0,0.0,2026,7,4.0,1.0,1872.0,2.0,8.0,936.0,79.48717948717949,0.0,0.0,100.0,67.52004693574753,0.0,1823.3333333333333,1.0,07
65323,2026-08-01,202608,37072,C.S.M. COMUNITARIO SAN ISIDRO,RIS 3,I-3,SAN ISIDRO,1336.0,1.0,7.0,405.0,0.0,0.0,2026-09-04,1336.0,0.0,30.31437125748503,0.0,0.0,1336.0,100.0,0.0,2026,8,4.0,1.0,1643.0,2.0,7.0,821.5,94.76567255021303,0.0,0.0,100.0,68.15336864113429,0.0,1815.0,1.0,08
65327,2025-12-01,202512,37078,C.S.M. COMUNITARIO MAGDALENA,RIS 2,I-3,MAGDALENA DEL MAR,3166.0,3.0,10.0,0.0,646.0,646.0,2026-01-05,3166.0,0.0,0.0,20.40429564118762,20.40429564118762,1055.3333333333333,100.0,0.0,2025,12,5.0,0.0,2026.0,2.0,7.0,1013.0,0.0,0.0,0.0,100.0,0.0,0.0,2026.0,0.0,12
65327,2026-01-01,202601,37078,C.S.M. COMUNITARIO MAGDALENA,RIS 2,I-3,MAGDALENA DEL MAR,2361.0,2.0,8.0,0.0,153.0,0.0,2026-02-06,2361.0,0.0,0.0,6.480304955527319,0.0,1180.5,100.0,0.0,2026,1,6.0,0.0,3166.0,3.0,10.0,1055.3333333333333,0.0,20.40429564118762,20.40429564118762,100.0,0.0,10.20214782059381,2596.0,0.0,01
65327,2026-02-01,202602,37078,C.S.M. COMUNITARIO MAGDALENA,RIS 2,I-3,MAGDALENA DEL MAR,2255.0,2.0,9.0,180.0,214.0,94.0,2026-03-04,2255.0,0.0,7.982261640798226,9.490022172949002,4.168514412416852,1127.5,100.0,0.0,2026,2,4.0,0.0,2361.0,2.0,8.0,1180.5,0.0,6.480304955527319,0.0,100.0,0.0,8.961533532238313,2517.6666666666665,0.0,02
65327,2026-03-01,202603,37078,C.S.M. COMUNITARIO MAGDALENA,RIS 2,I-3,MAGDALENA DEL MAR,3256.0,2.0,10.0,43.0,0.0,0.0,2026-04-05,3256.0,0.0,1.3206388206388207,0.0,0.0,1628.0,100.0,0.0,2026,3,5.0,0.0,2255.0,2.0,9.0,1127.5,7.982261640798226,9.490022172949002,4.168514412416852,100.0,2.6607538802660753,12.124874256554648,2594.0,0.0,03
65327,2026-04-01,202604,37078,C.S.M. COMUNITARIO MAGDALENA,RIS 2,I-3,MAGDALENA DEL MAR,1776.0,2.0,6.0,71.0,8.0,0.0,2026-05-05,1776.0,0.0,3.9977477477477477,0.45045045045045046,0.0,888.0,100.0,0.0,2026,4,5.0,0.0,3256.0,2.0,10.0,1628.0,1.3206388206388207,0.0,0.0,100.0,3.100966820479016,5.3234423761587735,2624.0,0.0,04
65327,2026-05-01,202605,37078,C.S.M. COMUNITARIO MAGDALENA,RIS 2,I-3,MAGDALENA DEL MAR,2287.0,1.0,7.0,73.0,143.0,0.0,2026-06-04,2287.0,0.0,3.1919545255793618,6.252732837778749,0.0,2287.0,100.0,0.0,2026,5,4.0,0.0,1776.0,2.0,6.0,888.0,3.9977477477477477,0.45045045045045046,0.0,100.0,4.4335494030615985,3.3134908744664835,2429.0,0.0,05
65327,2026-06-01,202606,37078,C.S.M. COMUNITARIO MAGDALENA,RIS 2,I-3,MAGDALENA DEL MAR,2130.0,2.0,6.0,29.0,234.0,0.0,2026-07-05,2130.0,0.0,1.3615023474178405,10.985915492957746,0.0,1065.0,100.0,0.0,2026,6,5.0,0.0,2287.0,1.0,7.0,2287.0,3.1919545255793618,6.252732837778749,0.0,100.0,2.83678036465531,2.234394429409733,2439.6666666666665,0.0,06
65327,2026-07-01,202607,37078,C.S.M. COMUNITARIO MAGDALENA,RIS 2,I-3,MAGDALENA DEL MAR,1914.0,1.0,7.0,3.0,132.0,132.0,2026-08-04,1914.0,0.0,0.15673981191222572,6.896551724137931,6.896551724137931,1914.0,100.0,0.0,2026,7,4.0,0.0,2130.0,2.0,6.0,1065.0,1.3615023474178405,10.985915492957746,0.0,100.0,2.850401540248317,5.896366260395649,2064.3333333333335,0.0,07
65327,2026-08-01,202608,37078,C.S.M. COMUNITARIO MAGDALENA,RIS 2,I-3,MAGDALENA DEL MAR,2203.0,2.0,8.0,392.0,371.0,129.0,2026-09-04,2203.0,0.0,17.79391738538357,16.84067181116659,5.855651384475715,1101.5,100.0,0.0,2026,8,4.0,1.0,1914.0,1.0,7.0,1914.0,0.15673981191222572,6.896551724137931,6.896551724137931,100.0,1.5700655616364758,8.045066684958142,2110.3333333333335,0.0,08
65337,2025-11-01,202511,37062,C.S.M. COMUNITARIO SURQUILLO,RIS 3,I-3,SURQUILLO,2226.0,1.0,7.0,2226.0,0.0,0.0,2025-12-04,2226.0,0.0,100.0,0.0,0.0,2226.0,100.0,0.0,2025,11,4.0,1.0,10.0,1.0,1.0,10.0,100.0,0.0,0.0,100.0,100.0,0.0,10.0,1.0,11
65337,2025-12-01,202512,37062,C.S.M. COMUNITARIO SURQUILLO,RIS 3,I-3,SURQUILLO,3653.0,1.0,9.0,1768.0,0.0,0.0,2026-01-05,3653.0,0.0,48.39857651245551,0.0,0.0,3653.0,100.0,0.0,2025,12,5.0,1.0,2226.0,1.0,7.0,2226.0,100.0,0.0,0.0,100.0,100.0,0.0,1118.0,1.0,12
65337,2026-01-01,202601,37062,C.S.M. COMUNITARIO SURQUILLO,RIS 3,I-3,SURQUILLO,2661.0,1.0,9.0,1480.0,359.0,119.0,2026-02-06,2661.0,0.0,55.61818865088313,13.491168733558812,4.472003006388576,2661.0,100.0,0.0,2026,1,6.0,1.0,3653.0,1.0,9.0,3653.0,48.39857651245551,0.0,0.0,100.0,82.79952550415184,0.0,1963.0,1.0,01
65337,2026-02-01,202602,37062,C.S.M. COMUNITARIO SURQUILLO,RIS 3,I-3,SURQUILLO,2730.0,1.0,9.0,1784.0,514.0,208.0,2026-03-04,2730.0,0.0,65.34798534798534,18.82783882783883,7.619047619047619,2730.0,100.0,0.0,2026,2,4.0,1.0,2661.0,1.0,9.0,2661.0,55.61818865088313,13.491168733558812,4.472003006388576,100.0,68.00558838777955,4.497056244519604,2846.6666666666665,1.0,02
65337,2026-03-01,202603,37062,C.S.M. COMUNITARIO SURQUILLO,RIS 3,I-3,SURQUILLO,3854.0,1.0,9.0,2511.0,0.0,0.0,2026-04-05,3854.0,0.0,65.15308770108977,0.0,0.0,3854.0,100.0,0.0,2026,3,5.0,1.0,2730.0,1.0,9.0,2730.0,65.34798534798534,18.82783882783883,7.619047619047619,100.0,56.454916837107994,10.77300252046588,3014.6666666666665,1.0,03
65337,2026-04-01,202604,37062,C.S.M. COMUNITARIO SURQUILLO,RIS 3,I-3,SURQUILLO,2163.0,1.0,8.0,2155.0,0.0,0.0,2026-05-05,2163.0,0.0,99.63014331946371,0.0,0.0,2163.0,100.0,0.0,2026,4,5.0,1.0,3854.0,1.0,9.0,3854.0,65.15308770108977,0.0,0.0,100.0,62.03975389998609,10.77300252046588,3081.6666666666665,1.0,04
65337,2026-06-01,202606,37062,C.S.M. COMUNITARIO SURQUILLO,RIS 3,I-3,SURQUILLO,2022.0,3.0,9.0,2006.0,0.0,0.0,2026-07-05,2022.0,0.0,99.20870425321463,0.0,0.0,674.0,100.0,0.0,2026,6,5.0,1.0,82.0,3.0,3.0,27.333333333333332,80.48780487804878,0.0,0.0,100.0,81.75701196620075,0.0,2033.0,1.0,06
65337,2026-07-01,202607,37062,C.S.M. COMUNITARIO SURQUILLO,RIS 3,I-3,SURQUILLO,1817.0,2.0,9.0,1801.0,0.0,0.0,2026-08-04,1817.0,0.0,99.11942762795817,0.0,0.0,908.5,100.0,0.0,2026,7,4.0,1.0,2022.0,3.0,9.0,674.0,99.20870425321463,0.0,0.0,100.0,93.10888415024237,0.0,1422.3333333333333,1.0,07
65337,2026-08-01,202608,37062,C.S.M. COMUNITARIO SURQUILLO,RIS 3,I-3,SURQUILLO,151.0,1.0,3.0,135.0,0.0,0.0,2026-09-04,151.0,0.0,89.40397350993378,0.0,0.0,151.0,100.0,0.0,2026,8,4.0,1.0,1817.0,2.0,9.0,908.5,99.11942762795817,0.0,0.0,100.0,92.93864558640719,0.0,1307.0,1.0,08
65351,2025-12-01,202512,37076,C.S.M. COMUNITARIO MANGOMARCA,RIS 5,I-3,SAN JUAN DE LURIGANCHO,4105.0,3.0,9.0,5.0,73.0,0.0,2026-01-05,4105.0,0.0,0.1218026796589525,1.7783191230207065,0.0,1368.3333333333333,100.0,0.0,2025,12,5.0,0.0,2592.0,3.0,7.0,864.0,8.217592592592593,17.20679012345679,10.223765432098766,100.0,8.217592592592593,17.20679012345679,2592.0,0.0,12
65351,2026-01-01,202601,37076,C.S.M. COMUNITARIO MANGOMARCA,RIS 5,I-3,SAN JUAN DE LURIGANCHO,3266.0,3.0,7.0,18.0,149.0,0.0,2026-02-06,3266.0,0.0,0.5511328842620943,4.5621555419473365,0.0,1088.6666666666667,100.0,0.0,2026,1,6.0,0.0,4105.0,3.0,9.0,1368.3333333333333,0.1218026796589525,1.7783191230207065,0.0,100.0,4.169697636125773,9.49255462323875,3348.5,0.0,01
65351,2026-02-01,202602,37076,C.S.M. COMUNITARIO MANGOMARCA,RIS 5,I-3,SAN JUAN DE LURIGANCHO,3216.0,3.0,6.0,321.0,299.0,120.0,2026-03-04,3216.0,0.0,9.98134328358209,9.29726368159204,3.7313432835820897,1072.0,100.0,0.0,2026,2,4.0,0.0,3266.0,3.0,7.0,1088.6666666666667,0.5511328842620943,4.5621555419473365,0.0,100.0,2.963509385504547,7.849088262808277,3321.0,0.0,02
65351,2026-03-01,202603,37076,C.S.M. COMUNITARIO MANGOMARCA,RIS 5,I-3,SAN JUAN DE LURIGANCHO,5479.0,3.0,7.0,523.0,200.0,0.0,2026-04-05,5479.0,0.0,9.545537506844315,3.650301149844862,0.0,1826.3333333333333,100.0,0.0,2026,3,5.0,0.0,3216.0,3.0,6.0,1072.0,9.98134328358209,9.29726368159204,3.7313432835820897,100.0,3.551426282501046,5.212579448853361,3529.0,0.0,03
65351,2026-04-01,202604,37076,C.S.M. COMUNITARIO MANGOMARCA,RIS 5,I-3,SAN JUAN DE LURIGANCHO,3063.0,2.0,8.0,24.0,461.0,282.0,2026-05-05,3063.0,0.0,0.7835455435847208,15.05060398302318,9.20666013712047,1531.5,100.0,0.0,2026,4,5.0,0.0,5479.0,3.0,7.0,1826.3333333333333,9.545537506844315,3.650301149844862,0.0,100.0,6.692671224896166,5.836573457794747,3987.0,0.0,04
65351,2026-05-01,202605,37076,C.S.M. COMUNITARIO MANGOMARCA,RIS 5,I-3,SAN JUAN DE LURIGANCHO,3254.0,2.0,8.0,189.0,812.0,58.0,2026-06-04,3254.0,0.0,5.808236017209588,24.953902888752303,1.782421634910879,1627.0,100.0,0.0,2026,5,4.0,0.0,3063.0,2.0,8.0,1531.5,0.7835455435847208,15.05060398302318,9.20666013712047,100.0,6.770142111337042,9.332722938153362,3919.3333333333335,0.0,05
65351,2026-06-01,202606,37076,C.S.M. COMUNITARIO MANGOMARCA,RIS 5,I-3,SAN JUAN DE LURIGANCHO,3041.0,2.0,8.0,52.0,295.0,0.0,2026-07-05,3041.0,0.0,1.7099638276882605,9.700756330154555,0.0,1520.5,100.0,0.0,2026,6,5.0,0.0,3254.0,2.0,8.0,1627.0,5.808236017209588,24.953902888752303,1.782421634910879,100.0,5.379106355879542,14.551602673873449,3932.0,0.0,06
65351,2026-07-01,202607,37076,C.S.M. COMUNITARIO MANGOMARCA,RIS 5,I-3,SAN JUAN DE LURIGANCHO,3266.0,2.0,8.0,78.0,382.0,197.0,2026-08-04,3266.0,0.0,2.3882424984690753,11.696264543784446,6.031843233312921,1633.0,100.0,0.0,2026,7,4.0,0.0,3041.0,2.0,8.0,1520.5,1.7099638276882605,9.700756330154555,0.0,100.0,2.767248462827523,16.568421067310013,3119.3333333333335,0.0,07
65351,2026-08-01,202608,37076,C.S.M. COMUNITARIO MANGOMARCA,RIS 5,I-3,SAN JUAN DE LURIGANCHO,3793.0,2.0,9.0,4.0,1047.0,382.0,2026-09-04,3793.0,0.0,0.10545742156604271,27.603480094911678,10.071183759557078,1896.5,100.0,0.0,2026,8,4.0,0.0,3266.0,2.0,8.0,1633.0,2.3882424984690753,11.696264543784446,6.031843233312921,100.0,3.302147447788975,15.450307920897101,3187.0,0.0,08
65370,2025-12-01,202512,37073,C.S.M. COMUNITARIO MIRONES BAJO,RIS 1,I-3,LIMA,5020.0,2.0,8.0,2023.0,265.0,265.0,2026-01-05,5020.0,0.0,40.298804780876495,5.278884462151394,5.278884462151394,2510.0,100.0,0.0,2025,12,5.0,1.0,3269.0,2.0,7.0,1634.5,23.86050780055063,64.54573263995105,19.02722545120832,100.0,23.86050780055063,64.54573263995105,3269.0,1.0,12
65370,2026-01-01,202601,37073,C.S.M. COMUNITARIO MIRONES BAJO,RIS 1,I-3,LIMA,2724.0,2.0,7.0,58.0,262.0,0.0,2026-02-06,2724.0,0.0,2.129221732745962,9.61820851688693,0.0,1362.0,100.0,0.0,2026,1,6.0,0.0,5020.0,2.0,8.0,2510.0,40.298804780876495,5.278884462151394,5.278884462151394,100.0,32.07965629071356,34.912308551051225,4144.5,1.0,01
65370,2026-02-01,202602,37073,C.S.M. COMUNITARIO MIRONES BAJO,RIS 1,I-3,LIMA,2815.0,2.0,7.0,478.0,1410.0,178.0,2026-03-04,2815.0,0.0,16.980461811722915,50.08880994671403,6.323268206039076,1407.5,100.0,0.0,2026,2,4.0,1.0,2724.0,2.0,7.0,1362.0,2.129221732745962,9.61820851688693,0.0,100.0,22.096178104724363,26.480941872996457,3671.0,0.0,02
65370,2026-03-01,202603,37073,C.S.M. COMUNITARIO MIRONES BAJO,RIS 1,I-3,LIMA,4569.0,2.0,7.0,588.0,359.0,359.0,2026-04-05,4569.0,0.0,12.869336835193696,7.857299190194791,7.857299190194791,2284.5,100.0,0.0,2026,3,5.0,1.0,2815.0,2.0,7.0,1407.5,16.980461811722915,50.08880994671403,6.323268206039076,100.0,19.802829441781792,21.661967641917453,3519.6666666666665,1.0,03
65370,2026-04-01,202604,37073,C.S.M. COMUNITARIO MIRONES BAJO,RIS 1,I-3,LIMA,2267.0,2.0,7.0,263.0,183.0,183.0,2026-05-05,2267.0,0.0,11.601235112483458,8.072342302602559,8.072342302602559,1133.5,100.0,0.0,2026,4,5.0,1.0,4569.0,2.0,7.0,2284.5,12.869336835193696,7.857299190194791,7.857299190194791,100.0,10.659673459887523,22.521439217931917,3369.3333333333335,1.0,04
65370,2026-05-01,202605,37073,C.S.M. COMUNITARIO MIRONES BAJO,RIS 1,I-3,LIMA,2482.0,2.0,7.0,493.0,421.0,0.0,2026-06-04,2482.0,0.0,19.863013698630137,16.962127316680096,0.0,1241.0,100.0,0.0,2026,5,4.0,1.0,2267.0,2.0,7.0,1133.5,11.601235112483458,8.072342302602559,8.072342302602559,100.0,13.817011253133357,22.006150479837128,3217.0,1.0,05
65370,2026-06-01,202606,37073,C.S.M. COMUNITARIO MIRONES BAJO,RIS 1,I-3,LIMA,2425.0,2.0,7.0,1090.0,0.0,0.0,2026-07-05,2425.0,0.0,44.94845360824742,0.0,0.0,1212.5,100.0,0.0,2026,6,5.0,1.0,2482.0,2.0,7.0,1241.0,19.863013698630137,16.962127316680096,0.0,100.0,14.77786188210243,10.963922936492482,3106.0,1.0,06
65370,2026-07-01,202607,37073,C.S.M. COMUNITARIO MIRONES BAJO,RIS 1,I-3,LIMA,2200.0,2.0,7.0,834.0,435.0,178.0,2026-08-04,2200.0,0.0,37.90909090909091,19.772727272727273,8.090909090909092,1100.0,100.0,0.0,2026,7,4.0,1.0,2425.0,2.0,7.0,1212.5,44.94845360824742,0.0,0.0,100.0,25.47090080645367,8.344823206427552,2391.3333333333335,1.0,07
65370,2026-08-01,202608,37073,C.S.M. COMUNITARIO MIRONES BAJO,RIS 1,I-3,LIMA,2504.0,2.0,7.0,10.0,358.0,266.0,2026-09-04,2504.0,0.0,0.3993610223642173,14.297124600638977,10.62300319488818,1252.0,100.0,0.0,2026,8,4.0,0.0,2200.0,2.0,7.0,1100.0,37.90909090909091,19.772727272727273,8.090909090909092,100.0,34.240186071989484,12.244951529802456,2369.0,1.0,08
65993,2026-04-01,202604,38137,C.S.M. COMUNITARIO LINCE,RIS 3,I-3,LINCE,2357.0,2.0,6.0,1377.0,177.0,124.0,2026-05-05,2357.0,0.0,58.4217225286381,7.5095460330929145,5.260924904539669,1178.5,100.0,0.0,2026,4,5.0,1.0,217.0,1.0,2.0,217.0,100.0,0.0,0.0,100.0,100.0,0.0,217.0,1.0,04
65993,2026-05-01,202605,38137,C.S.M. COMUNITARIO LINCE,RIS 3,I-3,LINCE,2557.0,2.0,6.0,2225.0,125.0,122.0,2026-06-04,2557.0,0.0,87.01603441533047,4.888541259288228,4.771216269065311,1278.5,100.0,0.0,2026,5,4.0,1.0,2357.0,2.0,6.0,1178.5,58.4217225286381,7.5095460330929145,5.260924904539669,100.0,79.21086126431905,3.7547730165464572,1287.0,1.0,05
65993,2026-06-01,202606,38137,C.S.M. COMUNITARIO LINCE,RIS 3,I-3,LINCE,2492.0,2.0,6.0,1182.0,268.0,0.0,2026-07-05,2492.0,0.0,47.43178170144462,10.754414125200642,0.0,1246.0,100.0,0.0,2026,6,5.0,1.0,2557.0,2.0,6.0,1278.5,87.01603441533047,4.888541259288228,4.771216269065311,100.0,81.81258564798952,4.132695764127047,1710.3333333333333,1.0,06
65993,2026-07-01,202607,38137,C.S.M. COMUNITARIO LINCE,RIS 3,I-3,LINCE,2198.0,2.0,6.0,1503.0,76.0,76.0,2026-08-04,2198.0,0.0,68.3803457688808,3.4576888080072794,3.4576888080072794,1099.0,100.0,0.0,2026,7,4.0,1.0,2492.0,2.0,6.0,1246.0,47.43178170144462,10.754414125200642,0.0,100.0,64.28984621513773,7.717500472527262,2468.6666666666665,1.0,07
65993,2026-08-01,202608,38137,C.S.M. COMUNITARIO LINCE,RIS 3,I-3,LINCE,2765.0,2.0,7.0,31.0,54.0,4.0,2026-09-04,2765.0,0.0,1.1211573236889694,1.952983725135624,0.14466546112115733,1382.5,100.0,0.0,2026,8,4.0,0.0,2198.0,2.0,6.0,1099.0,68.3803457688808,3.4576888080072794,3.4576888080072794,100.0,67.60938729521864,6.366881397498717,2415.6666666666665,1.0,08
66162,2026-06-01,202606,38440,C.S.M. COMUNITARIO NUEVA VIDA,RIS 6,I-3,SAN JUAN DE LURIGANCHO,154.0,1.0,6.0,2.0,0.0,0.0,2026-07-05,154.0,0.0,1.2987012987012987,0.0,0.0,154.0,100.0,0.0,2026,6,5.0,0.0,248.0,1.0,4.0,248.0,0.0,3.629032258064516,0.0,100.0,0.0,3.629032258064516,248.0,0.0,06
